class,filename,match,part,split,reason
Anthracnose,Soybean_Dise_54.jpg,yes,stem,ref,"The stems display dark; blackened discoloration with what appear to be black acervuli (fruiting bodies) and necrotic lesions consistent with Anthracnose infection on stem tissue."
Anthracnose,Soybean_Dise_67.jpg,yes,stem,ref,"The soybean stem shows brown to dark irregular lesions with discoloration consistent with anthracnose stem cankers; and small dark fruiting bodies (acervuli) are visible on the infected stem tissue."
Anthracnose,Soybean_Dise_30.jpg,yes,whole_plant,ref,"The image shows soybean plants with wilted; curled; and desiccated leaves along with darkened petioles showing a shepherd's crook appearance and brown necrotic tissue; consistent with Anthracnose symptoms including petiole browning; leaf curling; and premature defoliation."
Anthracnose,Soybean_Dise_55.jpg,yes,leaf,ref,"The leaf shows small reddish-brown circular lesions and the petiole exhibits a shepherd's crook appearance with dark discoloration; which are consistent with Anthracnose symptoms described including vein reddening and curling of affected leaves."
Anthracnose,Soybean_Dise_37.jpg,yes,whole_plant,ref,"The image shows a soybean field with a distinct band of dead; brown; prematurely defoliated plants consistent with anthracnose-induced premature defoliation and plant death described in the disease profile."
Anthracnose,Soybean_Dise_6.jpg,no,pod,rejected,"The image shows mature; dry soybean pods at harvest maturity with typical golden-brown coloration but lacks the characteristic dark irregular lesions; black acervuli with setae; or sunken cankers associated with Anthracnose infection."
Anthracnose,Soybean_Dise_17.jpg,yes,stem,ref,"The stems show dark; irregular lesions with black fruiting bodies (acervuli) scattered along the surface; consistent with Anthracnose symptoms including the characteristic dark spots on soybean stems alongside shriveled pods."
Anthracnose,Soybean_Dise_51.jpg,yes,stem,ref,"The stems display dark discoloration; whitish bleaching; and small black fruiting bodies (acervuli) consistent with Anthracnose infection; along with dried pods and roots visible at one end."
Anthracnose,Soybean_Dise_61.jpg,yes,stem,ref,"The image shows a stem with dark reddish-brown discoloration and hairy texture alongside leaves with reddened veins; consistent with Anthracnose symptoms including dark lesions on stems and vein reddening on leaves."
Anthracnose,Soybean_Dise_45.jpg,yes,pod,ref,"The image shows soybean pods that are shriveled; dried; and discolored with dark lesions consistent with Anthracnose infection; including the characteristic browning; shriveling; and darkening of pod tissue described in the disease profile."
Anthracnose,Soybean_Dise_23.jpg,yes,pod,ref,"The soybean pods and stem show dark irregular black lesions and discoloration consistent with Anthracnose (Colletotrichum truncatum); including the characteristic dark blotching on pod surfaces with hairy texture typical of infected soybean pods."
Anthracnose,Soybean_Dise_71.jpg,no,pod,rejected,"The image shows a dry; matured; hairy soybean pod that has naturally senesced without visible dark lesions; black acervuli; setae; or other anthracnose symptoms described in the disease profile."
Anthracnose,Soybean_Dise_63.jpg,yes,whole_plant,ref,"The image shows a soybean field with widespread premature defoliation; brown shriveled tissue; and dying branches consistent with anthracnose infection causing stem and pod blight with characteristic wilting and tissue necrosis across the canopy."
Anthracnose,Soybean_Dise_44.jpg,yes,stem,test,"The stem shows dark irregular lesions with black acervuli (fruiting bodies) and visible setae (tiny black spines) characteristic of Anthracnose infection on soybean stems."
Anthracnose,Soybean_Dise_48.jpg,yes,whole_plant,ref,"The image shows a soybean field with a distinct patch of severely wilted; brown; and prematurely defoliated plants consistent with anthracnose-related premature defoliation and canopy dieback; surrounded by healthy green plants."
Anthracnose,Soybean_Dise_66.jpg,no,pod,rejected,"The image shows mature; dry soybean pods at harvest with typical senescence browning but lacks the characteristic dark irregular lesions; black acervuli with setae; or sunken cankers associated with Anthracnose infection."
Anthracnose,Soybean_Dise_32.jpg,yes,pod,ref,"The image shows soybean stems and pods with dark black lesions; black fruiting bodies (acervuli); and discolored tissue consistent with Anthracnose symptoms including black speckling on stems and pod discoloration."
Anthracnose,Soybean_Dise_60.jpg,no,pod,rejected,"The image shows mature; dry soybean pods at harvest maturity with typical golden-brown coloration but lacks the characteristic dark irregular lesions; black acervuli with setae; or sunken cankers associated with anthracnose infection."
Anthracnose,Soybean_Dise_78.jpg,yes,stem,test,"The stems show dark; irregular lesions with numerous black fruiting bodies (acervuli) densely covering the surface; consistent with Anthracnose symptoms including crowded black structures on infected stem tissue."
Anthracnose,Soybean_Dise_10.jpg,yes,stem,test,"The stems display characteristic dark irregular lesions with numerous black acervuli (fruiting bodies) scattered across the bleached/necrotic tissue; consistent with Anthracnose symptoms described including black pycnidia-like structures on infected stem tissue."
Bacterial_Blight,Soybean_Dise_17.jpg,yes,leaf,ref,"The soybean leaves display angular; vein-limited lesions with dark necrotic centers surrounded by yellowish-green halos; consistent with bacterial blight symptoms as described."
Bacterial_Blight,Soybean_Dise_56.jpg,yes,leaf,ref,"The soybean leaves display angular; necrotic lesions surrounded by yellowish-green halos with darkened centers and some ragged tissue dropout; which are classic symptoms of bacterial blight caused by Pseudomonas savastanoi pv. glycinea."
Bacterial_Blight,Soybean_Dise_131.jpg,yes,leaf,ref,"The soybean leaves show angular; water-soaked lesions with yellowish-green halos and browning necrotic tissue consistent with bacterial blight caused by Pseudomonas savastanoi pv. glycinea."
Bacterial_Blight,Soybean_Dise_23.jpg,yes,leaf,ref,"The soybean leaves display angular; water-soaked lesions surrounded by yellowish-green halos with browning necrotic centers that merge into larger dead patches; consistent with bacterial blight caused by Pseudomonas savastanoi pv. glycinea."
Bacterial_Blight,Soybean_Dise_61.jpg,yes,leaf,ref,"The soybean leaf shows angular; necrotic lesions with browning at the edges and dead tissue that has fallen out giving a ragged; shot-hole appearance; consistent with bacterial blight symptoms where dead tissue drops out leaving irregular holes."
Bacterial_Blight,Soybean_Dise_169.jpg,yes,leaf,test,"The soybean leaf displays angular; water-soaked lesions with yellowish-green halos surrounding dark brown necrotic spots; consistent with bacterial blight symptoms as described."
Bacterial_Blight,Soybean_Dise_139.jpg,no,leaf,rejected,"The image shows numerous small; round to oval lesions with dark centers surrounded by yellow halos that are not angular or vein-limited; and the pattern is more consistent with Septoria brown spot (Septoria glycines) than bacterial blight; which typically produces angular; water-soaked lesions with yellowish-green halos and ragged tissue dropout."
Bacterial_Blight,Soybean_Dise_125.jpg,yes,leaf,test,"The leaf displays angular; vein-limited lesions with yellow-green halos surrounding dark necrotic spots that are merging into larger dead patches; consistent with bacterial blight symptoms on soybean."
Bacterial_Blight,Soybean_Dise_29.jpg,yes,leaf,test,"The leaves show angular; necrotic lesions with dead tan-brown tissue and ragged edges where tissue has fallen out; consistent with bacterial blight symptoms including large dead patches and the characteristic ragged appearance described."
Bacterial_Blight,Soybean_Dise_118.jpg,yes,leaf,skipped,"The soybean leaves show angular lesions with dead tissue that has fallen out creating a ragged appearance; consistent with bacterial blight symptoms where necrotic tissue drops out leaving irregular holes along the leaf midrib and veins."
Bacterial_Blight,Soybean_Dise_191.jpg,yes,leaf,skipped,"The leaves display angular; water-soaked lesions with yellowish-green halos that have turned brown and necrotic; merging into larger dead patches; which is consistent with the described bacterial blight symptoms."
Bacterial_Blight,Soybean_Dise_159.jpg,no,leaf,rejected,"The soybean leaves shown appear largely healthy and green with only very minor; indistinct spotting; lacking the characteristic angular water-soaked lesions; yellow-to-brown necrotic spots; yellowish-green halos; and ragged tissue dropout associated with bacterial blight."
Bacterial_Blight,Soybean_Dise_141.jpg,yes,leaf,skipped,"The soybean leaves display small; angular; water-soaked to necrotic spots with yellowish-green halos and darkened centers consistent with bacterial blight symptoms; though some lesions also resemble Septoria brown spot as noted in the description."
Bacterial_Blight,Soybean_Dise_217.jpg,yes,leaf,skipped,"The soybean leaves show angular; water-soaked lesions with yellowish-green halos surrounding darkened necrotic spots; and some ragged leaf margins where dead tissue has fallen out; all consistent with bacterial blight symptoms."
Bacterial_Blight,Soybean_Dise_176.jpg,yes,leaf,skipped,"The soybean leaves display angular; brown necrotic lesions surrounded by yellowish-green halos with dead tissue falling out giving a ragged appearance; all consistent with bacterial blight symptoms described."
Bacterial_Blight,Soybean_Dise_110.jpg,yes,leaf,skipped,"The leaf displays multiple small angular lesions with yellowish-green halos surrounding darkened necrotic centers; consistent with bacterial blight symptoms described; though some lesions also resemble brown spot; the angular; halo-ringed spots and ragged leaf margins support a bacterial blight diagnosis."
Bacterial_Blight,Soybean_Dise_157.jpg,no,whole_plant,rejected,"The image is too dark and low-resolution to clearly identify any specific disease symptoms such as angular water-soaked spots; yellow-brown lesions; or yellowish-green halos characteristic of Bacterial Blight; only general plant canopy and stems are visible."
Bacterial_Blight,Soybean_Dise_172.jpg,yes,leaf,skipped,"The soybean leaf displays multiple small; angular lesions with dark necrotic centers surrounded by yellowish-green halos; consistent with bacterial blight symptoms as described."
Bacterial_Blight,Soybean_Dise_103.jpg,yes,leaf,skipped,"The soybean leaves show small angular lesions with yellowish-green halos and water-soaked spots consistent with bacterial blight symptoms as described."
Bacterial_Blight,Soybean_Dise_9.jpg,yes,leaf,skipped,"The soybean leaves display angular; dark brown necrotic lesions surrounded by yellowish-green halos that merge into large dead patches; which are characteristic symptoms of bacterial blight as described."
Bacterial_Pustule,Soybean_Dise_75.jpg,yes,leaf,ref,"The image shows a close-up of a leaf surface with multiple dark brown necrotic lesions that have raised; pustule-like centers consistent with bacterial pustule symptoms; and under magnification the lesions appear to have irregular crack-like openings on their surfaces as described."
Bacterial_Pustule,Soybean_Dise_137.jpg,yes,leaf,ref,"The soybean leaves display numerous small reddish-brown spots with yellowish halos scattered across the upper leaf surface; consistent with bacterial pustule lesions showing minimal water-soaking and the characteristic lesion pattern described."
Bacterial_Pustule,Soybean_Dise_100.jpg,yes,leaf,ref,"The soybean leaf displays numerous small dark brown lesions with yellowish halos scattered across the surface; consistent with bacterial pustule's characteristic small spots with raised centers and surrounding chlorosis on leaf tissue."
Bacterial_Pustule,Soybean_Dise_62.jpg,yes,leaf,ref,"The close-up image shows a leaf surface with dark brown raised lesions/pustules scattered across the green tissue; consistent with bacterial pustule's characteristic small raised centers and lesions that can appear cracked under magnification."
Bacterial_Pustule,Soybean_Dise_76.jpg,no,leaf,rejected,"The leaf shows numerous yellow chlorotic spots with dark reddish-brown centers characteristic of soybean rust (Phakopsora pachyrhizi) rather than bacterial pustule; which would feature small raised pustules/blisters predominantly on the undersides of leaves without the prominent yellow halo pattern seen here."
Bacterial_Pustule,Soybean_Dise_11.jpg,yes,leaf,ref,"The close-up image shows a leaf surface with raised; blister-like pustules exhibiting cracked surfaces and brown discoloration consistent with bacterial pustule lesions as described; including the characteristic crack openings visible under magnification."
Bacterial_Pustule,Soybean_Dise_17.jpg,yes,leaf,test,"The leaf shows numerous small dark pustule-like spots scattered across the surface along with irregular brown lesions and shot-hole damage consistent with bacterial pustule infection on soybean leaves."
Bacterial_Pustule,Soybean_Dise_110.jpg,no,leaf,rejected,"The image shows a chalkboard with handwritten notes about plant disease questions; not any plant tissue exhibiting bacterial pustule symptoms."
Bacterial_Pustule,Soybean_Dise_32.jpg,yes,leaf,test,"The close-up microscopic image shows raised; dark pustule-like lesions with crack openings on the leaf surface surrounded by yellowing/browning tissue; consistent with bacterial pustule symptoms including the characteristic tan/dark bumps visible under magnification."
Bacterial_Pustule,Soybean_Dise_161.jpg,yes,leaf,test,"The leaf shows numerous small; scattered brown lesions consistent with bacterial pustule symptoms; including raised necrotic centers distributed across the leaf surface without prominent water-soaking halos; matching the described disease characteristics."
Bacterial_Pustule,Soybean_Dise_101.jpg,yes,leaf,skipped,"The soybean leaves display numerous small reddish-brown spots with yellowish halos scattered across the upper leaf surface; consistent with bacterial pustule lesions that develop into irregular brown areas on foliage."
Bacterial_Pustule,Soybean_Dise_89.jpg,yes,leaf,skipped,"The leaf displays numerous small dark brown lesions with yellow halos scattered across the surface; consistent with bacterial pustule's characteristic small spots with raised centers and surrounding chlorosis on soybean leaves."
Bacterial_Pustule,Soybean_Dise_126.jpg,yes,leaf,skipped,"The leaf displays numerous small brown lesions with yellow chlorotic halos scattered across the surface; consistent with bacterial pustule symptoms including the characteristic small spots and irregular brown areas described for this disease."
Bacterial_Pustule,Soybean_Dise_70.jpg,yes,leaf,skipped,"The leaf shows numerous small dark lesions and spots scattered across the surface with some holes where necrotic tissue has fallen out; consistent with bacterial pustule lesions that can coalesce into irregular brown areas on soybean leaves."
Bacterial_Pustule,Soybean_Dise_77.jpg,yes,leaf,skipped,"The leaf shows multiple small lesions with dark raised centers surrounded by yellow-orange halos; consistent with bacterial pustule symptoms of small spots with raised centers and chlorotic surrounds on the leaf surface."
Bacterial_Pustule,Soybean_Dise_112.jpg,no,leaf,rejected,"The leaf shows numerous dark brown to black angular necrotic lesions scattered across the surface; more consistent with bacterial blight or angular leaf spot rather than bacterial pustule; which is characterized by small light-green spots with raised tan pustules on the undersides of leaves rather than dark necrotic lesions."
Bacterial_Pustule,Soybean_Dise_65.jpg,no,leaf,rejected,"The leaf shows extensive brown/yellow necrotic spotting and shot-hole lesions consistent with bacterial blight or a fungal disease; but lacks the characteristic small raised pustules (tan bumps) on the leaf undersurface that are the hallmark of Bacterial Pustule disease."
Bacterial_Pustule,Soybean_Dise_131.jpg,yes,leaf,skipped,"The image shows a leaf with multiple small; raised brown lesions with dark centers on the leaf surface; consistent with the bacterial pustule description of small spots with raised centers and tan bumps visible under magnification."
Bacterial_Pustule,Soybean_Dise_42.jpg,yes,leaf,skipped,"The image shows a close-up of a leaf surface with multiple raised; dark brown pustule-like lesions with irregular; cracked surfaces on the leaf tissue; consistent with the bacterial pustule description of raised centers and crack openings visible under magnification."
Bacterial_Pustule,Soybean_Dise_139.jpg,yes,leaf,skipped,"The image shows a leaf with numerous small raised brown pustules/bumps on the surface along with surrounding chlorotic (yellowing) tissue; consistent with the bacterial pustule description of raised centers and tan bumps on leaf surfaces."
Bean_Pod_Mottle_virus,Soybean_Dise_9.jpg,yes,seed,ref,"The image shows soybean seeds within an open pod exhibiting dark mottled/discolored seed coats with black blotching around the hilum; consistent with the seed coat mottling symptoms described for Bean Pod Mottle virus."
Bean_Pod_Mottle_virus,Soybean_Dise_14.jpg,yes,leaf,ref,"The leaves display characteristic green-to-yellow mottling (mosaic/blotchy discoloration) and slight puckering/distortion consistent with Bean Pod Mottle Virus symptoms described."
Bean_Pod_Mottle_virus,Soybean_Dise_4.jpg,yes,seed,ref,"The image shows soybean seeds with mottled seed coats displaying characteristic black/dark discoloration around the hilum region inside an open mature pod; consistent with the seed coat mottling symptom described for Bean Pod Mottle virus."
Bean_Pod_Mottle_virus,Soybean_Dise_13.jpg,yes,leaf,ref,"The soybean leaves show characteristic green to yellow mottling; puckering; and leaf distortion consistent with Bean Pod Mottle Virus symptoms as described."
Bean_Pod_Mottle_virus,Soybean_Dise_18.jpg,yes,pod,ref,"The soybean pods display dark brown to purple mottling; discoloration; and blotchy lesions consistent with Bean Pod Mottle virus symptoms described as pod mottling and misshaping."
Bean_Pod_Mottle_virus,Soybean_Dise_3.jpg,yes,leaf,ref,"The leaf displays pronounced puckering; blistering; and dark green mottling consistent with Bean Pod Mottle Virus symptoms of leaf distortion and blotchiness described in the disease profile."
Bean_Pod_Mottle_virus,Soybean_Dise_5.jpg,yes,seed,ref,"The image shows soybean seeds with mottled seed coats displaying dark black/brown blotchy discoloration on a pale background; consistent with the seed coat mottling symptoms described for Bean Pod Mottle virus."
Bean_Pod_Mottle_virus,Soybean_Dise_8.jpg,yes,leaf,ref,"The leaves display green-to-yellow mottling and blotchiness consistent with Bean Pod Mottle Virus symptoms; along with some leaf distortion and small holes visible across the foliage."
Bean_Pod_Mottle_virus,Soybean_Dise_15.jpg,no,pod,rejected,"The image shows what appears to be an insect (likely a stink bug or similar pest) hiding among soybean pods; not plant tissue exhibiting the mottling; discoloration; or distortion symptoms characteristic of Bean Pod Mottle Virus."
Bean_Pod_Mottle_virus,Soybean_Dise_20.jpg,no,leaf,rejected,"The image shows a beetle (likely a bean leaf beetle; a known vector of Bean Pod Mottle Virus) on healthy-looking green soybean leaves with no visible viral symptoms such as mottling; yellowing; puckering; or distortion."
Bean_Pod_Mottle_virus,Soybean_Dise_7.jpg,yes,leaf,ref,"The soybean leaves display mottling; puckering; and a mosaic-like blotchy pattern consistent with Bean Pod Mottle Virus infection as described."
Bean_Pod_Mottle_virus,Soybean_Dise_19.jpg,yes,leaf,test,"The soybean leaves display characteristic green-to-yellow mottling (blotchiness) and puckering/distortion consistent with Bean Pod Mottle Virus symptoms described in the disease profile."
Bean_Pod_Mottle_virus,Soybean_Dise_10.jpg,yes,seed,ref,"The soybean seeds show distinctive dark brown/black mottling on their seed coats; which is consistent with Bean Pod Mottle virus symptoms described as seed coat mottling that is brown or black depending on hilum color."
Bean_Pod_Mottle_virus,Soybean_Dise_2.jpg,no,leaf,rejected,"The image shows a beetle (likely a bean leaf beetle; which can vector Bean Pod Mottle Virus) on healthy-looking green soybean leaves without the characteristic green-to-yellow mottling; puckering; distortion; or other viral symptoms described for Bean Pod Mottle Virus."
Bean_Pod_Mottle_virus,Soybean_Dise_11.jpg,yes,leaf,test,"The leaves display a mottled; blotchy green pattern with some puckering and uneven surface texture consistent with Bean Pod Mottle virus foliar symptoms described in the disease profile."
Bean_Pod_Mottle_virus,Soybean_Dise_6.jpg,no,leaf,rejected,"The image shows mechanical insect feeding damage (holes and ragged leaf edges) rather than the green-to-yellow mottling; puckering; or distortion characteristic of Bean Pod Mottle virus infection."
Bean_Pod_Mottle_virus,Soybean_Dise_16.jpg,no,leaf,rejected,"The image shows leaves with numerous shot-hole type feeding damage (circular holes with brown edges); which is characteristic of insect feeding injury rather than the green-to-yellow mottling; puckering; and distortion associated with Bean Pod Mottle Virus."
Bean_Pod_Mottle_virus,Soybean_Dise_17.jpg,yes,leaf,test,"The soybean leaves display a characteristic mottled; blotchy green pattern with some puckering and uneven texture consistent with Bean Pod Mottle Virus foliar symptoms described in the disease description."
Bean_Pod_Mottle_virus,Soybean_Dise_1.jpg,yes,leaf,skipped,"The leaves show characteristic mottling; blotchiness; puckering; and distortion consistent with Bean Pod Mottle Virus symptoms described; including the green-to-yellow mosaic pattern on the foliage."
Bean_Pod_Mottle_virus,Soybean_Dise_12.jpg,yes,leaf,skipped,"The soybean leaves display characteristic green-to-yellow mottling; puckering; and distortion consistent with Bean Pod Mottle Virus symptoms as described."
Brown_Stem_Rot,Soybean_Dise_131.jpg,yes,whole_plant,ref,"The image shows soybean plants with wilted; necrotic foliage; browning at the stem bases; and decayed tissue consistent with Brown Stem Rot affecting the lower stems and causing leaf death while leaves remain attached."
Brown_Stem_Rot,Soybean_Dise_110.jpg,yes,leaf,ref,"The soybean leaf shows classic Brown Stem Rot foliar symptoms including interveinal necrosis with tissue between veins turning brown while tissue adjacent to veins remains green; along with leaf curling and death while remaining attached."
Brown_Stem_Rot,Soybean_Dise_93.jpg,yes,leaf,ref,"The soybean leaves display classic Brown Stem Rot foliar symptoms including interveinal chlorosis (yellowing between veins) and necrotic brown lesions with green tissue remaining adjacent to veins; and the split stem visible in the image shows the characteristic brown pith discoloration consistent with BSR infection."
Brown_Stem_Rot,Soybean_Dise_22.jpg,yes,stem,ref,"The image shows soybean stems split lengthwise revealing internal browning of the pith and vascular tissue at the nodes; which is characteristic of Brown Stem Rot as described."
Brown_Stem_Rot,Soybean_Dise_154.jpg,yes,leaf,ref,"The leaves display classic Brown Stem Rot foliar symptoms including interveinal necrosis and chlorosis where tissue between veins has turned brown while tissue adjacent to veins remains green/yellow; along with leaf curling and death while remaining attached to the plant."
Brown_Stem_Rot,Soybean_Dise_103.jpg,yes,stem,ref,"The split stem clearly shows internal browning and discoloration of the pith and vascular tissue; which is the hallmark symptom of Brown Stem Rot as described."
Brown_Stem_Rot,Soybean_Dise_157.jpg,yes,stem,ref,"The image shows stems split lengthwise revealing browning of the internal pith tissue; which is a hallmark symptom of Brown Stem Rot as described; contrasting with the green external stem appearance."
Brown_Stem_Rot,Soybean_Dise_126.jpg,yes,whole_plant,ref,"The soybean field shows interveinal chlorosis and necrosis with leaf curling and browning consistent with Brown Stem Rot foliar symptoms; while pods and stems are also visible throughout the canopy."
Brown_Stem_Rot,Soybean_Dise_146.jpg,yes,stem,ref,"The split stems clearly show internal browning of the pith and vascular tissue characteristic of Brown Stem Rot; consistent with the described symptom of brown discoloration visible when stems are split lengthwise."
Brown_Stem_Rot,Soybean_Dise_29.jpg,yes,leaf,ref,"The soybean leaves display characteristic interveinal chlorosis and necrotic mottling with reddish-brown discoloration between the veins while tissue near veins remains green; consistent with Brown Stem Rot foliar symptoms; along with leaf curling visible on affected upper leaves."
Brown_Stem_Rot,Soybean_Dise_153.jpg,yes,stem,ref,"The split stem clearly shows internal browning of the pith and vascular tissue at the node region; consistent with Brown Stem Rot symptoms where infected stems display brown pith internally while the exterior appears relatively healthy."
Brown_Stem_Rot,Soybean_Dise_171.jpg,yes,stem,test,"The image shows soybean stems split lengthwise revealing characteristic brown discoloration of the pith and vascular tissue; with the top stem showing healthy white pith for comparison; which is consistent with Brown Stem Rot symptoms as described."
Brown_Stem_Rot,Soybean_Dise_18.jpg,yes,leaf,ref,"The soybean leaves display classic Brown Stem Rot symptoms including interveinal chlorosis (yellowing between veins) and necrotic brown lesions with green tissue remaining adjacent to veins; and the split stems visible in the background show internal brown pith discoloration consistent with BSR."
Brown_Stem_Rot,Soybean_Dise_87.jpg,yes,stem,test,"The split stem clearly shows internal browning of the pith and vascular tissue consistent with Brown Stem Rot; where the normally white pith has turned dark brown; matching the described diagnostic symptom of internal pith discoloration when stems are split lengthwise."
Brown_Stem_Rot,Soybean_Dise_132.jpg,yes,stem,test,"The image shows a split soybean stem revealing brown discoloration of the internal pith tissue; which is the hallmark diagnostic symptom of Brown Stem Rot as described."
Brown_Stem_Rot,Soybean_Dise_71.jpg,yes,stem,skipped,"The image shows soybean stems split lengthwise revealing brown discoloration of the pith and vascular tissue at the nodes; which is a classic diagnostic symptom of Brown Stem Rot as described."
Brown_Stem_Rot,Soybean_Dise_198.jpg,yes,leaf,skipped,"The soybean leaves display interveinal chlorosis and necrotic lesions (tissue between veins dying while tissue near veins remains green) consistent with the foliar symptoms of Brown Stem Rot as described."
Brown_Stem_Rot,Soybean_Dise_139.jpg,no,whole_plant,rejected,"The image shows a mostly healthy soybean field canopy with only minor leaf spotting; there is no visible interveinal chlorosis; necrosis; leaf curling; or evidence of stem pith browning consistent with Brown Stem Rot."
Brown_Stem_Rot,Soybean_Dise_112.jpg,yes,leaf,skipped,"The leaf displays classic Brown Stem Rot foliar symptoms including interveinal necrosis and chlorosis (brown tissue between veins with green tissue remaining adjacent to veins) along with leaf curling; consistent with the described disease."
Brown_Stem_Rot,Soybean_Dise_92.jpg,yes,stem,skipped,"The image shows a stem split lengthwise revealing internal brown discoloration of the pith tissue; which is a hallmark symptom of Brown Stem Rot as described."
Cercospora,Soybean_Dise_12.jpg,yes,leaf,ref,"The leaf displays reddish-purple to bronze discoloration with coalescing necrotic spots on the upper surface; consistent with Cercospora leaf blight symptoms described as light purple spots expanding to reddish-purple or bronze with a leathery sunburned appearance."
Cercospora,Soybean_Dise_33.jpg,yes,seed,ref,"The soybean seeds display purple to reddish-brown discoloration on the seed coats; consistent with Cercospora seed staining caused by Cercospora kikuchii as described in the disease profile."
Cercospora,Soybean_Dise_98.jpg,yes,leaf,ref,"The leaf shows reddish-purple to bronze discoloration with dark spots coalescing across the leaf surface; consistent with Cercospora leaf blight symptoms described as reddish-purple or bronze discoloration with a leathery appearance on soybean leaves."
Cercospora,Soybean_Dise_107.jpg,yes,leaf,ref,"The leaf shows numerous reddish-brown to purple-bronze spots scattered across the surface that coalesce into larger necrotic areas with yellowing; consistent with Cercospora leaf blight symptoms described as reddish-purple discoloration and red-brown spots on leaf surfaces."
Cercospora,Soybean_Dise_93.jpg,yes,leaf,ref,"The leaf shows extensive reddish-brown to bronze discoloration with necrotic areas coalescing across the leaf surface; consistent with the leathery sunburned appearance and red-brown spots described for Cercospora leaf blight."
Cercospora,Soybean_Dise_113.jpg,no,pod,rejected,"The image shows an opened soybean pod with seeds displaying some purple/brown discoloration on the seed coats; but does not clearly show the characteristic Cercospora leaf symptoms (reddish-purple or bronze foliar discoloration with leathery sunburned appearance) described in the disease profile."
Cercospora,Soybean_Dise_43.jpg,yes,leaf,ref,"The leaf shows reddish-brown to bronze discoloration with coalescing necrotic spots across the upper surface; consistent with Cercospora leaf blight's characteristic leathery sunburned appearance with reddish-purple bronzing."
Cercospora,Soybean_Dise_71.jpg,yes,leaf,test,"The soybean leaves display reddish-purple to bronze discoloration with a leathery sunburned appearance and scattered red-brown spots coalescing into larger necrotic areas; consistent with Cercospora leaf blight symptoms described."
Cercospora,Soybean_Dise_53.jpg,no,leaf,rejected,"The leaves show insect feeding damage (holes) and small brown spots but lack the characteristic reddish-purple to bronze discoloration or leathery sunburned appearance associated with Cercospora leaf blight."
Cercospora,Soybean_Dise_72.jpg,yes,leaf,test,"The soybean leaves display reddish-purple to dark brown spots that coalesce into larger necrotic areas on the upper leaf surfaces; consistent with Cercospora leaf blight symptoms as described."
Cercospora,Soybean_Dise_10.jpg,yes,leaf,test,"The soybean leaves show characteristic reddish-purple to bronze discoloration with dark spots coalescing across the leaf surface; consistent with Cercospora leaf blight symptoms described as reddish-purple or bronze discoloration giving a leathery sunburned appearance."
Cercospora,Soybean_Dise_96.jpg,no,pod,rejected,"The image shows mature; dried soybean pods with brown discoloration consistent with natural senescence or possibly pod and stem blight; not the characteristic reddish-purple or bronze foliar lesions and seed coat discoloration typical of Cercospora leaf blight."
Cercospora,Soybean_Dise_65.jpg,yes,leaf,skipped,"The soybean leaves show reddish-purple to bronze discoloration with coalescing necrotic areas and the characteristic leathery sunburned appearance consistent with Cercospora leaf blight symptoms described."
Cercospora,Soybean_Dise_68.jpg,yes,seed,ref,"The soybean seeds display characteristic purple/reddish-brown discoloration on the seed coats; consistent with Cercospora seed staining (purple seed stain caused by Cercospora kikuchii) as described in the disease profile."
Cercospora,Soybean_Dise_36.jpg,yes,seed,ref,"The soybean seeds display purple to dark brown discoloration on the seed coats; consistent with Cercospora seed staining caused by Cercospora kikuchii infection as described in the disease profile."
Cercospora,Soybean_Dise_61.jpg,yes,leaf,skipped,"The leaf displays reddish-purple to brown spots and necrotic areas with yellowing that coalesce across the leaf surface; consistent with Cercospora leaf blight symptoms described as red-brown spots expanding into large necrotic regions."
Cercospora,Soybean_Dise_77.jpg,yes,leaf,skipped,"The soybean leaves show reddish-purple to bronze discoloration with necrotic lesions and holes consistent with Cercospora leaf blight symptoms described; including the characteristic banded/leathery sunburned appearance on the upper leaf surfaces."
Cercospora,Soybean_Dise_127.jpg,yes,leaf,skipped,"The soybean leaf displays reddish-purple to bronze discoloration with a leathery sunburned appearance on the upper leaf surface; consistent with Cercospora leaf blight symptoms described."
Cercospora,Soybean_Dise_115.jpg,yes,leaf,skipped,"The leaves display extensive reddish-brown to bronze discoloration with numerous dark spots coalescing into large necrotic areas on the upper leaf surfaces; consistent with Cercospora leaf blight symptoms described as reddish-purple or bronze discoloration with a sunburned appearance."
Cercospora,Soybean_Dise_21.jpg,yes,seed,ref,"The soybean seeds display characteristic purple/reddish-brown discoloration on their seed coats; consistent with Cercospora seed staining caused by Cercospora kikuchii; which causes pink to purple discoloration on seed coats as described."
Charcoal_Rot,Soybean_Dise_78.jpg,yes,whole_plant,ref,"The image shows soybean plants with characteristic wilting; browning; and desiccation of leaves and stems consistent with Charcoal Rot; with affected plants showing stunted; collapsed lower stems alongside healthy green plants in the same field row."
Charcoal_Rot,Soybean_Dise_49.jpg,yes,stem,ref,"The stems show the characteristic gray-bleached surface with numerous small black specks (microsclerotia) beneath and on the epidermis; and the split stems reveal internal discoloration consistent with the charcoal-sprinkled appearance described for Charcoal Rot."
Charcoal_Rot,Soybean_Dise_116.jpg,yes,stem,ref,"The image shows a stem cross-section with numerous small black specks (microsclerotia) scattered beneath the epidermis and within the tissue; along with grayish discoloration; which is characteristic of the charcoal-sprinkled appearance described for Charcoal Rot."
Charcoal_Rot,Soybean_Dise_115.jpg,yes,stem,ref,"The split soybean stems show characteristic white to gray pith with numerous small black specks (microsclerotia) scattered throughout the internal tissues; consistent with the charcoal-sprinkled appearance and vascular discoloration described for Charcoal Rot."
Charcoal_Rot,Soybean_Dise_10.jpg,yes,whole_plant,ref,"The field shows soybean plants with widespread wilting; yellowing; premature defoliation; and desiccated lower stems consistent with charcoal rot; which causes plant senescence; wilting; and stem deterioration characteristic of Macrophomina phaseolina infection under hot; dry stress conditions."
Charcoal_Rot,Soybean_Dise_108.jpg,yes,stem,ref,"The stem shows the characteristic light gray; bleached appearance with darkened streaks and small black specks (microsclerotia) beneath the epidermis; consistent with the charcoal-sprinkled appearance described for Charcoal Rot."
Charcoal_Rot,Soybean_Dise_73.jpg,yes,stem,ref,"The image shows a stem cross-section with numerous small black specks (microsclerotia) scattered beneath the epidermis and within the tissue; along with grayish discoloration; which is characteristic of the charcoal-sprinkled appearance described for Charcoal Rot."
Charcoal_Rot,Soybean_Dise_51.jpg,yes,stem,test,"The split stem shows the characteristic light gray/silver discoloration with small black specks (microsclerotia) scattered throughout the internal tissues; consistent with the charcoal-sprinkled appearance described for Charcoal Rot."
Charcoal_Rot,Soybean_Dise_94.jpg,yes,stem,test,"The split stem sections show the characteristic white-gray pith with small black specks (microsclerotia) and dark streaking within the vascular tissue; consistent with the charcoal-sprinkled appearance and marbled cross-section described for Charcoal Rot."
Charcoal_Rot,Soybean_Dise_57.jpg,yes,stem,test,"The researcher is examining a soybean stem/plant sample showing wilting; yellowing; and the characteristic desiccated; bleached stem appearance consistent with Charcoal Rot infection in a field with widespread premature senescence."
Charcoal_Rot,Soybean_Dise_76.jpg,yes,whole_plant,ref,"The soybean plants in the foreground show yellowing; wilting; and stunted growth consistent with charcoal rot infection; which causes interveinal chlorosis; leaf scorch; and overall plant decline under drought-stressed conditions as seen in the cracked soil environment."
Charcoal_Rot,Soybean_Dise_77.jpg,yes,stem,skipped,"The split stem cross-section shows the characteristic light gray/silvery internal tissue with dark black specks (microsclerotia) scattered throughout the pith and vascular tissue; consistent with the charcoal-sprinkled appearance described for Charcoal Rot."
Charcoal_Rot,Soybean_Dise_9.jpg,no,leaf,rejected,"The image shows leaves with yellow mosaic patterns and dark brown angular lesions characteristic of a foliar disease such as bacterial pustule or frogeye leaf spot; not the charcoal-sprinkled microsclerotia and gray streaking on stems/roots characteristic of Charcoal Rot."
Charcoal_Rot,Soybean_Dise_27.jpg,yes,stem,skipped,"The image shows a stem cross-section with numerous small black specks (microsclerotia) scattered beneath the epidermis and throughout the tissue; along with gray mycelial streaking; which is characteristic of the charcoal-sprinkled appearance described for Charcoal Rot."
Charcoal_Rot,Soybean_Dise_47.jpg,yes,whole_plant,ref,"The image shows soybean plants exhibiting wilting; stunting; and browning consistent with Charcoal Rot; with dead and collapsed plants alongside apparently healthy ones; reflecting the characteristic field pattern of this soilborne disease."
Charcoal_Rot,Soybean_Dise_52.jpg,yes,whole_plant,ref,"The image shows soybean plants with wilting; browning; and collapse at the base consistent with Charcoal Rot; where infected plants exhibit stunting; brown discoloration of lower stems and roots; and death of plant tissues at the soil line characteristic of Macrophomina phaseolina infection."
Charcoal_Rot,Soybean_Dise_38.jpg,yes,stem,skipped,"The image shows a cross-section of plant stem tissue with numerous small black specks (microsclerotia) distributed beneath the epidermis against a grayish background; consistent with the charcoal-sprinkled appearance characteristic of Charcoal Rot caused by Macrophomina phaseolina."
Charcoal_Rot,Soybean_Dise_56.jpg,yes,whole_plant,skipped,"The image shows soybean plants exhibiting wilting; browning; and premature desiccation consistent with Charcoal Rot; with lower stem discoloration and plant collapse typical of Macrophomina phaseolina infection under drought stress conditions."
Charcoal_Rot,Soybean_Dise_40.jpg,yes,whole_plant,skipped,"The image shows soybean plants with wilting; browning; and desiccation consistent with charcoal rot; with dead/collapsed plant tissue amid otherwise green plants; matching the wilt and stunting symptoms described for Charcoal Rot."
Charcoal_Rot,Soybean_Dise_99.jpg,yes,stem,skipped,"The split soybean stem displays the characteristic gray-white pith with dark streaking and small black microsclerotia visible internally; consistent with charcoal rot's marbled; charcoal-sprinkled appearance in the lower stem."
Diaporthe,Soybean_Dise_52.jpg,yes,stem,ref,"The image shows soybean stems with dark brown to black discoloration and numerous small black pycnidia (raised specks) visible on the stem surface; consistent with Diaporthe stem canker symptoms."
Diaporthe,Soybean_Dise_164.jpg,no,leaf,rejected,"The image shows leaves with yellowing; browning; and insect feeding damage (holes); but lacks the characteristic black pycnidia in linear rows on stems or pods that are diagnostic for Diaporthe stem canker."
Diaporthe,Soybean_Dise_270.jpg,no,leaf,rejected,"The image shows healthy green soybean leaves with only minor insect feeding holes and no black pycnidia; linear rows of specks; or stem/pod symptoms characteristic of Diaporthe infection."
Diaporthe,Soybean_Dise_116.jpg,no,leaf,rejected,"The image primarily shows necrotic; yellowed-brown leaves with marginal and interveinal browning rather than the characteristic black pycnidia in linear rows on stems and pods that are diagnostic for Diaporthe (pod and stem blight)."
Diaporthe,Soybean_Dise_60.jpg,yes,pod,ref,"The image shows severely blighted; dried; and darkened soybean pods with browning and necrosis consistent with Diaporthe (pod and stem blight) infection during pod maturation."
Diaporthe,Soybean_Dise_195.jpg,no,whole_plant,rejected,"The image shows a soybean field with only yellowing/chlorosis on leaves but no visible black pycnidia in linear rows on stems or pods; which are the hallmark symptoms of Diaporthe."
Diaporthe,Soybean_Dise_133.jpg,yes,stem,ref,"The stem shows numerous small black raised specks (pycnidia) arranged in a pattern consistent with Diaporthe; with the whitish/bleached stem coloration and dark fruiting bodies characteristic of this disease."
Diaporthe,Soybean_Dise_128.jpg,no,leaf,rejected,"The image shows leaves with yellowing; interveinal chlorosis; and small brown spots; but lacks the characteristic black pycnidia in linear rows on stems or pods that are diagnostic of Diaporthe stem canker."
Diaporthe,Soybean_Dise_26.jpg,yes,stem,ref,"The image shows a dried soybean stem with small black pycnidia arranged in linear rows along the stem surface; consistent with Diaporthe (Pod and Stem Blight) as described."
Diaporthe,Soybean_Dise_27.jpg,yes,pod,ref,"The soybean pods display brown discoloration and surface lesions consistent with Diaporthe (pod and stem blight) infection; with characteristic browning and necrotic areas on the hairy pod surface typical of this pathogen."
Diaporthe,Soybean_Dise_229.jpg,no,leaf,rejected,"The image shows predominantly healthy green soybean leaves without the characteristic black raised pycnidia in linear rows on stems or pods that are diagnostic of Diaporthe infection."
Diaporthe,Soybean_Dise_232.jpg,yes,stem,ref,"The image shows a soybean stem with scattered black pycnidia (small raised black specks) on a tan/brown necrotic stem surface covered with trichomes; consistent with Diaporthe stem canker symptoms."
Diaporthe,Soybean_Dise_29.jpg,no,leaf,rejected,"The image shows yellowing and necrotic leaves with insect feeding damage holes; but lacks the characteristic black pycnidia in linear rows on stems or pods that are diagnostic of Diaporthe (Pod and Stem Blight)."
Diaporthe,Soybean_Dise_207.jpg,no,leaf,rejected,"The image shows leaves with yellowing; browning; and small necrotic spots; but does not display the characteristic linear rows of black pycnidia on stems or pods that are the hallmark of Diaporthe (pod and stem blight)."
Diaporthe,Soybean_Dise_32.jpg,yes,stem,ref,"The soybean stem shows a distinct brown discoloration and necrotic lesion consistent with Diaporthe stem blight; with the characteristic transition from healthy green tissue to darkened; deteriorating stem tissue covered in trichomes."
Diaporthe,Soybean_Dise_91.jpg,no,whole_plant,rejected,"The image shows a soybean field with dead/dried plant material intermixed with green growth; but lacks the characteristic visible black pycnidia in linear rows on stems or pods that are diagnostic of Diaporthe stem canker."
Diaporthe,Soybean_Dise_259.jpg,no,leaf,rejected,"The image shows soybean leaves with insect feeding damage (holes) and some yellowing/spotting; but lacks the characteristic black pycnidia in linear rows on stems or pods that are diagnostic of Diaporthe (pod and stem blight)."
Diaporthe,Soybean_Dise_8.jpg,no,leaf,rejected,"The image shows soybean leaves with yellowing and minor spotting but lacks the characteristic black pycnidia in linear rows on stems or pods that are diagnostic for Diaporthe (pod and stem blight)."
Diaporthe,Soybean_Dise_84.jpg,no,leaf,rejected,"The image shows soybean leaves with some yellowing; small spots; and a desiccated/dead leaflet; but does not show the characteristic linear rows of black pycnidia on stems or pods that are diagnostic of Diaporthe stem canker."
Diaporthe,Soybean_Dise_103.jpg,yes,whole_plant,ref,"The image shows a focal area of dead; wilted; and collapsed soybean plants amid healthy green plants; consistent with Diaporthe stem blight causing plant death with characteristic stem and pod involvement in a localized field pattern."
Downy_mildew,Soybean_Dise_75.jpg,yes,leaf,ref,"The leaf shows small yellow spots on the upper surface consistent with the early light green to yellow lesions characteristic of downy mildew infection described in the disease profile."
Downy_mildew,Soybean_Dise_137.jpg,yes,leaf,ref,"The soybean leaves display numerous pale yellow-green spots on the upper leaf surfaces consistent with the early downy mildew symptom description of small light green to yellow spots enlarging across the leaf surface."
Downy_mildew,Soybean_Dise_100.jpg,no,leaf,rejected,"The leaf shows only a minor mechanical or insect damage spot and lacks the characteristic pale yellow lesions; browning; or tan/gray fungal tufts on the undersurface that are diagnostic of downy mildew."
Downy_mildew,Soybean_Dise_62.jpg,yes,leaf,ref,"The soybean leaves display small light green to pale yellow spots scattered across the upper leaf surface; consistent with the early foliar symptoms of downy mildew as described."
Downy_mildew,Soybean_Dise_76.jpg,yes,leaf,ref,"The soybean leaf shows small light green to yellow spots with brown necrotic centers on the upper surface; consistent with the early lesion symptoms of downy mildew as described."
Downy_mildew,Soybean_Dise_11.jpeg,yes,leaf,ref,"The soybean leaves display small; scattered pale yellow-green spots on the upper leaf surfaces; consistent with the early lesion symptoms of downy mildew as described."
Downy_mildew,Soybean_Dise_17.jpg,yes,leaf,test,"The leaf underside shows yellowish-green chlorotic spots and small reddish-brown lesions consistent with downy mildew infection; matching the described light green to yellow spots on leaf surfaces."
Downy_mildew,Soybean_Dise_110.jpg,yes,leaf,test,"The image shows pale; light green to yellowish discolored patches on the leaf surface with small dark sporulating masses (tan to gray fungal tufts) visible; consistent with downy mildew symptoms described."
Downy_mildew,Soybean_Dise_32.jpg,yes,leaf,test,"The soybean leaf displays numerous small; pale yellow-green spots scattered across the upper surface; consistent with the early light green to yellow lesions characteristic of downy mildew infection."
Downy_mildew,Soybean_Dise_161.jpg,yes,leaf,skipped,"The soybean leaves display numerous small yellow-green spots scattered across the upper leaf surface; consistent with the early light green to yellow lesions characteristic of downy mildew infection."
Downy_mildew,Soybean_Dise_101.jpg,yes,leaf,skipped,"The soybean leaf displays small; bright yellow-green spots on the upper leaf surface consistent with the early light green to yellow lesions characteristic of downy mildew infection."
Downy_mildew,Soybean_Dise_89.jpg,yes,leaf,skipped,"The soybean leaves display numerous small yellow-green spots scattered across the upper leaf surfaces; consistent with the early light green to pale yellow lesions characteristic of downy mildew infection."
Downy_mildew,Soybean_Dise_126.jpg,no,leaf,rejected,"The leaf shows only minor small yellowish spots and physical holes/damage but lacks the characteristic pale yellow to brown lesions and tan-to-gray fungal tufts on the lower leaf surface that are diagnostic of downy mildew."
Downy_mildew,Soybean_Dise_70.jpg,yes,leaf,skipped,"The soybean leaf shows small pale yellow-green spots on the upper leaf surface consistent with early downy mildew lesions as described in the disease profile."
Downy_mildew,Soybean_Dise_77.jpg,no,leaf,rejected,"The leaves show insect feeding holes (shot-hole damage) and small yellow-red spots inconsistent with downy mildew; which is characterized by pale yellow lesions and tan-to-gray fungal tufts on the undersides of leaves rather than discrete puncture holes and reddish spotting."
Downy_mildew,Soybean_Dise_112.jpg,yes,leaf,skipped,"The soybean leaf shows small yellowish spots scattered across the upper leaf surface consistent with the early light green to yellow lesions described for downy mildew; and the undersurface view in background leaves also shows discoloration typical of this disease."
Downy_mildew,Soybean_Dise_65.jpg,yes,leaf,skipped,"The leaves display small yellow-green chlorotic spots scattered across the upper leaf surface that are coalescing into irregular pale areas; consistent with the described downy mildew symptoms of light green to yellow spots on upper leaf surfaces."
Downy_mildew,Soybean_Dise_131.jpg,yes,leaf,skipped,"The leaf underside shows whitish; fluffy tufts of fungal growth (sporangiophores) scattered across the surface; which is characteristic of downy mildew caused by Peronospora manshurica on soybean."
Downy_mildew,Soybean_Dise_42.jpg,yes,leaf,skipped,"The leaf upper surface shows multiple small yellow to pale green spots scattered across the green tissue; consistent with the early lesions of downy mildew as described."
Downy_mildew,Soybean_Dise_139.jpg,yes,leaf,skipped,"The image shows the underside of a leaf with scattered pale yellowish spots and small whitish tufts of fungal growth consistent with downy mildew sporulation; along with numerous small reddish-brown lesions characteristic of this disease."
Frogeye_leaf_spot,Soybean_Dise_2.jpg,yes,leaf,ref,"The soybean leaves show numerous small lesions with dark borders and lighter gray-brown centers scattered across the foliage; consistent with the frogeye leaf spot description of circular lesions with reddish-brown margins and gray centers; along with the irregular holes where necrotic tissue has fallen out."
Frogeye_leaf_spot,Soybean_Dise_93.jpg,yes,leaf,ref,"The soybean leaves display numerous small; circular lesions with reddish-brown borders and lighter gray-to-tan centers; consistent with the classic frogeye leaf spot symptoms described."
Frogeye_leaf_spot,Soybean_Dise_78.jpg,yes,leaf,ref,"The leaf displays multiple small; circular lesions with gray to tan centers and distinct reddish-brown borders; which are characteristic symptoms of Frogeye leaf spot caused by Cercospora sojina."
Frogeye_leaf_spot,Soybean_Dise_258.jpg,yes,pod,ref,"The soybean pod displays dark; circular to irregular brown lesions with defined margins on the pod surface; consistent with frogeye leaf spot symptoms described as affecting pods with dark-bordered lesions."
Frogeye_leaf_spot,Soybean_Dise_103.jpg,yes,leaf,ref,"The soybean leaf displays numerous small circular lesions with gray centers and reddish-brown to purple margins scattered across the leaf surface; which is consistent with the classic frogeye leaf spot symptoms described."
Frogeye_leaf_spot,Soybean_Dise_6.jpg,yes,leaf,ref,"The leaf shows multiple small; circular lesions with gray-brown centers and darker reddish-brown borders; some of which have dropped out creating shot-holes; consistent with frogeye leaf spot symptoms caused by Cercospora sojina."
Frogeye_leaf_spot,Soybean_Dise_81.jpg,yes,leaf,test,"The soybean leaf displays numerous small; circular lesions with gray centers and distinct reddish-brown borders; which are classic symptoms of Frogeye leaf spot caused by Cercospora sojina."
Frogeye_leaf_spot,Soybean_Dise_7.jpg,no,seed,rejected,"The image shows germinating seeds/seedlings held in a hand with no visible leaf lesions; gray centers; or reddish-brown borders characteristic of Frogeye leaf spot disease."
Frogeye_leaf_spot,Soybean_Dise_107.jpg,yes,pod,ref,"The soybean pod displays circular to irregular dark brown lesions with concentric ring patterns on the pod surface; consistent with frogeye leaf spot symptoms described as affecting pods with dark; reddish-brown bordered lesions."
Frogeye_leaf_spot,Soybean_Dise_21.jpg,yes,leaf,test,"The leaf shows multiple small; circular lesions with light gray-tan centers and dark reddish-brown borders; which are characteristic of frogeye leaf spot caused by Cercospora sojina."
Frogeye_leaf_spot,Soybean_Dise_52.jpg,no,pod,rejected,"The image shows mature; dried soybean pods with dark blotchy discoloration; which does not match the characteristic frogeye leaf spot symptoms of small circular gray lesions with reddish-brown borders on foliar tissue."
Frogeye_leaf_spot,Soybean_Dise_145.jpg,yes,leaf,test,"The leaf displays multiple small; circular lesions with dark brown to reddish-brown borders and lighter gray-brown centers; consistent with the classic frogeye leaf spot symptoms described for soybean."
Frogeye_leaf_spot,Soybean_Dise_99.jpg,yes,leaf,skipped,"The leaf shows small circular lesions with grayish centers and darker borders; consistent with frogeye leaf spot symptoms; along with scattered small spots some showing yellowing halos typical of this disease."
Frogeye_leaf_spot,Soybean_Dise_57.jpg,yes,leaf,skipped,"The leaf shows numerous circular to irregular lesions with gray to light-brown centers and distinct reddish-brown to dark margins; consistent with frogeye leaf spot symptoms as described."
Frogeye_leaf_spot,Soybean_Dise_79.jpg,yes,leaf,skipped,"The soybean leaf displays multiple small; circular to irregular lesions with dark reddish-brown borders and lighter gray-brown centers; consistent with the characteristic frogeye leaf spot symptoms described."
Frogeye_leaf_spot,Soybean_Dise_60.jpg,yes,leaf,skipped,"The soybean leaves display multiple small circular lesions with dark reddish-brown borders and lighter gray-tan centers that are characteristic of frogeye leaf spot; with some lesions dropping out to leave shot-holes as they age."
Frogeye_leaf_spot,Soybean_Dise_176.jpg,yes,leaf,skipped,"The soybean leaves display numerous small circular to irregular lesions with gray-to-light-brown centers and reddish-brown margins; some of which have dropped out creating shot-holes; consistent with frogeye leaf spot caused by Cercospora sojina."
Frogeye_leaf_spot,Soybean_Dise_208.jpg,yes,leaf,skipped,"The leaf displays multiple small; circular to irregular lesions with dark brown to reddish-brown borders and lighter gray-brown centers; consistent with the characteristic frogeye leaf spot symptoms described."
Frogeye_leaf_spot,Soybean_Dise_61.jpg,no,leaf,rejected,"The leaf appears largely healthy and green with no visible gray lesions with reddish-brown borders characteristic of frogeye leaf spot; only a minor dark spot is faintly visible; insufficient to confirm the disease."
Frogeye_leaf_spot,Soybean_Dise_83.jpg,no,leaf,rejected,"The leaf shows some minor spotting but is predominantly occupied by a beetle (likely a bean leaf beetle); and the spots visible do not clearly show the characteristic gray centers with reddish-brown borders typical of frogeye leaf spot."
Fusarium,Soybean_Dise_87.jpg,no,whole_plant,rejected,"The plants appear healthy and uniformly green with no visible symptoms of Fusarium such as stunting; root rot; vascular browning; leaf chlorosis; wilting; or upper leaf scorching."
Fusarium,Soybean_Dise_63.jpg,yes,whole_plant,ref,"The image shows soybean plants with visible wilting; yellowing; and collapse of lower leaves on some plants amid otherwise healthy-looking plants; consistent with Fusarium wilt symptoms including chlorosis; withering; and plant death scattered throughout the field."
Fusarium,Soybean_Dise_66.jpg,yes,whole_plant,ref,"The uprooted plant displays wilting stem tips; some chlorotic/yellowing leaves; and exposed roots that appear discolored; which are consistent with Fusarium wilt symptoms including vascular browning; poor root development; and foliar chlorosis."
Fusarium,Soybean_Dise_18.jpg,no,stem,rejected,"The image shows split soybean stems with massive black sclerotia-like structures; which is more consistent with Charcoal Rot (Macrophomina phaseolina) rather than Fusarium; which typically causes brown vascular discoloration without such prominent black external masses."
Fusarium,Soybean_Dise_4.jpg,yes,stem,ref,"The image shows plant stems with visible internal browning/discoloration and deterioration of vascular tissue on the right side; consistent with Fusarium wilt's characteristic brown vascular tissue in stems; while the left side still shows green healthy-appearing stem for comparison."
Fusarium,Soybean_Dise_33.jpg,yes,whole_plant,ref,"The soybean plants show symptoms consistent with Fusarium wilt; including wilting of stem tips; lower canopy leaf yellowing and withering; and overall stunted/stressed appearance with some plants exhibiting drooping foliage near the soil line."
Fusarium,Soybean_Dise_10.jpg,yes,stem,ref,"The image shows wilting/curling of stem tips with browning; consistent with Fusarium wilt symptoms including stem tip wilting described in the disease profile."
Fusarium,Soybean_Dise_71.jpg,yes,stem,ref,"The split stems reveal brown to dark brown vascular discoloration and internal decay consistent with Fusarium wilt's characteristic brown vascular tissue in roots and stems."
Fusarium,Soybean_Dise_23.jpg,yes,root,ref,"The image shows severely rotted root/crown tissue with dark brown-to-black discoloration; decay of root tissue; and internal browning consistent with Fusarium root rot symptoms described."
Fusarium,Soybean_Dise_64.jpg,yes,whole_plant,ref,"The image shows soybean plants with wilting stem tips; yellowing/chlorotic leaves; and dried withered foliage consistent with Fusarium wilt symptoms including upper leaf scorching and lower canopy leaf withering and drop."
Fusarium,Soybean_Dise_67.jpg,no,pod,rejected,"The image primarily shows a soybean pod with white mold-like decay and lesions; which is more consistent with Sclerotinia white mold or another pod rot rather than the vascular browning; root rot; foliar chlorosis; and stem tip wilting characteristic of Fusarium."
Fusarium,Soybean_Dise_19.jpg,yes,whole_plant,ref,"The image shows soybean plants with wilted; desiccated tissue and yellowing/chlorotic leaves consistent with Fusarium wilt symptoms including stem tip wilting and leaf scorching/withering described in the disease profile."
Fusarium,Soybean_Dise_57.jpg,no,whole_plant,rejected,"The plants shown appear largely healthy with green leaves and no visible symptoms consistent with Fusarium such as vascular browning; root rot; leaf scorching; chlorosis; or wilting typical of Fusarium wilt or root rot."
Fusarium,Soybean_Dise_77.jpg,no,whole_plant,rejected,"The plants shown appear largely healthy and green with no visible symptoms of Fusarium wilt such as leaf scorching; chlorosis; wilting of stem tips; or brown vascular discoloration consistent with the described disease."
Fusarium,Soybean_Dise_56.jpg,yes,stem,ref,"The split stem cross-sections show brown to dark discoloration of the internal vascular tissue; consistent with Fusarium vascular wilt causing brown vascular discoloration in roots and stems as described."
Fusarium,Soybean_Dise_91.jpg,yes,root,ref,"The split root/stem cross-section shows brown discoloration of the vascular tissue consistent with Fusarium wilt; along with poor nodulation and root decay characteristic of Fusarium infection."
Fusarium,Soybean_Dise_54.jpg,yes,stem,ref,"The split stems show internal browning and discoloration of the vascular tissue; consistent with Fusarium vascular rot symptoms described as brown vascular tissue in roots and stems."
Fusarium,Soybean_Dise_47.jpg,no,root,rejected,"The image shows extensive black; necrotic masses with dark sclerotia-like structures on the roots and stem base; which is more consistent with Rhizoctonia or Sclerotinia infection rather than Fusarium's characteristic reddish-brown vascular discoloration without external decay above the soil line."
Fusarium,Soybean_Dise_69.jpg,yes,stem,test,"The split stems show brown discoloration of the internal vascular tissue; consistent with Fusarium vascular browning described in the disease profile."
Fusarium,Soybean_Dise_37.jpg,yes,whole_plant,test,"The soybean plants show yellowing/chlorosis of lower canopy leaves and some wilting consistent with Fusarium wilt symptoms described; including interveinal chlorosis and leaf drop in the middle-lower canopy while upper leaves remain green."
Green_stem_disorder,Soybean_Dise_65.jpg,no,pod,rejected,"The image shows mature; dry; fully senesced soybean pods and stems with no evidence of green stem disorder; the plant appears to have undergone normal senescence with brown; dried pods and stems rather than retaining green coloration."
Green_stem_disorder,Soybean_Dise_363.jpg,yes,whole_plant,ref,"The image shows a mature soybean field where most plants have fully senesced and dried; but one plant retains green stems and leaves; which is characteristic of Green Stem Disorder where individual plants remain green while neighboring plants have matured."
Green_stem_disorder,Soybean_Dise_40.jpg,yes,whole_plant,ref,"The field shows soybean plants with a mix of green and yellowing leaves at what appears to be late maturity; with some plants retaining green stems and excessive foliage while neighboring plants are senescing; consistent with green stem disorder symptoms."
Green_stem_disorder,Soybean_Dise_320.jpg,no,pod,rejected,"The image shows fully matured; dry; brown soybean pods and stems at harvest maturity with no evidence of green stem retention; excessive green leaves; or the characteristic green/moist stems associated with Green Stem Disorder."
Green_stem_disorder,Soybean_Dise_109.jpg,yes,whole_plant,ref,"The image shows soybean plants where stems on the left remain green and moist while pods have matured and dried; and the plant on the right shows fully senesced brown stems; consistent with Green Stem Disorder where part of the plant stays green while neighboring plants or plant parts mature normally."
Green_stem_disorder,Soybean_Dise_100.jpg,no,pod,rejected,"The image shows mature; dry; brown soybean pods at harvest maturity with fully senesced plant material; which is the opposite of Green Stem Disorder where stems and foliage remain abnormally green while neighbors senesce."
Green_stem_disorder,Soybean_Dise_324.jpg,yes,pod,ref,"The image shows soybean stems remaining green and moist with pods at varying stages; some still green while others mature; consistent with Green Stem Disorder where stems and pods retain greenness while surrounding plant material has senesced."
Green_stem_disorder,Soybean_Dise_278.jpg,yes,pod,ref,"The image shows a soybean stem that remains green and moist while the pods have matured and dried (brown; hairy); which is consistent with green stem disorder where stems stay green while pods mature normally."
Green_stem_disorder,Soybean_Dise_406.jpg,no,pod,rejected,"The image shows dry; fully matured and senesced soybean pods and stems with no green coloration remaining; which is the opposite of Green Stem Disorder where stems and plant parts remain green and moist at maturity."
Green_stem_disorder,Soybean_Dise_233.jpg,yes,stem,ref,"The image shows soybean stems remaining green and moist while the surrounding pods and plant material have matured and senesced; which is characteristic of Green Stem Disorder."
Green_stem_disorder,Soybean_Dise_81.jpg,yes,whole_plant,ref,"The image shows a soybean field at harvest maturity where most plants have fully senesced and dried; but some plants retain green stems and leaves consistent with Green Stem Disorder symptoms described."
Green_stem_disorder,Soybean_Dise_374.jpg,yes,whole_plant,ref,"The soybean field shows a mix of green-retained and yellowing plants with some stems and leaves remaining green while others are senescing; consistent with the patchy green stem disorder symptom pattern described."
Green_stem_disorder,Soybean_Dise_219.jpg,yes,whole_plant,test,"The image shows a strip of soybean plants retaining green stems and leaves while surrounding plants in the field have fully senesced and turned brown; which is characteristic of Green Stem Disorder."
Green_stem_disorder,Soybean_Dise_373.jpg,no,pod,rejected,"The image shows mature; fully senesced brown soybean pods on a largely dried plant; which is the opposite of Green Stem Disorder where stems and plant tissue remain abnormally green while pods mature."
Green_stem_disorder,Soybean_Dise_319.jpg,no,whole_plant,rejected,"The image shows a mature soybean field at harvest with fully senesced; brown/dry stems; pods; and leaves with no evidence of green stem retention or excessive retained green leaves characteristic of Green Stem Disorder; though some stems appear green due to lighting."
Green_stem_disorder,Soybean_Dise_215.jpg,yes,whole_plant,test,"The image shows a soybean plant with green stems and retained green leaves remaining while the surrounding field plants have fully senesced and dried; which is characteristic of Green Stem Disorder."
Green_stem_disorder,Soybean_Dise_87.jpg,yes,whole_plant,test,"The image shows a soybean field at harvest maturity where one plant retains green stems and leaves while surrounding plants have fully senesced and dried; which is characteristic of Green Stem Disorder."
Green_stem_disorder,Soybean_Dise_357.jpg,yes,stem,ref,"The image shows soybean stems remaining green and moist while the surrounding pods and foliage have matured and senesced; which is consistent with the green stem disorder description."
Green_stem_disorder,Soybean_Dise_198.jpg,no,pod,rejected,"The image shows mature; dry; brown soybean pods at normal harvest maturity with no green stems or retained green tissue characteristic of Green Stem Disorder; the stem appears green but the pods are fully senesced and dry; not showing the hallmark green retention symptoms described."
Green_stem_disorder,Soybean_Dise_352.jpg,yes,stem,ref,"The image shows soybean stems remaining green and moist while surrounding pods and plant material have matured and senesced; which is consistent with the green stem disorder description."
Phomopsis,Soybean_Dise_18.jpg,no,pod,rejected,"The image shows mature soybean pods and stem with brown discoloration; but the primary focus is on pods rather than seeds exhibiting the cracked; shriveled; dull; gray-mold-covered appearance characteristic of Phomopsis seed decay."
Phomopsis,Soybean_Dise_20.jpg,yes,pod,ref,"The soybean pod displays characteristic Phomopsis symptoms including dark; circular lesions with pycnidia (fungal fruiting bodies) visible as ring-like structures on the bleached; deteriorated pod surface; consistent with Phomopsis pod and stem blight."
Phomopsis,Soybean_Dise_14.jpg,yes,pod,ref,"The opened pod reveals a shriveled; discolored seed with whitish-gray mold growth and dark lesions on the pod interior; consistent with Phomopsis seed decay symptoms."
Phomopsis,Soybean_Dise_34.jpg,yes,pod,ref,"The opened soybean pods reveal seeds that appear shriveled; discolored with dark/gray moldy patches; and show characteristic Phomopsis seed decay symptoms consistent with the disease description."
Phomopsis,Soybean_Dise_6.jpg,yes,pod,ref,"The soybean pods show the characteristic circular lesions and discoloration on the pod walls consistent with Phomopsis seed decay; with some seeds visible that appear shriveled and damaged."
Phomopsis,Soybean_Dise_27.jpg,yes,seed,ref,"The image shows soybean seeds that are shriveled; discolored; dull; and appear to have whitish-gray mold growth on their surfaces; consistent with Phomopsis seed decay symptoms."
Phomopsis,Soybean_Dise_4.jpg,yes,seed,ref,"The open soybean pod reveals a seed covered with grayish-white mold and showing discoloration consistent with Phomopsis seed decay symptoms described."
Phomopsis,Soybean_Dise_32.jpg,yes,seed,ref,"The opened soybean pod reveals seeds showing gray mold growth; discoloration; shriveling; and dark lesions consistent with Phomopsis seed decay symptoms described."
Phomopsis,Soybean_Dise_3.jpg,yes,pod,ref,"The soybean pods shown display dark brown to black discoloration; shriveling; and deterioration consistent with Phomopsis seed decay; where pod walls show the characteristic darkening and molding associated with this fungal disease."
Phomopsis,Soybean_Dise_33.jpg,yes,pod,test,"The soybean pods show browning; shriveling; and dark lesions consistent with Phomopsis seed decay; which typically manifests on pods and causes the described seed damage within."
Phomopsis,Soybean_Dise_5.jpg,no,pod,rejected,"The image shows dry; mature soybean pods on the stem rather than individual seeds with the characteristic cracked; shriveled; dull; or gray-mold-covered appearance described for Phomopsis seed decay."
Phomopsis,Soybean_Dise_19.jpg,no,pod,rejected,"The image shows soybean pods with yellowing and some discoloration; but does not display the characteristic cracked; shriveled; dull seeds with gray mold described for Phomopsis seed decay; instead; intact pods are visible."
Phomopsis,Soybean_Dise_2.jpg,yes,pod,test,"The image shows a soybean pod that has cracked open at the tip with visible browning and shriveling inside; consistent with Phomopsis seed decay causing pod and seed damage."
Phomopsis,Soybean_Dise_35.jpg,no,pod,rejected,"The image shows a hairy soybean pod with a beetle (likely a lady beetle) on it; with no visible symptoms of Phomopsis such as cracked; shriveled; or mold-covered seeds."
Phomopsis,Soybean_Dise_17.jpg,yes,pod,test,"The soybean pods shown are dried; discolored with dark blotching; and appear shriveled with poor seed fill; consistent with Phomopsis seed decay symptoms affecting the pod and seeds within."
Phomopsis,Soybean_Dise_28.jpg,yes,pod,skipped,"The soybean pods show brown discoloration; dark lesions with concentric ring patterns; and shriveling consistent with Phomopsis pod and seed decay disease symptoms."
Phomopsis,Soybean_Dise_24.jpg,yes,seed,ref,"The image shows soybean pods opened to reveal seeds that are shriveled; discolored; cracked; and covered with grayish mold; consistent with Phomopsis seed decay symptoms described."
Phomopsis,Soybean_Dise_9.jpg,yes,seed,ref,"The seeds show characteristic Phomopsis symptoms including shriveled; dull appearance with white/gray mold coating and discoloration consistent with the described disease."
Phomopsis,Soybean_Dise_15.jpg,yes,pod,skipped,"The soybean pods show circular lesions with dark borders characteristic of Phomopsis pod and stem blight; with browning; discoloration; and pycnidia-like structures consistent with Phomopsis sojae infection."
Phomopsis,Soybean_Dise_31.jpg,yes,pod,skipped,"The soybean pods show characteristic Phomopsis lesions with circular pycnidia (small dark fruiting bodies with concentric rings) visible on the pod surface; along with discoloration and browning consistent with Phomopsis pod and stem blight infection."
Phyllosticta_leaf_spot,Soybean_Dise_154.jpg,yes,leaf,ref,"The image shows a green leaf with an irregularly shaped dark brown/tan necrotic lesion near the leaf margin; consistent with Phyllosticta leaf spot symptoms including the dark; irregular lesion boundaries typical of this disease."
Phyllosticta_leaf_spot,Soybean_Dise_22.jpg,yes,leaf,ref,"The soybean leaves display small; irregularly shaped tan/brownish necrotic lesions with darker margins; consistent with Phyllosticta leaf spot symptoms as described."
Phyllosticta_leaf_spot,Soybean_Dise_42.jpg,yes,leaf,ref,"The image shows a leaf with irregular tan/brownish necrotic lesions along the margin with a yellowish-green halo transition zone; consistent with Phyllosticta leaf spot symptoms including the presence of small dark pycnidia visible within the lesion."
Phyllosticta_leaf_spot,Soybean_Dise_18.jpg,yes,leaf,ref,"The leaf displays irregularly shaped brownish/tan necrotic lesions with darker margins and small pycnidia-like spots scattered across the lamina; consistent with Phyllosticta leaf spot symptoms."
Phyllosticta_leaf_spot,Soybean_Dise_52.jpg,yes,leaf,ref,"The image shows irregularly shaped tan/brownish necrotic lesions with darker margins scattered across the leaf surface; consistent with Phyllosticta leaf spot symptoms described as irregularly shaped tan/brownish lesions with purplish/dark margins."
Phyllosticta_leaf_spot,Soybean_Dise_103.jpg,yes,leaf,test,"The soybean leaf displays a discrete lesion with a necrotic dark/purplish margin surrounding a tan-white center; consistent with Phyllosticta leaf spot symptoms described."
Phyllosticta_leaf_spot,Soybean_Dise_281.jpg,yes,leaf,test,"The leaf displays irregularly shaped tan/brown necrotic lesions with a yellow-green halo transition zone; consistent with Phyllosticta leaf spot; and small dark pycnidia are visible within the lesion."
Phyllosticta_leaf_spot,Soybean_Dise_107.jpg,yes,leaf,test,"The leaf displays multiple irregularly shaped tan/pinkish-brown lesions with distinct dark purplish-brown margins; consistent with Phyllosticta leaf spot symptoms as described."
Phyllosticta_leaf_spot,Soybean_Dise_45.jpg,yes,leaf,skipped,"The soybean leaf displays irregularly shaped tan/brown necrotic lesions with darker margins consistent with Phyllosticta leaf spot; along with the characteristic yellowing halo around the lesions."
Phyllosticta_leaf_spot,Soybean_Dise_142.jpg,yes,leaf,skipped,"The image shows leaf lesions with tan/brown necrotic centers; darker margins; yellow halos; and visible pycnidia (black dots) within the lesions; which are characteristic symptoms of Phyllosticta leaf spot."
Phyllosticta_leaf_spot,Soybean_Dise_17.jpg,yes,leaf,skipped,"The leaf displays irregularly shaped tan/brownish necrotic lesions with darker (purplish-brown) margins; consistent with Phyllosticta leaf spot symptoms described in the disease profile."
Phyllosticta_leaf_spot,Soybean_Dise_202.jpg,yes,leaf,skipped,"The soybean leaves display irregularly shaped tan/brownish necrotic lesions with darker margins consistent with Phyllosticta leaf spot symptoms as described."
Phyllosticta_leaf_spot,Soybean_Dise_195.jpg,yes,leaf,skipped,"The leaf displays irregularly shaped tan/brownish necrotic lesions with darker margins scattered across the blade; consistent with Phyllosticta leaf spot symptoms as described."
Phyllosticta_leaf_spot,Soybean_Dise_50.jpg,yes,leaf,skipped,"The soybean leaf displays a tan/pale lesion with a dark brown-to-black irregular border and surrounding yellow halo; consistent with Phyllosticta leaf spot symptoms as described."
Phyllosticta_leaf_spot,Soybean_Dise_144.jpg,yes,leaf,skipped,"The soybean leaves display irregularly shaped tan/brownish necrotic lesions with darker (purplish-brown) margins; consistent with Phyllosticta leaf spot symptoms as described."
Phyllosticta_leaf_spot,Soybean_Dise_3.jpg,no,leaf,rejected,"The image shows irregular silvery-white skeletonized patches that appear to be insect feeding damage (likely bean leaf beetle or similar defoliator) rather than the tan/brownish lesions with purplish margins characteristic of Phyllosticta leaf spot."
Phyllosticta_leaf_spot,Soybean_Dise_264.jpg,yes,leaf,skipped,"The soybean leaves display irregularly shaped brownish lesions with darker margins consistent with Phyllosticta leaf spot; visible especially on the lower canopy leaf on the left side of the image."
Phyllosticta_leaf_spot,Soybean_Dise_280.jpg,yes,leaf,skipped,"The image shows irregularly shaped tan/brownish necrotic lesions with a yellowish-green halo on a leaf; consistent with Phyllosticta leaf spot symptoms including the characteristic lesion coloration and irregular margins."
Phyllosticta_leaf_spot,Soybean_Dise_266.jpg,yes,leaf,skipped,"The leaf displays multiple irregularly shaped brownish/dark necrotic lesions scattered across the green surface; consistent with Phyllosticta leaf spot symptoms."
Phyllosticta_leaf_spot,Soybean_Dise_74.jpg,yes,leaf,skipped,"The image shows leaves with irregularly shaped tan/brownish necrotic lesions with darker margins; consistent with Phyllosticta leaf spot symptoms; along with yellowing and tissue dropout characteristic of this disease."
Phytophthora,Soybean_Dise_60.jpg,yes,stem,ref,"The image shows dark brown to chocolate-brown discoloration extending along the stem tissue; consistent with Phytophthora stem discoloration symptoms described as extending several nodes up the stem."
Phytophthora,Soybean_Dise_29.jpg,yes,whole_plant,ref,"The soybean plant shows characteristic Phytophthora symptoms including dark discoloration of the lower stem extending upward from the soil line; wilting with leaves remaining attached; and a collapsed/deteriorating plant structure consistent with the described diagnostic features."
Phytophthora,Soybean_Dise_27.jpg,yes,stem,ref,"The image shows dark brown to black discoloration on the lower stems of soybean plants extending upward from the soil line; which is consistent with the characteristic chocolate-brown stem discoloration diagnostic of Phytophthora root and stem rot; along with yellowing lower leaves still attached to the plant."
Phytophthora,Soybean_Dise_24.jpg,yes,whole_plant,ref,"The image shows a soybean field with a distinct patch of yellowing; wilting; and dying plants with collapsed stems consistent with Phytophthora root and stem rot; which typically causes these characteristic circular or irregular areas of plant death and stunting within an otherwise healthy field."
Phytophthora,Soybean_Dise_26.jpg,yes,pod,ref,"The image shows a soybean plant near the soil line with dark stem discoloration; wilting; and collapsed tissue consistent with Phytophthora root and stem rot; though pods are prominently visible the stem browning and plant collapse are the key diagnostic indicators."
Phytophthora,Soybean_Dise_2.jpg,yes,whole_plant,ref,"The plant shows characteristic Phytophthora symptoms including dark basal stem discoloration extending upward from the soil line; widespread wilting; and brown necrotic leaves that remain attached to the plant after death."
Phytophthora,Soybean_Dise_38.jpg,yes,root,ref,"The image shows severely rotted; darkened roots and lower stem tissue with extensive brown discoloration and degradation of lateral and tap roots; consistent with Phytophthora root and stem rot symptoms described."
Phytophthora,Soybean_Dise_4.jpg,yes,whole_plant,ref,"The image shows a plant with severe wilting; brown and desiccated leaves remaining attached to green stems; and overall collapse consistent with Phytophthora-induced wilt and stem rot symptoms described."
Phytophthora,Soybean_Dise_8.jpg,yes,stem,ref,"The central soybean plant displays dark brown stem discoloration extending from the soil line upward through several nodes; which is the hallmark diagnostic symptom of Phytophthora root and stem rot."
Phytophthora,Soybean_Dise_9.jpg,yes,whole_plant,ref,"The image shows soybean plants with characteristic Phytophthora root and stem rot symptoms including yellowing; wilting; and brown lower stem discoloration with leaves remaining attached on collapsed plants; consistent with the described disease pattern."
Phytophthora,Soybean_Dise_28.jpg,yes,whole_plant,test,"The image shows soybean plants with characteristic Phytophthora root and stem rot symptoms including yellowing and wilting leaves that remain attached; progressive browning from the lower stem upward; and complete plant collapse consistent with the described disease."
Phytophthora,Soybean_Dise_18.jpg,yes,whole_plant,test,"The image shows a soybean field with a distinct area of stunted; wilting; and dying plants consistent with Phytophthora root and stem rot; which characteristically causes localized patches of plant death with yellowing and collapse in field conditions."
Phytophthora,Soybean_Dise_30.jpg,no,whole_plant,rejected,"The plants appear healthy and green without the characteristic dark chocolate-brown stem discoloration; root rot; yellowing; or wilting symptoms associated with Phytophthora root and stem rot."
Phytophthora,Soybean_Dise_55.jpg,yes,whole_plant,test,"The image shows soybean plants with dark discoloration at the lower stem near the soil line; yellowing and necrotic leaves remaining attached; and general wilting consistent with Phytophthora root and stem rot symptoms described."
Phytophthora,Soybean_Dise_45.jpg,yes,whole_plant,skipped,"The image shows soybean plants with characteristic dark chocolate-brown stem discoloration extending upward from the soil line; wilting and necrotic leaves remaining attached; and overall plant collapse consistent with Phytophthora root and stem rot."
Phytophthora,Soybean_Dise_42.jpg,yes,whole_plant,skipped,"The image shows soybean plants with characteristic Phytophthora symptoms including dark brown stem discoloration extending from the soil line upward; lower leaf wilting and necrosis with dead tissue remaining attached; and visible root/stem rot at the base; consistent with the described disease profile."
Phytophthora,Soybean_Dise_50.jpg,yes,whole_plant,skipped,"The soybean plant shows characteristic Phytophthora symptoms including lower stem discoloration; wilting with yellowing leaves that remain attached; and a collapsed lower stem region consistent with the described chocolate-brown stem rot extending from the soil line upward."
Phytophthora,Soybean_Dise_12.jpg,yes,whole_plant,skipped,"The image shows soybean plants with characteristic Phytophthora root and stem rot symptoms including dark brown stem discoloration extending upward from the soil line; severely rotted and degraded root systems; and wilted/dead leaves remaining attached to the plant."
Phytophthora,Soybean_Dise_36.jpg,no,whole_plant,rejected,"The image shows a wide-angle view of a soybean field with generally green; healthy-looking plants and no visible diagnostic symptoms of Phytophthora such as chocolate-brown stem discoloration; root rot; yellowing/wilting leaves; or plant collapse."
Phytophthora,Soybean_Dise_57.jpg,yes,stem,ref,"The image shows soybean stems with dark brown discoloration extending upward from the soil line; consistent with the chocolate-brown stem lesion characteristic of Phytophthora root and stem rot."
Powdery_Mildew,Soybean_Dise_24.jpg,yes,leaf,ref,"The leaf shows characteristic white; powdery patches coalescing on the surface along with small dark spots (cleistothecia); which are consistent with powdery mildew infection as described."
Powdery_Mildew,Soybean_Dise_20.jpg,yes,leaf,ref,"The leaves display a characteristic white; powdery coating covering the entire leaf surface; consistent with powdery mildew infection as described."
Powdery_Mildew,Soybean_Dise_18.jpg,yes,leaf,ref,"The leaf displays characteristic white; powdery circular patches scattered across its surface; consistent with early-stage powdery mildew infection as described."
Powdery_Mildew,Soybean_Dise_9.jpg,yes,leaf,ref,"The leaf shows white; powdery fungal growth coating the surface along with yellowing and dark lesions; which is consistent with powdery mildew symptoms described; including white powdery patches coalescing across the leaf surface."
Powdery_Mildew,Soybean_Dise_3.jpg,yes,leaf,ref,"The leaves display characteristic white; powdery patches scattered across the leaf surfaces; consistent with powdery mildew infection as described."
Powdery_Mildew,Soybean_Dise_15.jpg,yes,leaf,test,"The leaves show a characteristic white to gray powdery coating covering much of the leaf surfaces; consistent with powdery mildew infection as described."
Powdery_Mildew,Soybean_Dise_14.jpg,yes,whole_plant,ref,"The left portion of the field shows plants with a grayish-white powdery coating on the foliage consistent with powdery mildew; contrasting with the healthy green plants on the right side."
Powdery_Mildew,Soybean_Dise_19.jpg,no,leaf,rejected,"The image shows dark necrotic lesions surrounded by yellow halos on the leaf; which is characteristic of a fungal disease like frogeye leaf spot or soybean rust; not powdery mildew which would present as white; powdery coating on the leaf surface."
Powdery_Mildew,Soybean_Dise_23.jpg,yes,whole_plant,ref,"The plant displays the characteristic white; powdery fungal coating covering the leaf surfaces extensively; with leaf distortion and curling consistent with severe powdery mildew infection as described."
Powdery_Mildew,Soybean_Dise_6.jpg,yes,leaf,test,"The leaves display a classic white to gray powdery coating covering large portions of the leaf surfaces; consistent with powdery mildew infection as described."
Powdery_Mildew,Soybean_Dise_2.jpg,yes,leaf,test,"The leaves show characteristic white; powdery patches scattered across the leaf surface that are coalescing; consistent with powdery mildew infection as described."
Powdery_Mildew,Soybean_Dise_26.jpg,yes,leaf,skipped,"The lower leaves in the center pot show white; powdery patches characteristic of powdery mildew infection as described in the disease profile."
Powdery_Mildew,Soybean_Dise_10.jpg,yes,leaf,skipped,"The soybean leaves show white to gray powdery patches on the leaf surfaces along with small dark lesions; consistent with powdery mildew infection as described."
Powdery_Mildew,Soybean_Dise_22.jpg,yes,leaf,skipped,"The leaves display characteristic white; powdery fungal growth (mycelia) coating the leaf surface along with numerous small dark spots (cleistothecia); consistent with powdery mildew infection."
Powdery_Mildew,Soybean_Dise_7.jpg,yes,leaf,skipped,"The leaf shows white; powdery patches on its surface along with small dark lesions; which is consistent with powdery mildew infection as described; including the characteristic white powdery coating that appears in patches across the leaf."
Powdery_Mildew,Soybean_Dise_21.jpg,no,leaf,rejected,"The leaves appear healthy and uniformly green with no visible white powdery coating; gray patches; yellowing; or other symptoms consistent with powdery mildew infection."
Powdery_Mildew,Soybean_Dise_11.jpg,yes,leaf,skipped,"The leaf shows white powdery fungal patches along the veins consistent with powdery mildew; along with the characteristic yellow halos and dark necrotic spots that align with the described symptoms of white to gray powdery patches and leaf yellowing/scorching."
Powdery_Mildew,Soybean_Dise_25.jpg,yes,leaf,skipped,"The leaf shows characteristic white powdery patches consistent with powdery mildew; along with yellowing and dark necrotic spots that match the description of white to gray powdery coatings with leaf yellowing and scorching."
Powdery_Mildew,Soybean_Dise_8.jpg,yes,leaf,skipped,"The leaves display a characteristic white to gray powdery coating covering large portions of the leaf surfaces; consistent with powdery mildew infection as described."
Powdery_Mildew,Soybean_Dise_13.jpg,yes,leaf,skipped,"The leaves show whitish; powdery-looking patches and a dusty coating on their surfaces; consistent with early powdery mildew infection as described."
Purple_Seed_Stain,Soybean_Dise_5.jpg,yes,seed,ref,"The soybean seeds display characteristic pink to purple blotches and discoloration consistent with Purple Seed Stain caused by Cercospora kikuchii; with varying degrees of purple pigmentation across the seed surfaces."
Purple_Seed_Stain,Soybean_Dise_4.jpg,yes,pod,ref,"The opened soybean pod clearly shows a seed with a distinct purple/violet blotch discoloration consistent with Purple Seed Stain caused by Cercospora kikuchii; matching the described pink to purple spots on seed surfaces."
Purple_Seed_Stain,Soybean_Dise_13.jpg,yes,seed,ref,"The soybean seeds display characteristic pink to purple discoloration and blotching consistent with Purple Seed Stain caused by Cercospora kikuchii; with some seeds showing extensive purple staining while others appear relatively normal."
Purple_Seed_Stain,Soybean_Dise_18.jpg,yes,seed,ref,"The soybean seeds in the image display characteristic pink to purple blotching and discoloration covering portions of the seed surface; consistent with Purple Seed Stain caused by Cercospora kikuchii."
Purple_Seed_Stain,Soybean_Dise_14.jpg,yes,seed,ref,"The image shows soybean seeds with characteristic purple to dark discoloration consistent with Purple Seed Stain; with some seeds displaying the pink-to-purple blotching described in the disease profile; alongside severely affected seeds that have turned nearly black."
Purple_Seed_Stain,Soybean_Dise_16.jpg,yes,seed,ref,"The opened soybean pod clearly shows a seed with a distinct purple/violet discoloration blotch on its surface; consistent with the pink-to-purple seed staining symptoms described for Purple Seed Stain disease caused by Cercospora kikuchii."
Purple_Seed_Stain,Soybean_Dise_8.jpg,yes,seed,test,"The soybean seeds display characteristic pink-to-purple blotching and discoloration consistent with Purple Seed Stain caused by Cercospora kikuchii; with some seeds showing extensive purple staining and others showing early-stage speckling."
Purple_Seed_Stain,Soybean_Dise_15.jpg,yes,seed,test,"The soybean seeds in the image display characteristic pink-to-purple blotchy discoloration consistent with Purple Seed Stain caused by Cercospora kikuchii; matching the described symptoms of purple spots and blotches on the seed surface."
Purple_Seed_Stain,Soybean_Dise_2.jpg,yes,seed,test,"The seeds display characteristic pink to purple blotchy discoloration extending from the hilum area; consistent with Purple Seed Stain disease caused by Cercospora kikuchii."
Purple_Seed_Stain,Soybean_Dise_7.jpg,yes,seed,skipped,"The soybean seeds in the image show characteristic pink to purple blotching and discoloration consistent with Purple Seed Stain caused by Cercospora kikuchii; with some seeds nearly entirely covered in purple pigmentation."
Purple_Seed_Stain,Soybean_Dise_10.jpg,yes,seed,skipped,"The seeds display characteristic pink to purple blotches and discoloration extending from the hilum area; consistent with Purple Seed Stain disease symptoms caused by Cercospora kikuchii."
Purple_Seed_Stain,Soybean_Dise_3.jpg,yes,seed,skipped,"The soybean seeds display characteristic pink-to-purple blotchy discoloration consistent with Purple Seed Stain; with some seeds showing extensive purple staining and one severely blackened seed typical of Cercospora kikuchii infection."
Purple_Seed_Stain,Soybean_Dise_11.jpg,yes,seed,skipped,"The soybean seeds in the image display characteristic pink-to-purple blotchy discoloration on their surfaces; consistent with the Purple Seed Stain disease description caused by Cercospora kikuchii."
Purple_Seed_Stain,Soybean_Dise_6.jpg,yes,seed,skipped,"The soybean seeds display characteristic pink to purple blotches and discoloration consistent with Purple Seed Stain caused by Cercospora kikuchii; with discoloration patterns extending from the hilum region across the seed surface."
Purple_Seed_Stain,Soybean_Dise_9.jpg,yes,seed,skipped,"The soybean seeds in the image display characteristic pink to purple blotches and discoloration consistent with Purple Seed Stain caused by Cercospora kikuchii."
Purple_Seed_Stain,Soybean_Dise_17.jpg,yes,seed,skipped,"The soybean seed clearly displays a distinct purple/violet discoloration blotch on its surface; consistent with the pink-to-purple seed staining symptom characteristic of Purple Seed Stain caused by Cercospora kikuchii."
Purple_Seed_Stain,Soybean_Dise_1.jpg,yes,seed,skipped,"The image shows soybean seeds with visible pink-to-purple discoloration and blotching consistent with Purple Seed Stain caused by Cercospora kikuchii; with some seeds showing extensive purple staining extending from the hilum."
Purple_Seed_Stain,Soybean_Dise_12.jpg,yes,seed,skipped,"The soybean seeds display characteristic pink to purple blotches and discoloration consistent with Purple Seed Stain caused by Cercospora kikuchii; with some seeds showing heavy purple staining and others appearing mildly affected or symptom-free."
Pythium_damping_off,Soybean_Dise_18.jpg,yes,seed,ref,"The emerging seedling shows rotted; discolored cotyledons with soil adhering to them and dark lesions consistent with Pythium damping-off infection at the seed/hypocotyl stage."
Pythium_damping_off,Soybean_Dise_30.jpg,yes,seed,ref,"The image shows a rotted; brown; collapsed seedling/seed at the soil surface with soil adhering to decayed tissue and gray mycelial growth; consistent with Pythium pre-emergence damping off and seed rot symptoms described."
Pythium_damping_off,Soybean_Dise_32.jpg,yes,stem,ref,"The image shows soybean seedlings with water-soaked; brown soft rot lesions on the hypocotyl/stem at the soil line; consistent with Pythium damping-off; with decayed tissue and soil adhering to the affected seedling parts."
Pythium_damping_off,Soybean_Dise_12.jpg,yes,whole_plant,ref,"The image shows a failed seedling emergence with a rotted; brown; collapsed seedling at soil level consistent with post-emergence damping off caused by Pythium; with soft rot of the hypocotyl/cotyledons and disintegration of plant tissue near the soil line."
Pythium_damping_off,Soybean_Dise_29.jpg,yes,seed,ref,"The image shows soybean seedlings at emergence with rotted; discolored cotyledons and seed coats with browning and soft rot consistent with Pythium damping-off; alongside what appears to be a failed; rotted seed nearby."
Pythium_damping_off,Soybean_Dise_44.jpg,yes,seed,ref,"The emerging seedling shows rotted; discolored cotyledons/seed with soil sticking to them and signs of soft rot consistent with Pythium damping-off at the pre/post-emergence stage."
Pythium_damping_off,Soybean_Dise_24.jpg,yes,whole_plant,ref,"The image shows soybean seedlings with collapsed; rotted stems at the soil line and wilted/necrotic tissue characteristic of post-emergence damping off caused by Pythium; consistent with the described brown soft rot and hypocotyl lesions."
Pythium_damping_off,Soybean_Dise_45.jpg,yes,seed,ref,"The image shows a rotted; discolored seed/seedling with brown soft rot and soil adhering to it; consistent with Pythium damping-off pre-emergence seed rot symptoms."
Pythium_damping_off,Soybean_Dise_27.jpg,yes,stem,ref,"The seedling shows a characteristic hook-shaped hypocotyl with brown discoloration and soft rot typical of Pythium damping-off; with the stem and root system visibly rotted and collapsing at the soil line."
Pythium_damping_off,Soybean_Dise_2.jpg,yes,stem,ref,"The seedling shows a brown; water-soaked; rotted hypocotyl/stem with discoloration consistent with Pythium damping-off; and the plant appears weakened at the soil line with soft rot symptoms on the stem."
Pythium_damping_off,Soybean_Dise_51.jpg,yes,whole_plant,ref,"The image shows a soybean field with clear stand gaps and dead/collapsed seedlings at the soil line between healthy plants; consistent with pre- and post-emergence damping off caused by Pythium; where affected seedlings fail to establish and leave bare patches in the row."
Pythium_damping_off,Soybean_Dise_31.jpg,yes,seed,test,"The image shows germinating seeds and seedlings at soil level with visible rotting; browning; and water-soaked lesions on the hypocotyl and cotyledons consistent with Pythium damping-off symptoms; along with soil adhering to decaying tissue."
Pythium_damping_off,Soybean_Dise_4.jpg,yes,seed,test,"The image shows a germinating soybean seedling with rotted; brown discolored hypocotyl and roots with soil adhering to deteriorating tissue; consistent with Pythium damping-off causing pre/post-emergence seed rot and root/hypocotyl decay."
Pythium_damping_off,Soybean_Dise_36.jpg,yes,seed,test,"The image shows a germinating seedling emerging from soil with dark; rotted tissue at the base consistent with Pythium damping-off; where the seed and hypocotyl appear to have soft rot with soil adhering to the decaying tissue."
Pythium_damping_off,Soybean_Dise_38.jpg,yes,seed,skipped,"The emerging seedling shows a seed/cotyledon with dark discoloration and soil sticking to it; consistent with Pythium damping-off symptoms including rotted seed tissue and potential water-soaked lesions on the cotyledons during early emergence."
Pythium_damping_off,Soybean_Dise_49.jpg,yes,whole_plant,ref,"The image shows soybean seedlings with yellowing; wilting; and collapse consistent with post-emergence damping off caused by Pythium; where affected seedlings exhibit soft rot at the base and fail to establish properly in the field."
Pythium_damping_off,Soybean_Dise_13.jpg,yes,whole_plant,ref,"The image shows soybean seedlings with wilted; water-soaked collapses at the stem base and cotyledon level; consistent with Pythium damping-off causing soft rot and plant collapse near the soil line."
Pythium_damping_off,Soybean_Dise_35.jpg,yes,whole_plant,skipped,"The image shows a young seedling emerging from soil with brown discoloration at the base and soft rot symptoms on the hypocotyl region; consistent with Pythium damping-off causing pre/post-emergence collapse and rotting at the soil line."
Pythium_damping_off,Soybean_Dise_19.jpg,yes,stem,ref,"The soybean seedling shows characteristic Pythium damping-off symptoms including brown soft rot and collapse at the hypocotyl/stem base near the soil line; with decayed tissue consistent with water-soaked lesions progressing to brown rot."
Pythium_damping_off,Soybean_Dise_33.jpg,yes,seed,skipped,"The image shows a germinating seedling with a rotted; discolored base and soil adhering to the seed/hypocotyl area; consistent with Pythium damping-off symptoms including seed rot and early pre-emergence collapse."
Rhizoctonia,Soybean_Dise_26.jpg,yes,whole_plant,ref,"The image shows wilted; collapsed soybean seedlings with necrotic tissue at the soil line consistent with Rhizoctonia damping-off; where the hypocotyl canker has girdled the seedlings causing them to wilt and die."
Rhizoctonia,Soybean_Dise_29.jpg,yes,stem,ref,"The image shows a stem with a distinct reddish-brown to dark brown; dry; sunken canker/lesion at a node; consistent with Rhizoctonia's characteristic firm; dry; reddish-brown lesions on the stem."
Rhizoctonia,Soybean_Dise_35.jpg,yes,stem,ref,"The image shows soybean seedlings with collapsed; wilted tissue and dry; necrotic lesions at the soil line consistent with Rhizoctonia damping-off causing stem girdling and seedling collapse."
Rhizoctonia,Soybean_Dise_19.jpg,yes,root,ref,"The image shows roots and lower stems with reddish-brown; sunken; firm lesions and dry cankers consistent with Rhizoctonia infection as described."
Rhizoctonia,Soybean_Dise_30.jpg,yes,stem,ref,"The image shows a distinct reddish-brown; sunken; dry canker on the lower stem/hypocotyl region; which is characteristic of Rhizoctonia infection as described."
Rhizoctonia,Soybean_Dise_18.jpg,yes,stem,ref,"The image shows a soybean stem at the soil line with a whitish-gray to reddish-brown discoloration and sunken; dry canker lesion characteristic of Rhizoctonia damping-off/root rot."
Rhizoctonia,Soybean_Dise_36.jpg,yes,stem,ref,"The image shows a stem/hypocotyl with distinct reddish-brown; sunken; firm canker lesions with an orange-yellow border; consistent with the dry canker symptoms characteristic of Rhizoctonia infection at or near the soil line."
Rhizoctonia,Soybean_Dise_4.jpg,yes,whole_plant,ref,"The image shows a collapsed; wilted seedling with a brown; desiccated stem at the soil line; consistent with Rhizoctonia damping-off causing dry canker girdling and seedling collapse."
Rhizoctonia,Soybean_Dise_20.jpg,yes,root,ref,"The two right specimens show reddish-brown; sunken; dry lesions on the lower stem/hypocotyl at the soil line consistent with Rhizoctonia root rot; contrasting with the healthy root system on the left."
Rhizoctonia,Soybean_Dise_12.jpg,yes,stem,test,"The image shows a stem/hypocotyl with distinct dark brown to black; firm; dry canker lesions transitioning from healthy green tissue; consistent with Rhizoctonia's characteristic reddish-brown sunken dry cankers at the soil line region."
Rhizoctonia,Soybean_Dise_43.jpg,yes,stem,test,"The image shows a stem with a distinct reddish-brown; dry; sunken canker lesion characteristic of Rhizoctonia infection; consistent with the described firm; dry cankers on the lower stem/hypocotyl region."
Rhizoctonia,Soybean_Dise_13.jpg,yes,stem,test,"The image shows a reddish-brown; sunken; dry canker lesion on the lower stem/hypocotyl region; consistent with Rhizoctonia's characteristic firm; dry; reddish-brown lesions at the soil line."
Rhizoctonia,Soybean_Dise_5.jpg,yes,root,ref,"The image shows a reddish-brown; sunken; firm lesion on the lower stem/hypocotyl region consistent with Rhizoctonia's characteristic dry canker symptoms; distinct from the water-soaked lesions of Pythium or Phytophthora."
Rhizoctonia,Soybean_Dise_32.jpg,yes,whole_plant,ref,"The image shows wilted and collapsed soybean seedlings at the soil line with what appears to be dry; sunken lesions on the lower stem/hypocotyl region; consistent with Rhizoctonia damping-off causing seedling collapse in scattered areas of the field."
Rhizoctonia,Soybean_Dise_2.jpg,yes,stem,skipped,"The image shows soybean seedlings at the soil line with reddish-brown; sunken; dry canker lesions on the lower stems/hypocotyls; consistent with Rhizoctonia damping-off symptoms including plant collapse and dead seedlings scattered in the field."
Rhizoctonia,Soybean_Dise_39.jpg,yes,root,ref,"The image shows a distinct reddish-brown; sunken; dry canker lesion on the lower stem/hypocotyl region consistent with Rhizoctonia infection; with firm discoloration rather than water-soaked lesions typical of Pythium or Phytophthora."
Rhizoctonia,Soybean_Dise_41.jpg,yes,stem,skipped,"The image shows a distinct reddish-brown; sunken; dry canker on the lower stem/hypocotyl at the soil line; which is characteristic of Rhizoctonia infection as described."
Rhizoctonia,Soybean_Dise_45.jpg,yes,stem,skipped,"The image shows a collapsed; desiccated soybean seedling at the soil line consistent with Rhizoctonia damping-off; where the dry canker has girdled the hypocotyl/lower stem causing the plant to wilt and die; with surrounding dead plant debris indicating a concentrated disease area."
Rhizoctonia,Soybean_Dise_9.jpg,yes,whole_plant,ref,"The image shows a soybean field with patchy areas of stunted; yellowing; and dying seedlings consistent with Rhizoctonia damping-off; which causes wilted or dead seedlings scattered throughout the field or in small concentrated areas due to hypocotyl/root rot at the soil line."
Rhizoctonia,Soybean_Dise_37.jpg,yes,stem,skipped,"The image shows a plant stem with a reddish-brown; sunken; dry canker lesion characteristic of Rhizoctonia infection at the soil line; consistent with the described firm and dry lesions on the hypocotyl/lower stem."
Septoria_brown_spot,Soybean_Dise_12.jpg,yes,leaf,ref,"The image shows soybean leaves with small; dark brown to black irregular lesions coalescing into larger blotches accompanied by surrounding yellow chlorosis; consistent with Septoria brown spot symptoms starting in the lower canopy."
Septoria_brown_spot,Soybean_Dise_33.jpg,yes,leaf,ref,"The soybean trifoliate leaves display small; irregularly shaped dark brown lesions on both leaf surfaces with surrounding yellowing (chlorosis) that is expanding beyond the necrotic areas; consistent with Septoria brown spot symptoms progressing upward through the canopy."
Septoria_brown_spot,Soybean_Dise_98.jpg,yes,leaf,ref,"The soybean leaf displays numerous small; irregularly shaped dark brown lesions scattered across both leaf surfaces; consistent with the Septoria brown spot description of small dark brown lesions that can coalesce into larger blotches."
Septoria_brown_spot,Soybean_Dise_107.jpg,yes,leaf,ref,"The soybean leaf shows characteristic yellowing with multiple small; dark brown to black irregular lesions scattered across the leaf surface; consistent with Septoria brown spot symptoms including chlorosis and dark necrotic spots that can coalesce."
Septoria_brown_spot,Soybean_Dise_93.jpg,yes,whole_plant,ref,"The soybean field shows widespread yellowing; dark brown lesions on leaves; and defoliation progressing through the canopy; which are consistent with Septoria brown spot symptoms described."
Septoria_brown_spot,Soybean_Dise_113.jpg,yes,leaf,ref,"The leaf displays characteristic Septoria brown spot symptoms including small dark brown lesions scattered across both yellowing and green tissue; with yellowing extending beyond necrotic regions and lesions coalescing into larger blotches; consistent with the disease description."
Septoria_brown_spot,Soybean_Dise_43.jpg,yes,leaf,test,"The soybean leaves show numerous small; dark brown to reddish-brown irregularly shaped lesions scattered across the leaf surface with surrounding yellowing; consistent with Septoria brown spot symptoms described."
Septoria_brown_spot,Soybean_Dise_71.jpg,yes,leaf,test,"The lower canopy leaves show characteristic Septoria brown spot symptoms including small dark brown irregular lesions coalescing into larger blotches with surrounding yellowing; consistent with the disease description."
Septoria_brown_spot,Soybean_Dise_53.jpg,yes,leaf,test,"The soybean leaves display small; irregularly shaped dark brown to purplish-black lesions scattered across both leaf surfaces that are coalescing into larger blotches; consistent with Septoria brown spot symptoms described."
Septoria_brown_spot,Soybean_Dise_72.jpg,yes,leaf,skipped,"The soybean leaf shows characteristic Septoria brown spot symptoms including small dark brown lesions scattered across the leaf surface; yellowing (chlorosis) expanding beyond the necrotic regions; and the progression from green to yellow to necrotic tissue consistent with the disease description."
Septoria_brown_spot,Soybean_Dise_10.jpg,yes,leaf,skipped,"The soybean leaf displays multiple small; irregularly shaped dark brown lesions scattered across both surfaces with surrounding yellowing; consistent with Septoria brown spot (Septoria glycines) symptomatology as described."
Septoria_brown_spot,Soybean_Dise_96.jpg,yes,leaf,skipped,"The leaf displays numerous small; irregularly shaped dark brown lesions scattered across both sides of the leaf surface; consistent with Septoria brown spot symptoms including coalescence of lesions into larger blotches as described."
Septoria_brown_spot,Soybean_Dise_65.jpg,yes,leaf,skipped,"The soybean leaves display small; irregularly shaped dark brown lesions scattered across both leaf surfaces with extensive yellowing (chlorosis) beyond the necrotic regions and coalescing blotches; which are classic symptoms of Septoria brown spot progressing through the canopy."
Septoria_brown_spot,Soybean_Dise_68.jpg,yes,leaf,skipped,"The soybean leaves display small; irregularly shaped dark brown lesions scattered across both yellowing and green leaf surfaces; with lesions coalescing into larger blotches and associated leaf yellowing; all consistent with Septoria brown spot symptoms."
Septoria_brown_spot,Soybean_Dise_36.jpg,yes,leaf,skipped,"The soybean leaves display small; irregularly shaped dark brown lesions surrounded by yellow halos that coalesce into larger blotches; consistent with Septoria brown spot symptoms described for foliar infection."
Septoria_brown_spot,Soybean_Dise_61.jpg,yes,whole_plant,ref,"The image shows soybean rows with noticeable yellowing and chlorosis on the left side compared to healthy green plants on the right; consistent with Septoria brown spot's characteristic leaf yellowing and early defoliation of the lower canopy progressing across the field."
Septoria_brown_spot,Soybean_Dise_77.jpg,yes,leaf,skipped,"The soybean trifoliate leaves show small; irregularly shaped dark brown lesions on both surfaces with surrounding yellow chlorotic areas that coalesce into larger blotches; consistent with Septoria brown spot symptoms."
Septoria_brown_spot,Soybean_Dise_127.jpeg,yes,leaf,skipped,"The soybean leaf displays multiple small; irregularly shaped dark brown lesions with yellow halos on both surfaces; consistent with Septoria brown spot symptoms as described."
Septoria_brown_spot,Soybean_Dise_115.jpg,no,leaf,rejected,"The image shows large holes (insect feeding damage) and yellowing/chlorosis on soybean leaves; but lacks the characteristic small; irregularly shaped dark brown lesions or purple lesions on both leaf surfaces that are diagnostic of Septoria brown spot."
Septoria_brown_spot,Soybean_Dise_21.jpg,yes,leaf,skipped,"The image shows soybean leaves with small; irregularly shaped dark brown lesions coalescing into larger blotches on yellowing leaves; consistent with Septoria brown spot symptoms described."
Soybean_Cyst_Nematode,Soybean_Dise_18.jpg,no,whole_plant,rejected,"The image shows a healthy-looking soybean field with uniform green canopy and no visible symptoms of SCN such as yellowing; stunting; chlorosis; or circular/lens-shaped patterns of poor plant growth characteristic of Soybean Cyst Nematode infection."
Soybean_Cyst_Nematode,Soybean_Dise_20.jpg,no,whole_plant,rejected,"The image shows a soybean field with mostly green; healthy-looking foliage without the characteristic yellowing; stunting; or circular chlorotic field patterns associated with soybean cyst nematode; and no root symptoms or cysts are visible."
Soybean_Cyst_Nematode,Soybean_Dise_14.jpg,yes,root,ref,"The image shows soybean roots with small white lemon-shaped cysts (immature females) visible on the root surface; which is the hallmark symptom of Soybean Cyst Nematode infection as described."
Soybean_Cyst_Nematode,Soybean_Dise_34.jpg,yes,whole_plant,ref,"The image shows a soybean field with characteristic yellowing/chlorosis of leaves; stunting; and uneven plant growth appearing in field patches; which are consistent with aboveground 'yellow dwarf' symptoms of Soybean Cyst Nematode infection."
Soybean_Cyst_Nematode,Soybean_Dise_6.jpg,yes,whole_plant,ref,"The image shows a soybean field with a distinct lens-shaped or circular zone of yellowing; stunting; and chlorosis consistent with the field-level aboveground symptoms characteristic of Soybean Cyst Nematode infestation."
Soybean_Cyst_Nematode,Soybean_Dise_27.jpg,yes,leaf,ref,"The soybean leaves show widespread interveinal chlorosis and yellowing consistent with the aboveground 'yellow dwarf' foliar symptoms characteristic of Soybean Cyst Nematode infection."
Soybean_Cyst_Nematode,Soybean_Dise_4.jpg,yes,whole_plant,ref,"The image shows soybean plants with characteristic yellowing/chlorosis and stunting in a circular/lens-shaped field pattern consistent with Soybean Cyst Nematode aboveground symptoms; contrasting with healthy green plants in adjacent rows."
Soybean_Cyst_Nematode,Soybean_Dise_32.jpg,yes,whole_plant,ref,"The soybean plants show interveinal chlorosis and yellowing of leaves with a patchy field pattern consistent with aboveground 'yellow dwarf' symptoms characteristic of Soybean Cyst Nematode infection."
Soybean_Cyst_Nematode,Soybean_Dise_3.jpg,yes,whole_plant,ref,"The soybean plants show characteristic aboveground symptoms of soybean cyst nematode including interveinal chlorosis (yellowing) of leaves; stunting; and patchy field distribution consistent with SCN infection patterns."
Soybean_Cyst_Nematode,Soybean_Dise_33.jpg,no,whole_plant,rejected,"The image shows a healthy-looking; dense green soybean field with no visible yellowing; stunting; chlorosis; or circular/lens-shaped patterns of damage characteristic of Soybean Cyst Nematode infestation."
Soybean_Cyst_Nematode,Soybean_Dise_5.jpg,no,whole_plant,rejected,"The image shows a field of apparently healthy; green soybean seedlings with no visible yellowing; stunting; chlorosis; or other above-ground symptoms consistent with Soybean Cyst Nematode infection; nor are any roots or cysts visible."
Soybean_Cyst_Nematode,Soybean_Dise_19.jpg,yes,leaf,ref,"The soybean plants display widespread interveinal chlorosis and yellowing at leaf margins consistent with the aboveground 'yellow dwarf' foliar symptoms characteristic of Soybean Cyst Nematode infestation; appearing in a pattern across the field canopy."
Soybean_Cyst_Nematode,Soybean_Dise_2.jpg,yes,root,ref,"The image shows soybean roots with dark discoloration; poorly developed root system; and visible small white/cream-colored lemon-shaped cysts (immature females) on the root surface; consistent with Soybean Cyst Nematode infection."
Soybean_Cyst_Nematode,Soybean_Dise_35.jpg,no,root,rejected,"The image shows soil core plugs in a white bucket used for soil sampling; with no visible plant roots or characteristic white/yellow lemon-shaped cysts diagnostic of Soybean Cyst Nematode."
Soybean_Cyst_Nematode,Soybean_Dise_17.jpg,yes,whole_plant,test,"The image shows soybean plants in a field with characteristic circular/lens-shaped patterns of yellowing; chlorosis; and stunting consistent with Soybean Cyst Nematode aboveground symptoms as described."
Soybean_Cyst_Nematode,Soybean_Dise_28.jpg,yes,root,ref,"The image shows soybean roots with dark coloration; poorly developed branching; and visible small white/cream-colored lemon-shaped cysts on the root surface; consistent with Soybean Cyst Nematode infection."
Soybean_Cyst_Nematode,Soybean_Dise_24.jpg,yes,whole_plant,test,"The image shows a soybean field with characteristic lens-shaped or circular patterns of stunted; yellowing plants interspersed among healthier green plants; which is a classic above-ground field symptom pattern associated with Soybean Cyst Nematode infestation."
Soybean_Cyst_Nematode,Soybean_Dise_9.jpg,no,whole_plant,rejected,"The image shows soybean plants with some yellowing/chlorosis on leaves but no visible root symptoms; white/yellow lemon-shaped cysts; or the characteristic circular field patterns diagnostic of Soybean Cyst Nematode; the foliar symptoms alone are insufficient for a definitive match."
Soybean_Cyst_Nematode,Soybean_Dise_15.jpg,yes,whole_plant,test,"The soybean field shows characteristic above-ground symptoms of Soybean Cyst Nematode including widespread leaf yellowing/chlorosis and stunting appearing in irregular patterns across the field; consistent with the described 'yellow dwarf' foliar symptoms."
Soybean_Cyst_Nematode,Soybean_Dise_31.jpg,yes,whole_plant,skipped,"The field shows widespread yellowing/chlorosis of soybean leaves in a patchy distribution pattern across the field; which is consistent with the aboveground 'yellow dwarf' symptoms and field patterning characteristic of Soybean Cyst Nematode infection."
Soybean_Dwarf_Mosaic_Virus,Soybean_Dise_112.jpg,no,whole_plant,rejected,"The image shows a wide-angle field view of soybean and corn crops without visible close-up symptoms of Soybean Dwarf Mosaic Virus such as dark green brittle wrinkled leaves; interveinal yellowing; or stunting that can be clearly assessed at this scale."
Soybean_Dwarf_Mosaic_Virus,Soybean_Dise_40.jpg,no,leaf,rejected,"The leaf shows diffuse yellowing and minor stippling but lacks the characteristic dark green; brittle; wrinkled; curled; and thickened appearance with clear interveinal yellowing pattern associated with Soybean Dwarf Mosaic Virus; the symptoms are more consistent with spider mite damage or nutrient deficiency."
Soybean_Dwarf_Mosaic_Virus,Soybean_Dise_25.jpg,yes,leaf,ref,"The soybean leaves display interveinal yellowing (mosaic-like yellow-green mottling between veins) and some wrinkling/distortion consistent with Soybean Dwarf Mosaic Virus symptoms described."
Soybean_Dwarf_Mosaic_Virus,Soybean_Dise_12.jpg,yes,whole_plant,ref,"The image shows a soybean field with a distinct patch of plants exhibiting bright yellow-orange interveinal discoloration and apparent stunting compared to surrounding healthy green plants; consistent with Soybean Dwarf Mosaic Virus symptoms including yellowing and whole-plant effects."
Soybean_Dwarf_Mosaic_Virus,Soybean_Dise_10.jpg,yes,leaf,ref,"The soybean leaves display dark green coloration; wrinkling/rugosity; interveinal yellowing (mosaic pattern); and small necrotic lesions/holes; which are consistent with Soybean Dwarf Mosaic Virus symptoms described."
Soybean_Dwarf_Mosaic_Virus,Soybean_Dise_107.jpg,yes,whole_plant,ref,"The image shows a soybean field with a distinct cluster of plants exhibiting yellowing; discoloration; and apparent stunting compared to surrounding healthy green plants; consistent with Soybean Dwarf Mosaic Virus symptoms including interveinal yellowing and whole-plant decline."
Soybean_Dwarf_Mosaic_Virus,Soybean_Dise_21.jpg,no,whole_plant,rejected,"The image shows widespread uniform yellowing and senescence of soybean leaves across the field; more consistent with sudden death syndrome; nutrient deficiency; or general maturity-related chlorosis rather than the dark green; brittle; wrinkled; curled; and thick leaves with interveinal yellowing characteristic of Soybean Dwarf Mosaic Virus."
Soybean_Dwarf_Mosaic_Virus,Soybean_Dise_67.jpg,no,whole_plant,rejected,"The image shows a soybean field with dried; senescing plants and leaf litter on the ground; but does not display the characteristic dark green; brittle; wrinkled; curled leaves with interveinal yellowing and stunting associated with Soybean Dwarf Mosaic Virus; the plants appear to be at normal late-season maturity rather than virus-affected."
Soybean_Dwarf_Mosaic_Virus,Soybean_Dise_45.jpg,no,leaf,rejected,"The leaves show insect feeding damage (holes; ragged edges) and some yellowing; but lack the characteristic dark green; brittle; wrinkled; curled; thick texture with interveinal yellowing mosaic pattern typical of Soybean Dwarf Mosaic Virus."
Soybean_Dwarf_Mosaic_Virus,Soybean_Dise_74.jpg,yes,whole_plant,ref,"The image shows soybean plants with a localized patch exhibiting yellowing; interveinal chlorosis; and leaf curling/distortion consistent with Soybean Dwarf Mosaic Virus symptoms; contrasted against surrounding healthy green foliage."
Soybean_Dwarf_Mosaic_Virus,Soybean_Dise_78.jpg,yes,leaf,ref,"The soybean field shows leaves with interveinal yellowing; curling; and wrinkling alongside green foliage; consistent with Soybean Dwarf Mosaic Virus symptoms including yellowing between veins and leaf distortion."
Soybean_Dwarf_Mosaic_Virus,Soybean_Dise_69.jpg,no,leaf,rejected,"The leaves in the image show small reddish-brown spots and yellowing consistent with bacterial pustule or frogeye leaf spot rather than the dark green; brittle; wrinkled; curled; thick leaves with interveinal yellowing characteristic of Soybean Dwarf Mosaic Virus."
Soybean_Dwarf_Mosaic_Virus,Soybean_Dise_9.jpg,no,leaf,rejected,"The leaves show diffuse yellowing and small necrotic spots consistent with soybean rust or bacterial pustule rather than the dark green; brittle; wrinkled; curled; thick leaves with interveinal yellowing characteristic of Soybean Dwarf Mosaic Virus."
Soybean_Dwarf_Mosaic_Virus,Soybean_Dise_77.jpg,yes,leaf,ref,"The soybean leaves show yellowing between veins (interveinal chlorosis) and yellow mosaic-like discoloration on lower canopy leaves; consistent with Soybean Dwarf Mosaic Virus symptoms described."
Soybean_Dwarf_Mosaic_Virus,Soybean_Dise_27.jpg,yes,whole_plant,ref,"The soybean plants display dark green; wrinkled; and curled leaves with interveinal yellowing and apparent stunting; which are consistent with Soybean Dwarf Mosaic Virus symptoms as described."
Soybean_Dwarf_Mosaic_Virus,Soybean_Dise_49.jpg,no,whole_plant,rejected,"The image shows soybean plants with broad yellowing and browning of leaves consistent with late-season senescence or a different disease (such as sudden death syndrome or brown stem rot); but lacks the characteristic dark green; brittle; wrinkled; curled; and thickened leaves with interveinal yellowing pattern typical of Soybean Dwarf Mosaic Virus."
Soybean_Dwarf_Mosaic_Virus,Soybean_Dise_72.jpg,no,whole_plant,rejected,"The image shows widespread uniform yellowing and senescence of soybean leaves consistent with natural maturation or nutrient deficiency; but lacks the characteristic dark green; brittle; wrinkled; curled; thick leaves with interveinal yellowing pattern typical of Soybean Dwarf Mosaic Virus."
Soybean_Dwarf_Mosaic_Virus,Soybean_Dise_106.jpg,no,leaf,rejected,"The leaves appear generally healthy and green without the characteristic dark green; brittle; wrinkled; curled; or thickened appearance; nor is there clear interveinal yellowing consistent with Soybean Dwarf Mosaic Virus."
Soybean_Dwarf_Mosaic_Virus,Soybean_Dise_42.jpg,no,leaf,rejected,"The image shows soybean leaves with uniform yellowing and browning/necrosis consistent with senescence or a different disease; but lacks the characteristic dark green; brittle; wrinkled; curled; small; thick leaves with interveinal yellowing pattern typical of Soybean Dwarf Mosaic Virus."
Soybean_Dwarf_Mosaic_Virus,Soybean_Dise_35.jpg,yes,whole_plant,ref,"The image shows soybean plants with localized yellowing/chlorosis and some interveinal yellowing consistent with Soybean Dwarf Mosaic Virus symptoms; with affected plants showing yellowed; discolored leaves contrasting with healthy green foliage surrounding them."
Soybean_Vein_necrosis_virus,Soybean_Dise_14.jpg,no,leaf,rejected,"The soybean leaf shown appears predominantly healthy and dark green without the characteristic irregular yellow spots; red-brown necrotic lesions; or vein discoloration/necrosis described for Soybean Vein Necrosis Virus."
Soybean_Vein_necrosis_virus,Soybean_Dise_126.jpg,yes,leaf,ref,"The soybean leaf displays irregular yellow spots with red-brown necrotic lesions along and near the major veins; consistent with the described symptoms of Soybean Vein Necrosis Virus."
Soybean_Vein_necrosis_virus,Soybean_Dise_153.jpg,yes,leaf,ref,"The soybean leaf displays irregular yellow-to-red-brown necrotic lesions distributed along major veins; consistent with the described symptoms of Soybean Vein Necrosis Virus including angular lesion appearance and vein-associated discoloration."
Soybean_Vein_necrosis_virus,Soybean_Dise_146.jpg,yes,leaf,ref,"The soybean leaves display irregular red-brown necrotic lesions scattered along and near the major veins; consistent with the vein necrosis virus symptom description of angular; vein-delimited lesions progressing from yellow spots to red-brown necrotic areas."
Soybean_Vein_necrosis_virus,Soybean_Dise_87.jpg,no,leaf,rejected,"The leaf shown appears largely healthy and green with only minor mechanical damage (a small hole); lacking the characteristic yellow spots; red-brown necrotic lesions; or vein discoloration/necrosis associated with Soybean Vein Necrosis Virus."
Soybean_Vein_necrosis_virus,Soybean_Dise_61.jpg,yes,leaf,ref,"The soybean leaf displays irregular yellow-to-red-brown necrotic lesions associated with the major veins; consistent with the vein discoloration and angular necrotic lesion symptoms characteristic of Soybean Vein Necrosis Virus."
Soybean_Vein_necrosis_virus,Soybean_Dise_139.jpg,yes,leaf,ref,"The soybean leaves display irregular yellow-to-brown necrotic lesions associated with leaf veins; consistent with the vein-associated discoloration and angular lesion patterns described for Soybean Vein Necrosis Virus."
Soybean_Vein_necrosis_virus,Soybean_Dise_93.jpg,yes,leaf,test,"The soybean leaf displays numerous small; reddish-brown necrotic lesions scattered across the lamina near the veins; consistent with the vein necrosis virus symptom description of red-brown necrotic lesions progressing from yellow spots along major leaf veins."
Soybean_Vein_necrosis_virus,Soybean_Dise_206.jpg,no,leaf,rejected,"The image shows healthy green soybean leaves with no visible yellow spots; necrotic lesions; or vein discoloration characteristic of Soybean Vein Necrosis Virus; only a small insect is visible on the leaf surface."
Soybean_Vein_necrosis_virus,Soybean_Dise_157.jpg,no,leaf,rejected,"The leaf appears largely healthy and green with no visible yellow spots; red-brown necrotic lesions; or vein discoloration characteristic of Soybean Vein Necrosis Virus."
Soybean_Vein_necrosis_virus,Soybean_Dise_101.jpg,yes,leaf,test,"The soybean leaves display irregular yellow spots and brown necrotic lesions along and near the major veins; consistent with the vein discoloration and angular lesion appearance described for Soybean Vein Necrosis Virus."
Soybean_Vein_necrosis_virus,Soybean_Dise_34.jpg,yes,leaf,test,"The soybean leaf displays irregular reddish-brown necrotic lesions along and near the major veins with associated yellowing; consistent with the vein necrosis and angular lesion symptoms described for Soybean Vein Necrosis Virus."
Soybean_Vein_necrosis_virus,Soybean_Dise_51.jpg,yes,leaf,skipped,"The soybean leaf shows scattered irregular yellow-to-brown necrotic lesions distributed along and near the major veins; consistent with the vein necrosis virus symptom description of red-brown necrotic spots with angular appearances bounded by leaf veins."
Soybean_Vein_necrosis_virus,Soybean_Dise_110.jpg,yes,leaf,skipped,"The soybean leaf displays irregular yellow-to-orange discoloration along the major veins with angular lesion patterns consistent with Soybean Vein Necrosis Virus symptoms as described."
Soybean_Vein_necrosis_virus,Soybean_Dise_26.jpg,yes,leaf,skipped,"The soybean leaf displays irregular yellow-to-red-brown necrotic lesions distributed along and between major veins with angular patterns; consistent with Soybean Vein Necrosis Virus symptoms described."
Soybean_Vein_necrosis_virus,Soybean_Dise_207.jpg,yes,leaf,skipped,"The soybean leaf displays irregular yellow-to-brown necrotic lesions with reddish spotting and angular lesion patterns consistent with Soybean Vein Necrosis Virus symptoms; including vein discoloration and chlorotic areas along the leaf surface."
Soybean_Vein_necrosis_virus,Soybean_Dise_103.jpg,yes,leaf,skipped,"The soybean leaf shows irregular yellow spots with dark brown necrotic lesions along the major veins; consistent with the vein discoloration and angular necrotic lesion symptoms described for Soybean Vein Necrosis Virus."
Soybean_Vein_necrosis_virus,Soybean_Dise_118.jpg,no,leaf,rejected,"The leaves appear predominantly healthy and green with only very minor; ambiguous spots; lacking the characteristic yellow irregular spots along major veins; red-brown necrotic lesions; or vein discoloration described for Soybean Vein Necrosis Virus."
Soybean_Vein_necrosis_virus,Soybean_Dise_57.jpg,no,leaf,rejected,"The image shows small dark specks and minor spotting on an otherwise green soybean leaf; but lacks the characteristic irregular yellow spots progressing to red-brown necrotic lesions and vein discoloration/browning typical of Soybean Vein Necrosis Virus."
Soybean_Vein_necrosis_virus,Soybean_Dise_210.jpg,yes,leaf,skipped,"The soybean leaves show yellow spots and necrotic lesions along and near major veins; with angular lesion appearance consistent with Soybean Vein Necrosis Virus symptoms described."
Soybean_rust,Soybean_Dise_100.jpg,yes,whole_plant,ref,"The image shows soybean plants with yellowing; chlorotic leaves and small spots consistent with soybean rust infection; alongside a field of prematurely defoliated and dried plants typical of heavy rust-induced early senescence."
Soybean_rust,Soybean_Dise_111.jpg,yes,leaf,ref,"The soybean leaves display small tan to reddish-brown spots scattered across the leaf surface; consistent with the early foliar lesions characteristic of soybean rust (Phakopsora pachyrhizi)."
Soybean_rust,Soybean_Dise_43.jpg,no,leaf,rejected,"The leaf shows extensive dark brown-purple blotchy lesions and shot-hole damage more consistent with bacterial pustule; frogeye leaf spot; or insect feeding rather than the small tan-to-brown pustular lesions with urediniospore masses on the lower surface characteristic of soybean rust."
Soybean_rust,Soybean_Dise_74.jpg,yes,leaf,ref,"The soybean leaf displays numerous small; reddish-brown to dark brown spots scattered across the surface; consistent with the tan to brick-red lesions characteristic of soybean rust (Phakopsora pachyrhizi)."
Soybean_rust,Soybean_Dise_175.jpg,yes,leaf,ref,"The soybean leaf displays numerous small tan to brown spots with angular lesions and yellowing consistent with soybean rust (Phakopsora pachyrhizi) infection as described."
Soybean_rust,Soybean_Dise_139.jpg,yes,leaf,ref,"The image shows the underside of a soybean leaf with numerous small reddish-brown pustules/spots characteristic of soybean rust (Phakopsora pachyrhizi) uredinia scattered across the leaf surface."
Soybean_rust,Soybean_Dise_9.jpg,yes,leaf,ref,"The leaf shows numerous small tan to brown and brick-red angular lesions with associated yellowing consistent with soybean rust (Phakopsora pachyrhizi) symptoms as described."
Soybean_rust,Soybean_Dise_159.jpg,yes,leaf,test,"The leaves show yellowing; small dark spots; and lesions consistent with soybean rust symptoms; including premature chlorosis and spotting typical of Phakopsora pachyrhizi infection progressing through the canopy."
Soybean_rust,Soybean_Dise_51.jpg,no,leaf,rejected,"The image shows leaves with shot-hole lesions (actual holes in leaf tissue) and yellowing; but lacks the characteristic small tan-to-brown angular spots with pustules on the lower leaf surface that are diagnostic of soybean rust; the damage appears more consistent with insect feeding or bacterial shot-hole disease."
Soybean_rust,Soybean_Dise_110.jpg,yes,whole_plant,ref,"The image shows soybean plants with yellowing and premature defoliation of lower canopy leaves consistent with soybean rust progression; where infected leaves turn yellow and drop as the disease advances upward through the canopy."
Soybean_rust,Soybean_Dise_72.jpg,no,whole_plant,rejected,"The image shows two researchers examining soybean plants in a field but no close-up view of diagnostic symptoms such as tan/brown lesions or pustules on leaf surfaces consistent with soybean rust is visible."
Soybean_rust,Soybean_Dise_112.jpg,no,whole_plant,rejected,"The image shows a mature soybean field with uniformly brown/tan dried plants consistent with normal senescence or harvest maturity; not the characteristic small tan-to-brown leaf spots with pustules on lower leaf surfaces indicative of soybean rust."
Soybean_rust,Soybean_Dise_95.jpg,yes,leaf,test,"The soybean leaves display characteristic yellowing with small tan-to-brown and brick-red necrotic spots consistent with soybean rust (Phakopsora pachyrhizi); along with the widespread chlorosis and premature leaf senescence described in the disease profile."
Soybean_rust,Soybean_Dise_132.jpg,yes,whole_plant,ref,"The field shows soybean plants with widespread yellowing; premature defoliation; and browning progressing from the lower canopy upward; which is consistent with the rapid spread and defoliation symptoms characteristic of soybean rust."
Soybean_rust,Soybean_Dise_121.jpg,no,leaf,rejected,"The leaf shows only physical damage (holes/tears consistent with insect feeding) with no visible tan-to-brown rust lesions or pustules characteristic of soybean rust."
Soybean_rust,Soybean_Dise_6.jpg,no,whole_plant,rejected,"The image shows mature soybean plants with dried; tan-brown pods at harvest maturity and some remaining leaves with general senescence/necrosis; but no visible pustules; urediniospores; or the characteristic small tan-to-brick-red lesions on leaf surfaces typical of soybean rust."
Soybean_rust,Soybean_Dise_64.jpg,yes,whole_plant,ref,"The soybean field shows widespread premature yellowing and defoliation consistent with soybean rust; which causes leaves to turn yellow and plants to defoliate prematurely across the canopy."
Soybean_rust,Soybean_Dise_94.jpg,yes,leaf,test,"The microscopic image shows a soybean leaf surface with multiple brown pustules (uredinia) containing urediniospores scattered across the green leaf tissue; consistent with the described symptoms of soybean rust."
Soybean_rust,Soybean_Dise_103.jpg,no,leaf,rejected,"The image shows two people examining a small plant sample in a soybean field; but no clear visual symptoms of soybean rust (tan/brown lesions; pustules; or urediniospores) are discernible in this field scene photograph."
Soybean_rust,Soybean_Dise_165.jpg,yes,leaf,skipped,"The soybean leaves display yellowing; small tan to brown spots; and mottled discoloration consistent with soybean rust infection; with older lower leaves showing advanced chlorosis and necrosis typical of this disease."
Sudden_death_syndrome,Soybean_Dise_48.jpg,yes,whole_plant,ref,"The soybean field shows classic SDS symptoms including interveinal chlorosis and necrosis with green veins retained; premature defoliation with petioles remaining on stems; and stunted/dying plants consistent with sudden death syndrome."
Sudden_death_syndrome,Soybean_Dise_39.jpg,yes,leaf,ref,"The leaves display classic SDS symptoms including interveinal chlorosis (yellow blotches between veins) and necrosis while the major veins remain green; consistent with the described foliar symptoms of Sudden Death Syndrome."
Sudden_death_syndrome,Soybean_Dise_268.jpg,yes,leaf,ref,"The soybean leaves display the characteristic interveinal chlorosis and necrosis with green veins remaining intact; which is a hallmark symptom of Sudden Death Syndrome as described."
Sudden_death_syndrome,Soybean_Dise_418.jpg,yes,leaf,ref,"The soybean leaf shows classic SDS symptoms including interveinal chlorosis and necrosis with yellow halos around brown necrotic lesions while major veins remain green; consistent with the described Sudden Death Syndrome foliar symptoms."
Sudden_death_syndrome,Soybean_Dise_288.jpg,yes,leaf,ref,"The soybean leaves display interveinal chlorosis and necrosis with yellowing and brown blotches between veins while major veins remain green; which is characteristic of Sudden Death Syndrome foliar symptoms."
Sudden_death_syndrome,Soybean_Dise_251.jpg,yes,leaf,ref,"The leaf displays interveinal chlorosis (yellow discoloration) with grayish-purple necrotic blotches between the veins while the main veins remain relatively green; consistent with the described SDS foliar symptoms of chlorotic and necrotic interveinal blotches."
Sudden_death_syndrome,Soybean_Dise_321.jpg,yes,leaf,test,"The soybean leaves display classic SDS foliar symptoms including interveinal chlorosis (yellow mottling between veins) with necrotic brown blotches while the main veins remain green; consistent with the described sudden death syndrome symptoms."
Sudden_death_syndrome,Soybean_Dise_242.jpg,no,leaf,rejected,"The leaves show insect feeding damage (shot holes/chewing injury) rather than the interveinal chlorosis and necrosis with green veins characteristic of Sudden Death Syndrome."
Sudden_death_syndrome,Soybean_Dise_213.jpg,no,whole_plant,rejected,"The image shows a broad field view of soybean plants that appear predominantly healthy and green without the characteristic interveinal chlorosis; necrotic blotches; or defoliation with retained petioles that are hallmark symptoms of Sudden Death Syndrome."
Sudden_death_syndrome,Soybean_Dise_352.jpg,yes,leaf,test,"The leaves display interveinal chlorosis and necrotic brown blotches with veins remaining green; which is consistent with the described foliar symptoms of Sudden Death Syndrome."
Sudden_death_syndrome,Soybean_Dise_136.jpeg,yes,leaf,test,"The soybean leaves display interveinal chlorosis and necrotic blotches with green veins remaining; which is consistent with the foliar symptoms of Sudden Death Syndrome as described."
Sudden_death_syndrome,Soybean_Dise_372.jpg,yes,leaf,skipped,"The leaves display interveinal chlorosis and necrosis with green veins remaining intact; which is characteristic of Sudden Death Syndrome's foliar symptoms as described."
Sudden_death_syndrome,Soybean_Dise_265.jpg,no,pod,rejected,"The image primarily shows healthy green soybean pods and stems with some leaf yellowing visible; but does not display the characteristic interveinal chlorosis/necrosis; leaflet drop with retained petioles; or root/stem discoloration symptoms associated with Sudden Death Syndrome."
Sudden_death_syndrome,Soybean_Dise_289.jpg,yes,whole_plant,ref,"The field shows soybean plants with interveinal chlorosis and yellowing symptoms visible across the canopy; consistent with the foliar symptoms of Sudden Death Syndrome including yellow blotches between leaf veins while some areas remain green."
Sudden_death_syndrome,Soybean_Dise_290.jpg,yes,leaf,skipped,"The leaves display interveinal chlorosis and necrotic blotches with veins remaining green; which is consistent with the foliar symptoms of Sudden Death Syndrome as described."
Sudden_death_syndrome,Soybean_Dise_179.jpg,no,whole_plant,rejected,"The image shows severely defoliated; desiccated soybean plants with dried pods and stems but lacks the characteristic interveinal chlorosis/necrosis with retained petioles and green veins that typify Sudden Death Syndrome; the appearance is more consistent with late-season senescence or drought stress."
Sudden_death_syndrome,Soybean_Dise_104.jpg,yes,whole_plant,ref,"The field image shows a soybean crop with visible patches of yellowing/browning and defoliation consistent with sudden death syndrome's characteristic interveinal chlorosis and necrosis causing widespread foliar damage across the canopy."
Sudden_death_syndrome,Soybean_Dise_334.jpg,yes,leaf,skipped,"The soybean leaves display interveinal chlorosis and necrotic blotches with veins remaining green; which is characteristic of Sudden Death Syndrome foliar symptoms as described."
Sudden_death_syndrome,Soybean_Dise_317.jpg,yes,leaf,skipped,"The soybean leaves display interveinal chlorosis and necrotic blotches with green veins remaining intact; which is characteristic of Sudden Death Syndrome foliar symptoms."
Sudden_death_syndrome,Soybean_Dise_257.jpg,yes,whole_plant,ref,"The soybean field shows interveinal chlorosis and necrosis on leaves with some yellowing and browning patterns consistent with Sudden Death Syndrome foliar symptoms; while petioles appear to remain attached on affected plants."
Tobacco_Streak_Virus,Soybean_Dise_92.jpg,no,whole_plant,rejected,"The image shows a mature soybean field that appears to be at or near harvest maturity with normal senescence and no visible TSV-characteristic symptoms such as bud blight; shepherd's crooking; dead streaks at nodes; pod lesions; or tissue proliferation."
Tobacco_Streak_Virus,Soybean_Dise_115.jpg,no,whole_plant,rejected,"The image shows a mature soybean field with general senescence and yellowing consistent with normal late-season maturity; not the characteristic TSV symptoms such as bud blight; shepherd's crooking; dark pod lesions; node streaking; or bud/leaf proliferation."
Tobacco_Streak_Virus,Soybean_Dise_40.jpg,yes,whole_plant,ref,"The image shows a soybean plant with dark spots on pods; discolored and dried leaves; dead streaks at nodes; and overall wilting and delayed maturity consistent with Tobacco Streak Virus symptoms described."
Tobacco_Streak_Virus,Soybean_Dise_81.jpg,yes,stem,ref,"The image shows dead streaks and necrotic lesions at a stem node with whitish fungal-like tissue; consistent with the characteristic node discoloration and dead streaks described for Tobacco Streak Virus infection."
Tobacco_Streak_Virus,Soybean_Dise_83.jpg,yes,pod,ref,"The soybean pod displays dark spots and streaking discoloration consistent with Tobacco Streak Virus pod lesion symptoms described in the disease profile."
Tobacco_Streak_Virus,Soybean_Dise_80.jpg,yes,pod,ref,"The image shows soybean pods and stems with characteristic dark/necrotic streaks at nodes and dark discoloration on the pods; consistent with Tobacco Streak Virus symptoms of dead streaks at nodes and pod lesions."
Tobacco_Streak_Virus,Soybean_Dise_84.jpg,no,whole_plant,rejected,"The image shows a mature soybean field with senescent/drying plants at harvest stage; lacking the characteristic TSV symptoms such as bud blight; shepherd's crooking; dead streaks at nodes; pod lesions; or tissue proliferation described for Tobacco Streak Virus."
Tobacco_Streak_Virus,Soybean_Dise_126.jpg,yes,pod,ref,"The soybean pods display dark brown discoloration and lesions consistent with Tobacco Streak Virus pod symptoms; while the leaf in the upper left also shows characteristic dark spots."
Tobacco_Streak_Virus,Soybean_Dise_88.jpg,yes,pod,ref,"The soybean pods display dark brown necrotic lesions and streaks characteristic of Tobacco Streak Virus pod infection; with discoloration and dead streaking consistent with the disease description."
Tobacco_Streak_Virus,Soybean_Dise_76.jpg,yes,stem,ref,"The image shows dead streaks and necrotic lesions at a stem node with grayish-brown discoloration and tissue death; which is consistent with the characteristic node discoloration and dead streaks described for Tobacco Streak Virus infection."
Tobacco_Streak_Virus,Soybean_Dise_47.jpg,yes,pod,ref,"The opened soybean pod shows dark lesions/discoloration on the inner pod wall and abnormal seed development consistent with Tobacco Streak Virus symptoms including dark spots on pods and delayed/irregular seed development."
Tobacco_Streak_Virus,Soybean_Dise_51.jpg,yes,pod,test,"The opened soybean pod shows brown discoloration and dark streaks on the inner pod wall consistent with TSV pod lesions; along with seeds showing discoloration differences indicative of delayed or disrupted seed development characteristic of Tobacco Streak Virus."
Tobacco_Streak_Virus,Soybean_Dise_43.jpg,yes,whole_plant,ref,"The image shows soybean plants with symptoms consistent with Tobacco Streak Virus; including wilting; dead/necrotic leaves; node discoloration with dark streaks; and overall plant decline characteristic of TSV infection."
Tobacco_Streak_Virus,Soybean_Dise_135.jpg,yes,stem,ref,"The image shows dark; necrotic streaking and dead tissue at a node on the stem; which is consistent with the characteristic 'dead streaks at nodes' symptom described for Tobacco Streak Virus."
Tobacco_Streak_Virus,Soybean_Dise_134.jpg,yes,pod,test,"The image shows soybean pods with abnormal white mycelium-like proliferation; tissue distortion; and necrotic streaking at the nodes; consistent with the bud blight; pod lesions; and proliferation of plant tissue described for Tobacco Streak Virus."
Tobacco_Streak_Virus,Soybean_Dise_128.jpg,yes,pod,test,"The opened soybean pod shows dark brown spots/lesions on the inner pod wall and discolored; underdeveloped seeds consistent with Tobacco Streak Virus symptoms of pod discoloration and delayed/abnormal seed development."
Tobacco_Streak_Virus,Soybean_Dise_39.jpg,no,whole_plant,rejected,"The image shows two people standing in a soybean field at apparent maturity with no visible symptoms of Tobacco Streak Virus such as bud blight; wilting; necrotic streaks; pod lesions; or distorted leaves — the plants appear largely normal and healthy."
Tobacco_Streak_Virus,Soybean_Dise_137.jpg,yes,pod,skipped,"The image shows soybean pods with dark spots and discoloration consistent with Tobacco Streak Virus pod lesion symptoms described in the disease profile."
Tobacco_Streak_Virus,Soybean_Dise_60.jpg,yes,whole_plant,ref,"The image shows a soybean field with symptoms consistent with Tobacco Streak Virus; including dried/dead stems; discolored and necrotic leaves; and mature pods with signs of delayed or irregular development; matching the described whole-plant effects of TSV."
Tobacco_Streak_Virus,Soybean_Dise_44.jpg,no,leaf,rejected,"The soybean leaves show yellow mosaic patches with dark brown/black spots consistent with soybean rust (Phakopsora pachyrhizi) or bacterial pustule rather than the bud blight; shepherd's crooking; dead streaks at nodes; or tissue proliferation characteristic of Tobacco Streak Virus."
White_Mold,Soybean_Dise_291.jpg,yes,whole_plant,ref,"The image shows soybean plants with wilted; dead stems bearing dried attached leaves and shriveled pods characteristic of white mold infection; consistent with the described symptoms of stem girdling; wilting; and plant death."
White_Mold,Soybean_Dise_31.jpg,no,whole_plant,rejected,"The image shows a soybean field with some dead/brown stems and mature pods but lacks the characteristic fluffy white mycelial growth; black sclerotia; or bleached white stem lesions diagnostic of white mold (Sclerotinia stem rot)."
White_Mold,Soybean_Dise_510.jpg,no,leaf,rejected,"The image shows soybean leaves with small dark spots and insect feeding holes but lacks the characteristic white fluffy mycelial growth; black sclerotia; or bleached stem lesions associated with White Mold (Sclerotinia sclerotiorum)."
White_Mold,Soybean_Dise_415.jpg,yes,stem,ref,"The image shows a hairy stem with white fluffy mycelial growth and dark black sclerotia visible on the stem surface; which are classic diagnostic features of white mold (Sclerotinia sclerotiorum)."
White_Mold,Soybean_Dise_527.jpg,no,whole_plant,rejected,"The image shows a broad field view of soybean plants with some yellowing leaves but no visible white fluffy mycelial growth; black sclerotia; bleached stems; or other characteristic White Mold symptoms described."
White_Mold,Soybean_Dise_66.jpg,yes,pod,ref,"The image shows soybean pods and stems with visible white bleached lesions and what appears to be dark sclerotia-like material near the pod attachments; consistent with white mold (Sclerotinia sclerotiorum) infection symptoms described."
White_Mold,Soybean_Dise_56.jpg,yes,stem,ref,"The image shows a soybean stem with bleached white tissue; fluffy white mycelial growth; and a dark black sclerotium embedded within the stem lesion; which are characteristic symptoms of White Mold (Sclerotinia sclerotiorum)."
White_Mold,Soybean_Dise_466.jpg,yes,stem,ref,"The image clearly shows fluffy white mycelial growth (cottony mold) on soybean stems near the nodes; which is characteristic of Sclerotinia stem rot (White Mold) as described."
White_Mold,Soybean_Dise_322.jpg,yes,pod,ref,"The image shows soybean pods and stem covered with characteristic fluffy white mycelial growth consistent with Sclerotinia white mold; matching the described cottony white mold on stems and pods."
White_Mold,Soybean_Dise_71.jpg,no,whole_plant,rejected,"The image shows a soybean field with wilted/reddish-brown plant tissue but lacks the characteristic fluffy white mycelial growth; white bleached stem lesions; or black sclerotia that are diagnostic of white mold; the reddish discoloration and wilting pattern is more consistent with another disease such as sudden death syndrome or phytophthora root rot."
White_Mold,Soybean_Dise_186.jpg,yes,whole_plant,ref,"The image shows soybean plants with bleached white stems; wilted dead leaves remaining attached; and dark sclerotia-like structures visible on the stems and foliage; consistent with white mold (Sclerotinia sclerotiorum) symptoms."
White_Mold,Soybean_Dise_177.jpg,yes,whole_plant,ref,"The soybean field shows patches of wilted; dying plants with brown stems and yellowing/browning foliage that remains attached; consistent with white mold's characteristic wilting and stem death symptoms across the canopy."
White_Mold,Soybean_Dise_339.jpg,yes,stem,ref,"The image shows soybean stems with dark gray-black sclerotia embedded on the stem surface; which is a hallmark symptom of white mold (Sclerotinia sclerotiorum) as described."
White_Mold,Soybean_Dise_133.jpg,yes,stem,ref,"The image shows dried soybean stems with multiple black sclerotia embedded within bleached/white lesions; which are the characteristic signs of white mold (Sclerotinia sclerotiorum) as described."
White_Mold,Soybean_Dise_282.jpg,yes,stem,test,"The soybean stem displays characteristic white fluffy mycelial growth with small dark sclerotia embedded within the bleached lesion at the node; consistent with white mold caused by Sclerotinia sclerotiorum."
White_Mold,Soybean_Dise_80.jpg,no,pod,rejected,"The image shows mature; dried soybean pods and stems at harvest maturity with no visible white fluffy mycelial growth; black sclerotia; or other characteristic symptoms of white mold (Sclerotinia stem rot)."
White_Mold,Soybean_Dise_368.jpg,yes,stem,test,"The soybean stem displays fluffy white mycelial growth and visible black sclerotia embedded within the lesion; which are the hallmark symptoms of White Mold (Sclerotinia sclerotiorum)."
White_Mold,Soybean_Dise_370.jpg,yes,stem,test,"The image shows a split soybean stem with characteristic black sclerotia embedded within white fluffy mycelial growth; which are hallmark symptoms of White Mold (Sclerotinia sclerotiorum)."
White_Mold,Soybean_Dise_19.jpg,yes,stem,skipped,"The image shows hairy soybean stems with white fluffy mycelial growth and dark black sclerotia embedded at the nodes; which are characteristic symptoms of White Mold (Sclerotinia sclerotiorum)."
