TWO-LAYER CROP DISEASE LABEL QUALITY REPORT
======================================================================
Loading crop-disease data...
Found 544 crops, 2163 unique disease labels.

Resuming: 238 crops already completed — skipping.

[1/544] Abortive Entoloma — skipped (saved)
[2/544] Acacia — skipped (saved)
[3/544] Agapanthus — skipped (saved)
[4/544] Alder — skipped (saved)
[5/544] Alderleaf Buckthorn — skipped (saved)
[6/544] Alfalfa — skipped (saved)
[7/544] Almond — skipped (saved)
[8/544] Alpinia — skipped (saved)
[9/544] Alumroot — skipped (saved)
[10/544] Amaryllis — skipped (saved)
[11/544] American Basswood — skipped (saved)
[12/544] American Bittersweet — skipped (saved)
[13/544] American Boxwood — skipped (saved)
[14/544] American Chestnut — skipped (saved)
[15/544] American Holly — skipped (saved)
[16/544] American Pistachio — skipped (saved)
[17/544] American Sycamore — skipped (saved)
[18/544] Anemone — skipped (saved)
[19/544] Apple — skipped (saved)
[20/544] Apple Scab — skipped (saved)
[21/544] Apple-Of-Peru — skipped (saved)
[22/544] Apricot — skipped (saved)
[23/544] Aralia — skipped (saved)
[24/544] Arborvitae — skipped (saved)
[25/544] Arkwright S Campion — skipped (saved)
[26/544] Armeria — skipped (saved)
[27/544] Armoracia — skipped (saved)
[28/544] Artichoke — skipped (saved)
[29/544] Artist S Conk — skipped (saved)
[30/544] Ash — skipped (saved)
[31/544] Asian Bayberry — skipped (saved)
[32/544] Asparagus — skipped (saved)
[33/544] Aspenpoplar — skipped (saved)
[34/544] Aster — skipped (saved)
[35/544] Astilbe — skipped (saved)
[36/544] Avocado — skipped (saved)
[37/544] Bacopa — skipped (saved)
[38/544] Bakanae Of Rice — skipped (saved)
[39/544] Balloon-Flower — skipped (saved)
[40/544] Bamboo — skipped (saved)
[41/544] Banana — skipped (saved)
[42/544] Barley — skipped (saved)
[43/544] Basil — skipped (saved)
[44/544] Bastard Toadflax — skipped (saved)
[45/544] Bean — skipped (saved)
[46/544] Beardtongue — skipped (saved)
[47/544] Beeblossom — skipped (saved)
[48/544] Beech — skipped (saved)
[49/544] Beet — skipped (saved)
[50/544] Begonia — skipped (saved)
[51/544] Bell Pepper — skipped (saved)
[52/544] Bellflower — skipped (saved)
[53/544] Benincasa — skipped (saved)
[54/544] Berkeleyomyces Basicola — skipped (saved)
[55/544] Berry — skipped (saved)
[56/544] Birch — skipped (saved)
[57/544] Birch Bolete — skipped (saved)
[58/544] Birch Conk — skipped (saved)
[59/544] Bird-Of-Paradise — skipped (saved)
[60/544] Black Baneberry — skipped (saved)
[61/544] Black Cohosh — skipped (saved)
[62/544] Black Knot — skipped (saved)
[63/544] Black Locust — skipped (saved)
[64/544] Black Morel — skipped (saved)
[65/544] Blackberry — skipped (saved)
[66/544] Blackberry Lily — skipped (saved)
[67/544] Blackberry Raspberry — skipped (saved)
[68/544] Blackgum — skipped (saved)
[69/544] Bleeding Heart — skipped (saved)
[70/544] Bloodflower Milkweed — skipped (saved)
[71/544] Blueberry — skipped (saved)
[72/544] Bluestar — skipped (saved)
[73/544] Blushing Amanita — skipped (saved)
[74/544] Boston Swordfern — skipped (saved)
[75/544] Bottlebrush — skipped (saved)
[76/544] Bouncingbet — skipped (saved)
[77/544] Boxwood — skipped (saved)
[78/544] Brazilian Gloxinia — skipped (saved)
[79/544] Brazilian Jasmine — skipped (saved)
[80/544] Bride S Feathers — skipped (saved)
[81/544] Britton S Wild Petunia — skipped (saved)
[82/544] Broadleaf Wild Leek — skipped (saved)
[83/544] Broccoli — skipped (saved)
[84/544] Bromelia — skipped (saved)
[85/544] Brown Waterscorpion — skipped (saved)
[86/544] Brown Witch S Butter — skipped (saved)
[87/544] Brugmansia — skipped (saved)
[88/544] Brush Cherry — skipped (saved)
[89/544] Bt — skipped (saved)
[90/544] Buckeye — skipped (saved)
[91/544] Buckthorn — skipped (saved)
[92/544] Buddha S Hand — skipped (saved)
[93/544] Bush Honeysuckles  Exotic — skipped (saved)
[94/544] Buttonbush — skipped (saved)
[95/544] Cabbage — skipped (saved)
[96/544] Cabbage Kale — skipped (saved)
[97/544] Cacti  Family Cactaceae — skipped (saved)
[98/544] Calibrachoa — skipped (saved)
[99/544] California Laurel — skipped (saved)
[100/544] California Wild Hollyhock — skipped (saved)
[101/544] Calonectria Cylindrospora Crous  Alfenas   M J  Wingf — skipped (saved)
[102/544] Camellia — skipped (saved)
[103/544] Camphortree — skipped (saved)
[104/544] Canada Thistle — skipped (saved)
[105/544] Candle Larkspur — skipped (saved)
[106/544] Canna — skipped (saved)
[107/544] Cape Primrose — skipped (saved)
[108/544] Carbon Balls — skipped (saved)
[109/544] Cardinalflower — skipped (saved)
[110/544] Carnation — skipped (saved)
[111/544] Carpenter Ants — skipped (saved)
[112/544] Carrot — skipped (saved)
[113/544] Cashew — skipped (saved)
[114/544] Cassava — skipped (saved)
[115/544] Cauliflower — skipped (saved)
[116/544] Cedar — skipped (saved)
[117/544] Celandine Poppy — skipped (saved)
[118/544] Celery — skipped (saved)
[119/544] Celosia — skipped (saved)
[120/544] Ceylon Bowstring-Hemp — skipped (saved)
[121/544] Chanterelle — skipped (saved)
[122/544] Cherry — skipped (saved)
[123/544] Chestnut Bolete — skipped (saved)
[124/544] Chickpea — skipped (saved)
[125/544] Chinese Lantern — skipped (saved)
[126/544] Cinnamon — skipped (saved)
[127/544] Cinquefoil — skipped (saved)
[128/544] Citrus — skipped (saved)
[129/544] Citrus Greening — skipped (saved)
[130/544] Clematis — skipped (saved)
[131/544] Clonostachys Rosea F  Rosea — skipped (saved)
[132/544] Cocklebur — skipped (saved)
[133/544] Coco Yam  Wild Taro — skipped (saved)
[134/544] Coconut — skipped (saved)
[135/544] Coffee — skipped (saved)
[136/544] Coleus — skipped (saved)
[137/544] Columbine — skipped (saved)
[138/544] Column Stinkhorn — skipped (saved)
[139/544] Common Coleus — skipped (saved)
[140/544] Common Elderberry — skipped (saved)
[141/544] Common Filbert — skipped (saved)
[142/544] Common Hackberry — skipped (saved)
[143/544] Common Hop — skipped (saved)
[144/544] Common Horse Chestnut — skipped (saved)
[145/544] Common Ninebark — skipped (saved)
[146/544] Common Periwinkle — skipped (saved)
[147/544] Common Pokeweed — skipped (saved)
[148/544] Common Puffball — skipped (saved)
[149/544] Common Purslane — skipped (saved)
[150/544] Common Zinnia — skipped (saved)
[151/544] Conecaps — skipped (saved)
[152/544] Coneflower — skipped (saved)
[153/544] Cordyline — skipped (saved)
[154/544] Corn — skipped (saved)
[155/544] Cosmos — skipped (saved)
[156/544] Costus — skipped (saved)
[157/544] Cotoneaster — skipped (saved)
[158/544] Cotton — skipped (saved)
[159/544] Creeping Yellow Loosestrife  Creeping Jenny — skipped (saved)
[160/544] Crested Coral — skipped (saved)
[161/544] Crown-Tipped Coral — skipped (saved)
[162/544] Crystal Violet Pectin  Cvp — skipped (saved)
[163/544] Cucumber — skipped (saved)
[164/544] Curly Dock — skipped (saved)
[165/544] Currant — skipped (saved)
[166/544] Cyamopsis — skipped (saved)
[167/544] Cyclamen — skipped (saved)
[168/544] Cydonia — skipped (saved)
[169/544] Dahlia — skipped (saved)
[170/544] Daisy — skipped (saved)
[171/544] Daphne — skipped (saved)
[172/544] Daphniphyllum — skipped (saved)
[173/544] Dead Man S Hand — skipped (saved)
[174/544] Deadnettle — skipped (saved)
[175/544] Deadwood And Snags — skipped (saved)
[176/544] Delicious Milk Cap — skipped (saved)
[177/544] Devilwood — skipped (saved)
[178/544] Diaporthe Juniperivora Sacc — skipped (saved)
[179/544] Dieffenbachia — skipped (saved)
[180/544] Dill — skipped (saved)
[181/544] Diplodia Sapinea De Not — skipped (saved)
[182/544] Dog Stinkhorn — skipped (saved)
[183/544] Doghobble — skipped (saved)
[184/544] Dogwood — skipped (saved)
[185/544] Double Impatiens — skipped (saved)
[186/544] Dracaena — skipped (saved)
[187/544] Dryad S Saddle — skipped (saved)
[188/544] Durian — skipped (saved)
[189/544] Earth Tongue — skipped (saved)
[190/544] Earthstar — skipped (saved)
[191/544] Eastern Hemlock — skipped (saved)
[192/544] Eastern Redbud — skipped (saved)
[193/544] Eastern Sweetshrub — skipped (saved)
[194/544] Eballistra Oryzae — skipped (saved)
[195/544] Ectomycorrhizae  General — skipped (saved)
[196/544] Edible Fig — skipped (saved)
[197/544] Eggplant — skipped (saved)
[198/544] Elephant-Ear — skipped (saved)
[199/544] Elm — skipped (saved)
[200/544] English Ivy — skipped (saved)
[201/544] Eucalyptus — skipped (saved)
[202/544] European Foulbrood — skipped (saved)
[203/544] European Fruit Lecanium — skipped (saved)
[204/544] Fairy Fan — skipped (saved)
[205/544] Fairy Rings — skipped (saved)
[206/544] False Coral — skipped (saved)
[207/544] False Goat S Beard — skipped (saved)
[208/544] False Morel — skipped (saved)
[209/544] False Spiraea — skipped (saved)
[210/544] False Tinder Polypore — skipped (saved)
[211/544] Figbanyan — skipped (saved)
[212/544] Fir — skipped (saved)
[213/544] Firethorn — skipped (saved)
[214/544] Fischer Monkshood — skipped (saved)
[215/544] Flaky Waxy Cap — skipped (saved)
[216/544] Flesh Flies — skipped (saved)
[217/544] Florist S Spiraea — skipped (saved)
[218/544] Fluted Black Elfin Saddle — skipped (saved)
[219/544] Foamflower — skipped (saved)
[220/544] Forsythia — skipped (saved)
[221/544] Fox Grape — skipped (saved)
[222/544] Freesia — skipped (saved)
[223/544] Frenching — skipped (saved)
[224/544] Garden Rhubarb — skipped (saved)
[225/544] Gardenia — skipped (saved)
[226/544] Garlic — skipped (saved)
[227/544] Gentian — skipped (saved)
[228/544] Geotrichum Capitatum Diddens   Lodder — skipped (saved)
[229/544] Geranium — skipped (saved)
[230/544] German Iris — skipped (saved)
[231/544] Giant Hyssop — skipped (saved)
[232/544] Giant Puffball — skipped (saved)
[233/544] Giant Sequoia — skipped (saved)
[234/544] Gilled Polypore — skipped (saved)
[235/544] Ginger — skipped (saved)
[236/544] Ginkgo — skipped (saved)
[237/544] Gladiolus — skipped (saved)
[238/544] Glossy Buckthorn — skipped (saved)

######################################################################
# [239/544]  Gloxinia
# LAYER 1 — Crop Validation
######################################################################

──────────────────────────────────────────────────────────────────────
[239/544]  CROP: Gloxinia
──────────────────────────────────────────────────────────────────────
  Node A (real plant?)     : YES
  Node B (cultivated crop?): YES
  Node C (name correct?)   : YES
  Verdict   : VALID
  Category  : ornamental

# LAYER 2 — Disease Label Check
  Judging 2 diseases... done

======================================================================
[239/544]  DISEASES — CROP: Gloxinia
======================================================================
  Total: 2  |  CORRECT: 2  QUESTIONABLE: 0  INCORRECT: 0

  SUMMARY: Both labels are legitimate diseases of greenhouse-grown gloxinia (Sinningia speciosa), with INSV being a major viral threat and Phytophthora a common soilborne/splash-dispersed pathogen. The labels are distinct with no overlap or duplication. Overall the list is accurate but narrow, covering only one viral and one oomycete disease.

######################################################################
# [240/544]  Golden Clavaria
# LAYER 1 — Crop Validation
######################################################################

──────────────────────────────────────────────────────────────────────
[240/544]  CROP: Golden Clavaria
──────────────────────────────────────────────────────────────────────
  Node A (real plant?)     : YES
  Node B (cultivated crop?): NO
  Node C (name correct?)   : N/A
  Verdict   : NON_CROP
  Category  : other
  Canonical : Clavulinopsis fusiformis
  Notes     : Golden Clavaria (golden spindles) is a wild coral fungus, not a cultivated crop.

  → Skipping disease check (crop verdict: NON_CROP)

######################################################################
# [241/544]  Golden Pholiota
# LAYER 1 — Crop Validation
######################################################################

──────────────────────────────────────────────────────────────────────
[241/544]  CROP: Golden Pholiota
──────────────────────────────────────────────────────────────────────
  Node A (real plant?)     : YES
  Node B (cultivated crop?): YES
  Node C (name correct?)   : YES
  Verdict   : VALID
  Category  : other
  Notes     : Edible cultivated mushroom (Pholiota microspora / nameko), a fungus rather than a plant but commonly grown as a horticultural food crop.

# LAYER 2 — Disease Label Check
  Judging 1 diseases... done

======================================================================
[241/544]  DISEASES — CROP: Golden Pholiota
======================================================================
  Total: 1  |  CORRECT: 0  QUESTIONABLE: 0  INCORRECT: 1

  INCORRECT:
    x  Golden Pholiota: Golden Pholiota (Pholiota aurivella/limonella) is a mushroom species, not a disease.

  SUMMARY: The single entry provided is the name of a mushroom (a fungus in genus Pholiota), not a plant disease. Additionally, Golden Pholiota is not a recognized crop — it is a wild/cultivated fungus itself. The label fails as both a crop designation and a disease entry.

######################################################################
# [242/544]  Gooseberry
# LAYER 1 — Crop Validation
######################################################################

──────────────────────────────────────────────────────────────────────
[242/544]  CROP: Gooseberry
──────────────────────────────────────────────────────────────────────
  Node A (real plant?)     : YES
  Node B (cultivated crop?): YES
  Node C (name correct?)   : YES
  Verdict   : VALID
  Category  : fruit

# LAYER 2 — Disease Label Check
  Judging 2 diseases... done

======================================================================
[242/544]  DISEASES — CROP: Gooseberry
======================================================================
  Total: 2  |  CORRECT: 1  QUESTIONABLE: 1  INCORRECT: 0

  QUESTIONABLE:
    ?  White Pine Blister Rust: Cronartium ribicola infects gooseberry (Ribes) as an alternate host, but the disease name refers to damage on white pines rather than a gooseberry disease per se.

  SUMMARY: One label is a clearly correct gooseberry disease, while the other is questionable because it names the pine-phase disease rather than the Ribes-phase symptoms (often called Ribes leaf rust). The list is short but otherwise coherent and free of duplicates.

######################################################################
# [243/544]  Granulated Slippery Jack
# LAYER 1 — Crop Validation
######################################################################

──────────────────────────────────────────────────────────────────────
[243/544]  CROP: Granulated Slippery Jack
──────────────────────────────────────────────────────────────────────
  Node A (real plant?)     : YES
  Node B (cultivated crop?): NO
  Node C (name correct?)   : N/A
  Verdict   : NON_CROP
  Category  : other
  Canonical : Suillus granulatus
  Notes     : Wild edible mushroom (fungus, not a plant); foraged rather than cultivated as a crop.

  → Skipping disease check (crop verdict: NON_CROP)

######################################################################
# [244/544]  Grape
# LAYER 1 — Crop Validation
######################################################################

──────────────────────────────────────────────────────────────────────
[244/544]  CROP: Grape
──────────────────────────────────────────────────────────────────────
  Node A (real plant?)     : YES
  Node B (cultivated crop?): YES
  Node C (name correct?)   : YES
  Verdict   : VALID
  Category  : fruit

# LAYER 2 — Disease Label Check
  Judging 15 diseases... done

======================================================================
[244/544]  DISEASES — CROP: Grape
======================================================================
  Total: 15  |  CORRECT: 10  QUESTIONABLE: 5  INCORRECT: 0

  QUESTIONABLE:
    ?  Brown Spot: Vague common name not specifically tied to a standard grape disease without a pathogen qualifier.
    ?  Leaf Blight: Generic symptom term; often refers to Isariopsis leaf blight on grape but the label lacks specificity.
    ?  Leaf Spot: Non-specific symptom descriptor rather than a defined grape disease.
    ?  Phaeomoniella Fungus: Names the pathogen genus (Phaeomoniella chlamydospora, part of Petri/Esca complex) rather than a specific disease name.
    ?  Pseudocercospora Leaf Spot: Pseudocercospora vitis is reported but it is a minor/unusual association and names the genus rather than a standard disease.

  ~ SIMILAR: Black Measles | Esca | Phaeomoniella Fungus
    All refer to the Esca/Petri trunk disease complex; Black Measles is the berry/leaf symptom name for Esca, and Phaeomoniella chlamydospora is a causal fungus within the complex.

  ~ SIMILAR: Leaf Blight | Leaf Spot | Pseudocercospora Leaf Spot | Brown Spot
    Overlapping generic foliar symptom terms that can describe the same or similar lesions caused by various leaf-spotting fungi.

  SUMMARY: The list covers the major grape diseases (downy/powdery mildew, black rot, anthracnose, gray mold, crown gall, Pierce's/bacterial leaf scorch, leafroll, Esca) but contains redundancy around the Esca complex (Black Measles, Esca, Phaeomoniella Fungus) and several vague symptom-based labels (Brown Spot, Leaf Spot, Leaf Blight). Labels should be consolidated to canonical disease names and the pathogen-genus entry replaced with the corresponding disease name to improve clarity and avoid duplicate classes.

######################################################################
# [245/544]  Grape-Leaf Anemone
# LAYER 1 — Crop Validation
######################################################################

──────────────────────────────────────────────────────────────────────
[245/544]  CROP: Grape-Leaf Anemone
──────────────────────────────────────────────────────────────────────
  Node A (real plant?)     : YES
  Node B (cultivated crop?): YES
  Node C (name correct?)   : YES
  Verdict   : VALID
  Category  : ornamental
  Notes     : Anemone tomentosa, cultivated as a perennial garden ornamental.

# LAYER 2 — Disease Label Check
  Judging 1 diseases... done

======================================================================
[245/544]  DISEASES — CROP: Grape-Leaf Anemone
======================================================================
  Total: 1  |  CORRECT: 1  QUESTIONABLE: 0  INCORRECT: 0

  SUMMARY: The single label provided is a legitimate and recognized viral disease of Anemone species, including grape-leaf anemone. No duplicates or overlapping entries exist in this list. Overall label quality is acceptable, though the list is very narrow and could be expanded to cover other documented Anemone diseases (e.g., downy mildew, rust, leaf smut).

######################################################################
# [246/544]  Grass
# LAYER 1 — Crop Validation
######################################################################

──────────────────────────────────────────────────────────────────────
[246/544]  CROP: Grass
──────────────────────────────────────────────────────────────────────
  Node A (real plant?)     : YES
  Node B (cultivated crop?): NO
  Node C (name correct?)   : N/A
  Verdict   : NON_CROP
  Category  : forage
  Notes     : Generic term for Poaceae family plants; not a specific cultivated crop unless specified as a forage/turf species.

  → Skipping disease check (crop verdict: NON_CROP)

######################################################################
# [247/544]  Great Blue Lobelia
# LAYER 1 — Crop Validation
######################################################################

──────────────────────────────────────────────────────────────────────
[247/544]  CROP: Great Blue Lobelia
──────────────────────────────────────────────────────────────────────
  Node A (real plant?)     : YES
  Node B (cultivated crop?): YES
  Node C (name correct?)   : YES
  Verdict   : VALID
  Category  : ornamental
  Notes     : Lobelia siphilitica, grown as a native perennial ornamental.

# LAYER 2 — Disease Label Check
  Judging 1 diseases... done

======================================================================
[247/544]  DISEASES — CROP: Great Blue Lobelia
======================================================================
  Total: 1  |  CORRECT: 0  QUESTIONABLE: 1  INCORRECT: 0

  QUESTIONABLE:
    ?  Tomato Spotted Wilt Virus: TSWV has an extremely broad host range and can infect Lobelia species, but it is not a commonly documented or economically significant disease of Great Blue Lobelia (Lobelia siphilitica).

  SUMMARY: The single label refers to a real, well-characterized tospovirus with a very wide ornamental host range, so infection of Lobelia is plausible but not a standard or frequently reported disease association for Great Blue Lobelia. The entry would benefit from verification against documented ornamental disease records before being treated as a confirmed disease of this crop.

######################################################################
# [248/544]  Guava
# LAYER 1 — Crop Validation
######################################################################

──────────────────────────────────────────────────────────────────────
[248/544]  CROP: Guava
──────────────────────────────────────────────────────────────────────
  Node A (real plant?)     : YES
  Node B (cultivated crop?): YES
  Node C (name correct?)   : YES
  Verdict   : VALID
  Category  : fruit

# LAYER 2 — Disease Label Check
  Judging 1 diseases... done

======================================================================
[248/544]  DISEASES — CROP: Guava
======================================================================
  Total: 1  |  CORRECT: 1  QUESTIONABLE: 0  INCORRECT: 0

  SUMMARY: The single label provided is a legitimate, well-documented disease of guava. No duplicates or overlapping entries to flag. Overall label quality is acceptable.

######################################################################
# [249/544]  Half-Dyed Slender Caesar
# LAYER 1 — Crop Validation
######################################################################

──────────────────────────────────────────────────────────────────────
[249/544]  CROP: Half-Dyed Slender Caesar
──────────────────────────────────────────────────────────────────────
  Node A (real plant?)     : YES
  Node B (cultivated crop?): NO
  Node C (name correct?)   : N/A
  Verdict   : NON_CROP
  Category  : other
  Canonical : Amanita battarrae
  Notes     : Common name for Amanita battarrae, a wild mushroom (fungus, not a plant) that is not cultivated as a crop.

  → Skipping disease check (crop verdict: NON_CROP)

######################################################################
# [250/544]  Hawthorn
# LAYER 1 — Crop Validation
######################################################################

──────────────────────────────────────────────────────────────────────
[250/544]  CROP: Hawthorn
──────────────────────────────────────────────────────────────────────
  Node A (real plant?)     : YES
  Node B (cultivated crop?): YES
  Node C (name correct?)   : YES
  Verdict   : VALID
  Category  : tree_crop

# LAYER 2 — Disease Label Check
  Judging 7 diseases... done

======================================================================
[250/544]  DISEASES — CROP: Hawthorn
======================================================================
  Total: 7  |  CORRECT: 5  QUESTIONABLE: 2  INCORRECT: 0

  QUESTIONABLE:
    ?  Entomosporium Fungus: Names the pathogen genus rather than a specific disease; the disease is Entomosporium leaf spot.
    ?  Rust: Generic label; multiple distinct rusts (cedar-hawthorn, quince, hawthorn) affect Crataegus and should be specified.

  ~ SIMILAR: Entomosporium Fungus | Entomosporium Leaf Spot
    Both refer to the same Entomosporium mespili disease; one names the pathogen, the other the disease.

  ~ SIMILAR: American Hawthorn Rust | Quince Rust | Rust
    All are Gymnosporangium rust diseases on hawthorn; 'Rust' is a generic umbrella overlapping the two specific entries.

  SUMMARY: Most labels are valid hawthorn diseases, but the list contains redundancy between Entomosporium entries and overlap among the rust labels. Cleanup should consolidate the Entomosporium duplicate and replace the generic 'Rust' with specific Gymnosporangium diseases already listed.

######################################################################
# [251/544]  Hazelnut
# LAYER 1 — Crop Validation
######################################################################

──────────────────────────────────────────────────────────────────────
[251/544]  CROP: Hazelnut
──────────────────────────────────────────────────────────────────────
  Node A (real plant?)     : YES
  Node B (cultivated crop?): YES
  Node C (name correct?)   : YES
  Verdict   : VALID
  Category  : nut_crop

# LAYER 2 — Disease Label Check
  Judging 1 diseases... done

======================================================================
[251/544]  DISEASES — CROP: Hazelnut
======================================================================
  Total: 1  |  CORRECT: 1  QUESTIONABLE: 0  INCORRECT: 0

  SUMMARY: The single disease label provided is accurate and represents one of the most important diseases of hazelnut in North America. No duplicates or overlapping entries exist given only one label was supplied. Label quality is high.

######################################################################
# [252/544]  Heather
# LAYER 1 — Crop Validation
######################################################################

──────────────────────────────────────────────────────────────────────
[252/544]  CROP: Heather
──────────────────────────────────────────────────────────────────────
  Node A (real plant?)     : YES
  Node B (cultivated crop?): YES
  Node C (name correct?)   : YES
  Verdict   : VALID
  Category  : ornamental

# LAYER 2 — Disease Label Check
  Judging 1 diseases... done

======================================================================
[252/544]  DISEASES — CROP: Heather
======================================================================
  Total: 1  |  CORRECT: 1  QUESTIONABLE: 0  INCORRECT: 0

  SUMMARY: The single entry is a valid and well-documented disease of heather. No duplicates or overlaps to flag. Overall label quality is good.

######################################################################
# [253/544]  Heliconia
# LAYER 1 — Crop Validation
######################################################################

──────────────────────────────────────────────────────────────────────
[253/544]  CROP: Heliconia
──────────────────────────────────────────────────────────────────────
  Node A (real plant?)     : YES
  Node B (cultivated crop?): YES
  Node C (name correct?)   : YES
  Verdict   : VALID
  Category  : ornamental

# LAYER 2 — Disease Label Check
  Judging 5 diseases... done

======================================================================
[253/544]  DISEASES — CROP: Heliconia
======================================================================
  Total: 5  |  CORRECT: 0  QUESTIONABLE: 4  INCORRECT: 1

  INCORRECT:
    x  Fungus: 'Fungus' is a kingdom of organisms, not a disease name.

  QUESTIONABLE:
    ?  Bitter Rot And Anthracnose: Anthracnose (Colletotrichum) does occur on Heliconia but 'bitter rot' is a term typically used for apple/grape rots, making this a conflated label.
    ?  Leptosphaeria Leaf Blight: Leptosphaeria species can cause leaf spots on Heliconia but the label names a pathogen genus rather than a specific, well-documented disease.
    ?  Mycosphaerella Fungi: Mycosphaerella leaf spots are reported on Heliconia, but 'Mycosphaerella Fungi' names a pathogen genus rather than a disease.
    ?  Phaeosphaeria Fungi: Phaeosphaeria leaf spot is documented on Heliconia, but the label names a pathogen genus rather than a specific disease.

  ~ SIMILAR: Leptosphaeria Leaf Blight | Mycosphaerella Fungi | Phaeosphaeria Fungi
    All three are ascomycete leaf-spot/blight pathogens of Heliconia with overlapping symptoms, and the latter two are labeled as genera rather than distinct diseases.

  SUMMARY: The label set is weak: only one entry ('Bitter Rot And Anthracnose') attempts to name a disease, and even it conflates two conditions. 'Fungus' is not a disease, and three entries name pathogen genera instead of specific diseases. The three genus-level leaf-spot entries overlap heavily in symptomatology and should be consolidated into properly named diseases (e.g., Mycosphaerella leaf spot, Phaeosphaeria leaf spot).

######################################################################
# [254/544]  Hellebore
# LAYER 1 — Crop Validation
######################################################################

──────────────────────────────────────────────────────────────────────
[254/544]  CROP: Hellebore
──────────────────────────────────────────────────────────────────────
  Node A (real plant?)     : YES
  Node B (cultivated crop?): YES
  Node C (name correct?)   : YES
  Verdict   : VALID
  Category  : ornamental

# LAYER 2 — Disease Label Check
  Judging 1 diseases... done

======================================================================
[254/544]  DISEASES — CROP: Hellebore
======================================================================
  Total: 1  |  CORRECT: 0  QUESTIONABLE: 1  INCORRECT: 0

  QUESTIONABLE:
    ?  Microsphaeropsis Hellebori: Microsphaeropsis hellebori is a pathogen (fungus) name rather than a disease name; the associated disease is commonly called hellebore leaf spot or hellebore black death is a separate issue, so the label references a genus/species instead of the disease.

  SUMMARY: The single entry names a fungal species (Microsphaeropsis hellebori) rather than the disease it causes (typically referred to as hellebore leaf spot). While the organism is a documented hellebore pathogen, the label should be reformulated as a disease name for consistency and clarity.

######################################################################
# [255/544]  Hemlock
# LAYER 1 — Crop Validation
######################################################################

──────────────────────────────────────────────────────────────────────
[255/544]  CROP: Hemlock
──────────────────────────────────────────────────────────────────────
  Node A (real plant?)     : YES
  Node B (cultivated crop?): YES
  Node C (name correct?)   : YES
  Verdict   : VALID
  Category  : tree_crop
  Notes     : Interpreted as the coniferous timber/ornamental tree (Tsuga spp.); if referring to poison hemlock (Conium maculatum), it would be NON_CROP.

# LAYER 2 — Disease Label Check
  Judging 2 diseases... done

======================================================================
[255/544]  DISEASES — CROP: Hemlock
======================================================================
  Total: 2  |  CORRECT: 1  QUESTIONABLE: 1  INCORRECT: 0

  QUESTIONABLE:
    ?  Dermea: Dermea is a fungal genus rather than a specific disease name; species such as Dermea balsamea are associated with cankers on conifers but the label is vague.

  ~ SIMILAR: Dermea | Phomopsis Cankers And Twig Blights
    Both refer to fungal canker/dieback diseases of conifer twigs and branches and can produce overlapping symptoms of branch dieback and cankering.

  SUMMARY: One label is a valid canker/twig blight disease of hemlock, while the other names only a fungal genus without specifying the disease. The two entries describe overlapping canker-type conditions, so the list would benefit from clarifying 'Dermea' into a specific disease name to avoid redundancy.

######################################################################
# [256/544]  Hemlock Woolly Adelgid
# LAYER 1 — Crop Validation
######################################################################

──────────────────────────────────────────────────────────────────────
[256/544]  CROP: Hemlock Woolly Adelgid
──────────────────────────────────────────────────────────────────────
  Node A (real plant?)     : ?
  Node B (cultivated crop?): ?
  Node C (name correct?)   : ?
  Verdict   : ERROR
  Category  : 

  → Skipping disease check (crop verdict: ERROR)

######################################################################
# [257/544]  Hemp Marijuana
# LAYER 1 — Crop Validation
######################################################################

──────────────────────────────────────────────────────────────────────
[257/544]  CROP: Hemp Marijuana
──────────────────────────────────────────────────────────────────────
  Node A (real plant?)     : YES
  Node B (cultivated crop?): YES
  Node C (name correct?)   : NO
  Verdict   : MISSPELLED_OR_UNSTANDARDISED
  Category  : other
  Canonical : Cannabis
  Notes     : Conflates two names for Cannabis sativa; 'hemp' refers to fiber/seed cultivars and 'marijuana' to drug-type cultivars — standardise to Cannabis (or specify Hemp vs Marijuana separately).

# LAYER 2 — Disease Label Check
  Judging 4 diseases... done

======================================================================
[257/544]  DISEASES — CROP: Hemp Marijuana
======================================================================
  Total: 4  |  CORRECT: 3  QUESTIONABLE: 1  INCORRECT: 0

  QUESTIONABLE:
    ?  Rust: Rust fungi are only rarely reported on Cannabis and the label is generic rather than naming a specific rust pathogen.

  SUMMARY: Three of the four labels are well-documented hemp/marijuana diseases, with powdery mildew and Cercospora leaf spot being especially common. 'Rust' is questionable because rust diseases are uncommon on cannabis and the label is non-specific. Overall the list is reasonable but would benefit from more precise pathogen-level naming.

######################################################################
# [258/544]  Hibiscus
# LAYER 1 — Crop Validation
######################################################################

──────────────────────────────────────────────────────────────────────
[258/544]  CROP: Hibiscus
──────────────────────────────────────────────────────────────────────
  Node A (real plant?)     : YES
  Node B (cultivated crop?): YES
  Node C (name correct?)   : YES
  Verdict   : VALID
  Category  : ornamental

# LAYER 2 — Disease Label Check
  Judging 1 diseases... done

======================================================================
[258/544]  DISEASES — CROP: Hibiscus
======================================================================
  Total: 1  |  CORRECT: 1  QUESTIONABLE: 0  INCORRECT: 0

  SUMMARY: The single label provided is a legitimate and documented disease of Hibiscus. No duplicates or overlapping entries exist in this one-item list. Overall label quality is acceptable.

######################################################################
# [259/544]  Hickory
# LAYER 1 — Crop Validation
######################################################################

──────────────────────────────────────────────────────────────────────
[259/544]  CROP: Hickory
──────────────────────────────────────────────────────────────────────
  Node A (real plant?)     : YES
  Node B (cultivated crop?): YES
  Node C (name correct?)   : YES
  Verdict   : VALID
  Category  : tree_crop

# LAYER 2 — Disease Label Check
  Judging 14 diseases... done

======================================================================
[259/544]  DISEASES — CROP: Hickory
======================================================================
  Total: 14  |  CORRECT: 4  QUESTIONABLE: 8  INCORRECT: 2

  INCORRECT:
    x  Exidia Crenata: Exidia crenata is a saprotrophic jelly fungus that decays dead wood, not a pathogen of living hickory.
    x  Pecan Scab: Pecan scab (Venturia effusa) is specific to pecan and is not a recognized disease of hickory species generally.

  QUESTIONABLE:
    ?  Ascochyta Fungi: Names a fungal genus rather than a specific hickory disease and Ascochyta is not a major documented pathogen of hickory.
    ?  Bitter Rot And Anthracnose: Anthracnose (Gnomonia caryae) does affect hickory, but 'bitter rot' is primarily an apple disease and combining the two is misleading.
    ?  Diplodia Fungus: Names a pathogen genus rather than a disease; Diplodia canker can occur on hickory but the label is vague.
    ?  Leaf Mold: 'Leaf mold' is a generic term most commonly associated with tomato (Passalora fulva) and is not a recognized hickory disease.
    ?  Pecan Bunch: Bunch disease (a phytoplasma) primarily affects pecan but has been reported in hickory; the label still references pecan rather than hickory.
    ?  Pseudomicrostroma Juglandis: Pseudomicrostroma juglandis is associated with Juglans (walnut) rather than Carya (hickory); names a pathogen, not a disease.
    ?  Red Polypore: Common name is ambiguous; polypores are wood-decay fungi typically colonizing dead or stressed wood rather than acting as primary pathogens.
    ?  Strumella Canker: Strumella (Urnula) canker is principally a disease of oak; reports on hickory exist but are unusual.

  ~ SIMILAR: Bitter Rot And Anthracnose | Phomopsis Cankers And Twig Blights
    Both bundle multiple disease concepts into a single label, which conflates distinct pathogens and symptoms.

  ~ SIMILAR: Ascochyta Fungi | Diplodia Fungus | Pseudomicrostroma Juglandis
    All three name a pathogen genus/species rather than a specific hickory disease.

  ~ SIMILAR: Exidia Crenata | Red Polypore
    Both refer to wood-decay basidiomycetes that colonize dead wood rather than primary hickory pathogens.

  ~ SIMILAR: Pecan Bunch | Pecan Scab
    Both are pecan-specific labels included under hickory, reflecting the same misattribution from a related Carya species.

  SUMMARY: The hickory list mixes a few genuine hickory diseases (bacterial leaf scorch, Phomopsis cankers, powdery mildew, sooty mold) with several problematic entries: pecan-specific diseases, walnut-specific pathogens, generic genus names, and saprotrophic wood-decay fungi misclassified as pathogens. Several labels conflate multiple diseases or use pathogen names instead of disease names, reducing taxonomic precision. Overall the list needs cleanup to remove non-hickory and non-pathogenic entries and to standardize disease-level naming.

######################################################################
# [260/544]  Holly
# LAYER 1 — Crop Validation
######################################################################

──────────────────────────────────────────────────────────────────────
[260/544]  CROP: Holly
──────────────────────────────────────────────────────────────────────
  Node A (real plant?)     : YES
  Node B (cultivated crop?): YES
  Node C (name correct?)   : YES
  Verdict   : VALID
  Category  : ornamental

# LAYER 2 — Disease Label Check
  Judging 3 diseases... done

======================================================================
[260/544]  DISEASES — CROP: Holly
======================================================================
  Total: 3  |  CORRECT: 0  QUESTIONABLE: 2  INCORRECT: 1

  INCORRECT:
    x  Puccinia Rust: Puccinia rust fungi are not known to infect holly (Ilex spp.); holly has no well-documented rust disease.

  QUESTIONABLE:
    ?  Ascochyta Fungi: Names a fungal genus rather than a specific disease, and Ascochyta is not a well-documented pathogen of holly (Ilex).
    ?  Berkeleyomyces Basicola: Labels the pathogen (cause of black root rot) rather than the disease, and holly is not among its commonly documented hosts.

  ~ SIMILAR: Ascochyta Fungi | Berkeleyomyces Basicola
    Both entries name a fungal pathogen/genus rather than a disease affecting holly, reflecting the same labeling issue.

  SUMMARY: The label set for holly is weak: two entries name pathogens instead of diseases and are not well-associated with Ilex, while Puccinia rust is not a recognized disease of holly. The list appears to be generic fungal labels rather than holly-specific diseases such as tar spot, leaf spot (Phytophthora, Macrophoma), or sooty mold.

######################################################################
# [261/544]  Hollyhock
# LAYER 1 — Crop Validation
######################################################################

──────────────────────────────────────────────────────────────────────
[261/544]  CROP: Hollyhock
──────────────────────────────────────────────────────────────────────
  Node A (real plant?)     : YES
  Node B (cultivated crop?): YES
  Node C (name correct?)   : YES
  Verdict   : VALID
  Category  : ornamental

# LAYER 2 — Disease Label Check
  Judging 2 diseases... done

======================================================================
[261/544]  DISEASES — CROP: Hollyhock
======================================================================
  Total: 2  |  CORRECT: 1  QUESTIONABLE: 1  INCORRECT: 0

  QUESTIONABLE:
    ?  Tobacco Rattle Virus: Tobacco rattle virus has a very broad host range and has occasionally been reported in ornamentals, but it is not a typical or well-established disease of hollyhock.

  SUMMARY: The label set contains one clearly correct, signature hollyhock disease (rust) and one viral entry with only a tenuous association to hollyhock. Overall coverage is thin and skewed, missing other common hollyhock problems such as anthracnose, leaf spot, and powdery mildew. Consider verifying the tobacco rattle virus entry against a reliable host-range reference before including it.

######################################################################
# [262/544]  Honey Bee
# LAYER 1 — Crop Validation
######################################################################

──────────────────────────────────────────────────────────────────────
[262/544]  CROP: Honey Bee
──────────────────────────────────────────────────────────────────────
  Node A (real plant?)     : NO
  Node B (cultivated crop?): N/A
  Node C (name correct?)   : N/A
  Verdict   : INVALID
  Category  : other
  Notes     : Honey bee is an insect (Apis spp.), not a plant or crop.

  → Skipping disease check (crop verdict: INVALID)

######################################################################
# [263/544]  Honeydew
# LAYER 1 — Crop Validation
######################################################################

──────────────────────────────────────────────────────────────────────
[263/544]  CROP: Honeydew
──────────────────────────────────────────────────────────────────────
  Node A (real plant?)     : YES
  Node B (cultivated crop?): YES
  Node C (name correct?)   : YES
  Verdict   : VALID
  Category  : fruit

# LAYER 2 — Disease Label Check
  Judging 2 diseases... done

======================================================================
[263/544]  DISEASES — CROP: Honeydew
======================================================================
  Total: 2  |  CORRECT: 2  QUESTIONABLE: 0  INCORRECT: 0

  SUMMARY: Both labels are legitimate, well-documented diseases of honeydew melon (Cucumis melo). The list is concise and free of duplicates or overlapping entries, though it covers only a small subset of honeydew's disease spectrum (e.g., powdery mildew, downy mildew, Fusarium wilt, gummy stem blight are not included).

######################################################################
# [264/544]  Honeylocust
# LAYER 1 — Crop Validation
######################################################################

──────────────────────────────────────────────────────────────────────
[264/544]  CROP: Honeylocust
──────────────────────────────────────────────────────────────────────
  Node A (real plant?)     : YES
  Node B (cultivated crop?): YES
  Node C (name correct?)   : YES
  Verdict   : VALID
  Category  : tree_crop

# LAYER 2 — Disease Label Check
  Judging 2 diseases... done

======================================================================
[264/544]  DISEASES — CROP: Honeylocust
======================================================================
  Total: 2  |  CORRECT: 1  QUESTIONABLE: 1  INCORRECT: 0

  QUESTIONABLE:
    ?  Sulfur Shelf: Sulfur Shelf refers to the wood-decay fungus Laetiporus sulphureus rather than a named disease, and honeylocust is not among its most typical hosts.

  SUMMARY: One of the two entries is a well-established honeylocust disease, while the other describes a wood-decay fungus that is not a standard honeylocust disease name. Overall the list is short and only partially clean; the Sulfur Shelf entry should be replaced with a defined canker, wilt, or foliar disease of honeylocust. No duplicate or overlapping labels were identified.

######################################################################
# [265/544]  Honeysuckle
# LAYER 1 — Crop Validation
######################################################################

──────────────────────────────────────────────────────────────────────
[265/544]  CROP: Honeysuckle
──────────────────────────────────────────────────────────────────────
  Node A (real plant?)     : YES
  Node B (cultivated crop?): YES
  Node C (name correct?)   : YES
  Verdict   : VALID
  Category  : ornamental

# LAYER 2 — Disease Label Check
  Judging 1 diseases... done

======================================================================
[265/544]  DISEASES — CROP: Honeysuckle
======================================================================
  Total: 1  |  CORRECT: 1  QUESTIONABLE: 0  INCORRECT: 0

  SUMMARY: The single label provided is a legitimate and commonly reported disease of honeysuckle. No duplicates or overlaps exist in this minimal list, and the entry passes quality checks without issue.

######################################################################
# [266/544]  Hornbeam
# LAYER 1 — Crop Validation
######################################################################

──────────────────────────────────────────────────────────────────────
[266/544]  CROP: Hornbeam
──────────────────────────────────────────────────────────────────────
  Node A (real plant?)     : YES
  Node B (cultivated crop?): YES
  Node C (name correct?)   : YES
  Verdict   : VALID
  Category  : tree_crop
  Notes     : Grown primarily as an ornamental/hedging tree and for hardwood timber rather than food.

# LAYER 2 — Disease Label Check
  Judging 1 diseases... done

======================================================================
[266/544]  DISEASES — CROP: Hornbeam
======================================================================
  Total: 1  |  CORRECT: 0  QUESTIONABLE: 1  INCORRECT: 0

  QUESTIONABLE:
    ?  Diaporthe Revellens Sacc: This names a fungal pathogen (Diaporthe revellens Sacc.) rather than a specific disease, and its association with hornbeam (Carpinus) is poorly documented in mainstream phytopathology literature.

  SUMMARY: The single entry provided is a pathogen name rather than a named disease, which fails basic labeling standards for a disease registry. While Diaporthe species can cause cankers and diebacks on various hardwoods, the specific association of D. revellens with hornbeam is not well-established. The label should be reformulated as a disease name (e.g., 'Diaporthe canker') and verified against authoritative host-pathogen records.

######################################################################
# [267/544]  Hornets  Potter Wasps  Paper Wasps Or Yellow Jackets
# LAYER 1 — Crop Validation
######################################################################

──────────────────────────────────────────────────────────────────────
[267/544]  CROP: Hornets  Potter Wasps  Paper Wasps Or Yellow Jackets
──────────────────────────────────────────────────────────────────────
  Node A (real plant?)     : NO
  Node B (cultivated crop?): N/A
  Node C (name correct?)   : N/A
  Verdict   : INVALID
  Category  : other
  Notes     : Entry refers to stinging insects (Hymenoptera), not a plant or crop.

  → Skipping disease check (crop verdict: INVALID)

######################################################################
# [268/544]  Horseradish
# LAYER 1 — Crop Validation
######################################################################

──────────────────────────────────────────────────────────────────────
[268/544]  CROP: Horseradish
──────────────────────────────────────────────────────────────────────
  Node A (real plant?)     : YES
  Node B (cultivated crop?): YES
  Node C (name correct?)   : YES
  Verdict   : VALID
  Category  : herb_spice

# LAYER 2 — Disease Label Check
  Judging 1 diseases... done

======================================================================
[268/544]  DISEASES — CROP: Horseradish
======================================================================
  Total: 1  |  CORRECT: 1  QUESTIONABLE: 0  INCORRECT: 0

  SUMMARY: The single label provided is a legitimate and economically important pathogen of horseradish. Tobacco Rattle Virus is recognized as a major cause of internal root discoloration in commercial horseradish production. No duplicates or overlaps to flag.

######################################################################
# [269/544]  Hosta
# LAYER 1 — Crop Validation
######################################################################

──────────────────────────────────────────────────────────────────────
[269/544]  CROP: Hosta
──────────────────────────────────────────────────────────────────────
  Node A (real plant?)     : YES
  Node B (cultivated crop?): YES
  Node C (name correct?)   : YES
  Verdict   : VALID
  Category  : ornamental

# LAYER 2 — Disease Label Check
  Judging 10 diseases... done

======================================================================
[269/544]  DISEASES — CROP: Hosta
======================================================================
  Total: 10  |  CORRECT: 7  QUESTIONABLE: 3  INCORRECT: 0

  QUESTIONABLE:
    ?  Alternaria Black Molds Stem Cankers: Label is garbled and conflates Alternaria leaf spots with stem cankers/black mold; Alternaria is not a well-established hosta pathogen and the phrasing is not a recognized disease name.
    ?  Cercospora Fungi: Names a pathogen genus rather than a disease; Cercospora leaf spot does occur on hosta but the label should be 'Cercospora Leaf Spot'.
    ?  Tobacco Streak Virus: TSV has a broad host range but is only an unusual/sporadically reported association with hosta rather than a well-established disease.

  ~ SIMILAR: Arabis Mosaic Virus | Cucumber Mosaic Virus | Hosta Virus X | Impatiens Necrotic Spot Virus | Tobacco Rattle Virus | Tobacco Streak Virus
    All are viral infections of hosta producing overlapping foliar symptoms (mosaic, mottling, ringspots, line patterns) that are difficult to distinguish visually without serological or molecular testing.

  SUMMARY: The list is mostly accurate and covers the major viral, fungal and oomycete-free diseases of hosta, with HVX, CMV, ArMV, INSV, gray mold and southern blight all well-supported. Two entries need cleanup: 'Alternaria Black Molds Stem Cankers' is a garbled, non-standard label, and 'Cercospora Fungi' names a genus rather than the disease ('Cercospora Leaf Spot'). Tobacco Streak Virus is a real virus but only a marginal hosta association, and the six viruses share visually overlapping symptoms that warrant grouping.

######################################################################
# [270/544]  Hoya
# LAYER 1 — Crop Validation
######################################################################

──────────────────────────────────────────────────────────────────────
[270/544]  CROP: Hoya
──────────────────────────────────────────────────────────────────────
  Node A (real plant?)     : YES
  Node B (cultivated crop?): YES
  Node C (name correct?)   : YES
  Verdict   : VALID
  Category  : ornamental

# LAYER 2 — Disease Label Check
  Judging 1 diseases... done

======================================================================
[270/544]  DISEASES — CROP: Hoya
======================================================================
  Total: 1  |  CORRECT: 0  QUESTIONABLE: 1  INCORRECT: 0

  QUESTIONABLE:
    ?  Bitter Rot And Anthracnose: Bitter rot and anthracnose are typically diseases of fruit crops (e.g., apples) and are not standard, well-documented diseases of Hoya; Hoya is more commonly affected by sooty mold, botrytis, and bacterial/fungal leaf spots.

  SUMMARY: The single provided label is not a recognized disease of Hoya and appears to be a combined entry of two diseases associated with other crops. The label quality is poor as it bundles two disease names together and lacks a clear, Hoya-specific pathology. A more accurate registry for Hoya would include entries such as Botrytis blight, sooty mold, or specific leaf spot diseases.

######################################################################
# [271/544]  Human
# LAYER 1 — Crop Validation
######################################################################

──────────────────────────────────────────────────────────────────────
[271/544]  CROP: Human
──────────────────────────────────────────────────────────────────────
  Node A (real plant?)     : NO
  Node B (cultivated crop?): N/A
  Node C (name correct?)   : N/A
  Verdict   : INVALID
  Category  : other
  Notes     : Human is not a plant; it is a species of primate and cannot be a crop.

  → Skipping disease check (crop verdict: INVALID)

######################################################################
# [272/544]  Hybrid Rb Media
# LAYER 1 — Crop Validation
######################################################################

──────────────────────────────────────────────────────────────────────
[272/544]  CROP: Hybrid Rb Media
──────────────────────────────────────────────────────────────────────
  Node A (real plant?)     : NO
  Node B (cultivated crop?): N/A
  Node C (name correct?)   : N/A
  Verdict   : INVALID
  Category  : other
  Notes     : Appears to be a laboratory/tissue-culture medium label (Rb = rooting/basal medium), not a plant or crop.

  → Skipping disease check (crop verdict: INVALID)

######################################################################
# [273/544]  Hydrangea
# LAYER 1 — Crop Validation
######################################################################

──────────────────────────────────────────────────────────────────────
[273/544]  CROP: Hydrangea
──────────────────────────────────────────────────────────────────────
  Node A (real plant?)     : YES
  Node B (cultivated crop?): YES
  Node C (name correct?)   : YES
  Verdict   : VALID
  Category  : ornamental

# LAYER 2 — Disease Label Check
  Judging 8 diseases... done

======================================================================
[273/544]  DISEASES — CROP: Hydrangea
======================================================================
  Total: 8  |  CORRECT: 2  QUESTIONABLE: 5  INCORRECT: 1

  INCORRECT:
    x  Stemphylium Leaf Blight And Stalk Rot: Stemphylium leaf blight and stalk rot is a disease of asparagus, onion, and related crops, not a documented Hydrangea disease.

  QUESTIONABLE:
    ?  Ascochyta Fungi: Names a pathogen genus rather than a specific disease, and Ascochyta is not a commonly documented pathogen of Hydrangea.
    ?  Cercospora Fungi: Cercospora leaf spot is a real Hydrangea disease but the label names the genus rather than the disease (Cercospora leaf spot).
    ?  Fusarium Wilts: Fusarium can affect Hydrangea but wilt is an unusual/uncommon association; root and stem rots are more typical.
    ?  Pestalotiopsis Leaf Spot: Pestalotiopsis leaf spot is occasionally reported on Hydrangea but is an uncommon/unverified association.
    ?  Wood Rot Fungi: Vague label naming a functional group of fungi rather than a specific disease; wood rots can affect older Hydrangea stems but this is not a standard diagnostic label.

  ~ SIMILAR: Ascochyta Fungi | Cercospora Fungi
    Both labels name fungal genera rather than specific diseases and describe leaf-spotting fungi with overlapping symptoms.

  SUMMARY: The list mixes valid Hydrangea diseases (Bacterial Leaf Spot, Gray Mold) with entries that name pathogen genera instead of diseases (Ascochyta Fungi, Cercospora Fungi, Wood Rot Fungi) and one entry (Stemphylium Leaf Blight And Stalk Rot) that belongs to unrelated crops. Several others (Fusarium Wilts, Pestalotiopsis Leaf Spot) are weakly associated with Hydrangea and should be verified or renamed to specific disease names for consistency.

######################################################################
# [274/544]  Inky Cap
# LAYER 1 — Crop Validation
######################################################################

──────────────────────────────────────────────────────────────────────
[274/544]  CROP: Inky Cap
──────────────────────────────────────────────────────────────────────
  Node A (real plant?)     : YES
  Node B (cultivated crop?): NO
  Node C (name correct?)   : N/A
  Verdict   : NON_CROP
  Category  : other
  Notes     : Inky Cap (Coprinus/Coprinopsis spp.) is a wild mushroom, not a cultivated agricultural crop.

  → Skipping disease check (crop verdict: NON_CROP)

######################################################################
# [275/544]  Iris
# LAYER 1 — Crop Validation
######################################################################

──────────────────────────────────────────────────────────────────────
[275/544]  CROP: Iris
──────────────────────────────────────────────────────────────────────
  Node A (real plant?)     : YES
  Node B (cultivated crop?): YES
  Node C (name correct?)   : YES
  Verdict   : VALID
  Category  : ornamental

# LAYER 2 — Disease Label Check
  Judging 4 diseases... done

======================================================================
[275/544]  DISEASES — CROP: Iris
======================================================================
  Total: 4  |  CORRECT: 3  QUESTIONABLE: 1  INCORRECT: 0

  QUESTIONABLE:
    ?  Anthracnose: Anthracnose is not a commonly recognized or well-documented disease of Iris; the label is vague without specifying a pathogen.

  ~ SIMILAR: Impatiens Necrotic Spot Virus | Iris Severe Mosaic Virus
    Both are viral diseases that can produce overlapping mosaic/mottling/necrotic foliar symptoms on Iris, making field diagnosis difficult without lab confirmation.

  SUMMARY: The list contains three well-documented Iris diseases (Heterosporium leaf spot, INSV, and Iris severe mosaic virus) and one questionable entry (Anthracnose), which is not a standard Iris disease. The two viral entries can present with similar mosaic/necrotic symptoms and may require serological or molecular testing to distinguish. Overall quality is acceptable but the generic 'Anthracnose' label should be verified or removed.

######################################################################
# [276/544]  Italian Cypress
# LAYER 1 — Crop Validation
######################################################################

──────────────────────────────────────────────────────────────────────
[276/544]  CROP: Italian Cypress
──────────────────────────────────────────────────────────────────────
  Node A (real plant?)     : YES
  Node B (cultivated crop?): YES
  Node C (name correct?)   : YES
  Verdict   : VALID
  Category  : ornamental

# LAYER 2 — Disease Label Check
  Judging 1 diseases... done

======================================================================
[276/544]  DISEASES — CROP: Italian Cypress
======================================================================
  Total: 1  |  CORRECT: 0  QUESTIONABLE: 1  INCORRECT: 0

  QUESTIONABLE:
    ?  Phyllosticta Leaf Spot: Phyllosticta species are primarily documented on broadleaf hosts; occurrence on Italian Cypress (a coniferous, scale-leaved species) is poorly documented and the label 'leaf spot' is atypical for needle/scale-leaf cypress pathology, which is usually described as needle blight or tip blight.

  SUMMARY: The single entry is a real fungal genus but its association with Italian Cypress is weakly supported in the literature, and the 'leaf spot' terminology does not fit cypress foliage morphology. Typical Cupressus sempervirens foliar diseases are described as needle/tip blights (e.g., Seiridium, Pestalotiopsis, Passalora) rather than Phyllosticta leaf spots. Recommend verifying the source or replacing with a better-characterized cypress foliar disease.

######################################################################
# [277/544]  Ivy
# LAYER 1 — Crop Validation
######################################################################

──────────────────────────────────────────────────────────────────────
[277/544]  CROP: Ivy
──────────────────────────────────────────────────────────────────────
  Node A (real plant?)     : YES
  Node B (cultivated crop?): YES
  Node C (name correct?)   : YES
  Verdict   : VALID
  Category  : ornamental

# LAYER 2 — Disease Label Check
  Judging 1 diseases... done

======================================================================
[277/544]  DISEASES — CROP: Ivy
======================================================================
  Total: 1  |  CORRECT: 1  QUESTIONABLE: 0  INCORRECT: 0

  SUMMARY: The single label provided is a legitimate and well-documented disease of ivy. No duplicates or overlapping entries are present. Overall label quality is good for this minimal list.

######################################################################
# [278/544]  Jack In The Pulpit
# LAYER 1 — Crop Validation
######################################################################

──────────────────────────────────────────────────────────────────────
[278/544]  CROP: Jack In The Pulpit
──────────────────────────────────────────────────────────────────────
  Node A (real plant?)     : YES
  Node B (cultivated crop?): NO
  Node C (name correct?)   : N/A
  Verdict   : NON_CROP
  Category  : other
  Canonical : Jack-in-the-pulpit (Arisaema triphyllum)
  Notes     : Wild woodland plant, not cultivated as an agricultural or horticultural crop.

  → Skipping disease check (crop verdict: NON_CROP)

######################################################################
# [279/544]  Jacob S-Ladder
# LAYER 1 — Crop Validation
######################################################################

──────────────────────────────────────────────────────────────────────
[279/544]  CROP: Jacob S-Ladder
──────────────────────────────────────────────────────────────────────
  Node A (real plant?)     : YES
  Node B (cultivated crop?): YES
  Node C (name correct?)   : NO
  Verdict   : MISSPELLED_OR_UNSTANDARDISED
  Category  : ornamental
  Canonical : Jacob's Ladder
  Notes     : Refers to Polemonium caeruleum, an ornamental garden plant; input name has non-standard punctuation/spacing.

# LAYER 2 — Disease Label Check
  Judging 1 diseases... done

======================================================================
[279/544]  DISEASES — CROP: Jacob S-Ladder
======================================================================
  Total: 1  |  CORRECT: 1  QUESTIONABLE: 0  INCORRECT: 0

  SUMMARY: The single label provided is a legitimate disease association for Jacob's Ladder (Polemonium caeruleum), which is a known ornamental host of Impatiens Necrotic Spot Virus. The label is specific and correctly named. Overall quality of this one-entry list is good.

######################################################################
# [280/544]  Jade Plant
# LAYER 1 — Crop Validation
######################################################################

──────────────────────────────────────────────────────────────────────
[280/544]  CROP: Jade Plant
──────────────────────────────────────────────────────────────────────
  Node A (real plant?)     : YES
  Node B (cultivated crop?): YES
  Node C (name correct?)   : YES
  Verdict   : VALID
  Category  : ornamental

# LAYER 2 — Disease Label Check
  Judging 1 diseases... done

======================================================================
[280/544]  DISEASES — CROP: Jade Plant
======================================================================
  Total: 1  |  CORRECT: 0  QUESTIONABLE: 1  INCORRECT: 0

  QUESTIONABLE:
    ?  Fungi: 'Fungi' is a kingdom of organisms, not a specific disease name, making this label far too vague to identify any actual pathology affecting Jade Plant.

  SUMMARY: The label set for Jade Plant contains only a single overly broad entry. 'Fungi' refers to an entire kingdom rather than a named disease, so it provides no diagnostic value. The label should be replaced with specific jade plant diseases such as powdery mildew, black ring disease, or root rot (Phytophthora/Pythium).

######################################################################
# [281/544]  Japanese Pachysandra
# LAYER 1 — Crop Validation
######################################################################

──────────────────────────────────────────────────────────────────────
[281/544]  CROP: Japanese Pachysandra
──────────────────────────────────────────────────────────────────────
  Node A (real plant?)     : YES
  Node B (cultivated crop?): YES
  Node C (name correct?)   : YES
  Verdict   : VALID
  Category  : ornamental

# LAYER 2 — Disease Label Check
  Judging 1 diseases... done

======================================================================
[281/544]  DISEASES — CROP: Japanese Pachysandra
======================================================================
  Total: 1  |  CORRECT: 0  QUESTIONABLE: 1  INCORRECT: 0

  QUESTIONABLE:
    ?  Alfalfa Mosaic Virus: Alfalfa Mosaic Virus has an extremely broad host range and has been reported in Pachysandra terminalis, but it is an uncommon and not well-documented association for this ornamental groundcover.

  SUMMARY: The single label is a real plant virus but its association with Japanese Pachysandra is uncommon and sparsely documented in the phytopathology literature. The more characteristic diseases of Pachysandra (Volutella blight, Pachysandra leaf/stem blight, Phytophthora root rot) are absent. Overall list is minimal and skews toward an unusual host-pathogen pairing.

######################################################################
# [282/544]  Japanese Pieris
# LAYER 1 — Crop Validation
######################################################################

──────────────────────────────────────────────────────────────────────
[282/544]  CROP: Japanese Pieris
──────────────────────────────────────────────────────────────────────
  Node A (real plant?)     : YES
  Node B (cultivated crop?): YES
  Node C (name correct?)   : YES
  Verdict   : VALID
  Category  : ornamental

# LAYER 2 — Disease Label Check
  Judging 2 diseases... done

======================================================================
[282/544]  DISEASES — CROP: Japanese Pieris
======================================================================
  Total: 2  |  CORRECT: 2  QUESTIONABLE: 0  INCORRECT: 0

  SUMMARY: Both labels are legitimate, well-documented diseases of Japanese Pieris (Pieris japonica). The entries are distinct (foliar vs. root/crown pathogens) with no overlap or duplication. Overall label quality is high.

######################################################################
# [283/544]  Japanese Spiraea
# LAYER 1 — Crop Validation
######################################################################

──────────────────────────────────────────────────────────────────────
[283/544]  CROP: Japanese Spiraea
──────────────────────────────────────────────────────────────────────
  Node A (real plant?)     : YES
  Node B (cultivated crop?): YES
  Node C (name correct?)   : YES
  Verdict   : VALID
  Category  : ornamental

# LAYER 2 — Disease Label Check
  Judging 1 diseases... done

======================================================================
[283/544]  DISEASES — CROP: Japanese Spiraea
======================================================================
  Total: 1  |  CORRECT: 0  QUESTIONABLE: 1  INCORRECT: 0

  QUESTIONABLE:
    ?  Spiraea Yellow Leaf Spot Virus: No well-documented virus by this exact name is established as a recognized pathogen of Spiraea japonica in the plant pathology literature.

  SUMMARY: The single label references a plausible-sounding but poorly documented viral disease of Japanese Spiraea. While Spiraea species can host various viruses, 'Spiraea Yellow Leaf Spot Virus' is not a widely recognized or verified disease name in standard references, warranting a questionable verdict pending authoritative confirmation.

######################################################################
# [284/544]  Jerusalem Artichoke
# LAYER 1 — Crop Validation
######################################################################

──────────────────────────────────────────────────────────────────────
[284/544]  CROP: Jerusalem Artichoke
──────────────────────────────────────────────────────────────────────
  Node A (real plant?)     : YES
  Node B (cultivated crop?): YES
  Node C (name correct?)   : YES
  Verdict   : VALID
  Category  : root_tuber

# LAYER 2 — Disease Label Check
  Judging 2 diseases... done

======================================================================
[284/544]  DISEASES — CROP: Jerusalem Artichoke
======================================================================
  Total: 2  |  CORRECT: 2  QUESTIONABLE: 0  INCORRECT: 0

  SUMMARY: Both listed labels are legitimate, well-documented fungal diseases of Jerusalem artichoke. The labels are generic common names rather than pathogen-specific, but they are standard and unambiguous in this context. Coverage is minimal—other important diseases such as Sclerotinia stem/tuber rot, Alternaria leaf spot, and Septoria leaf spot are absent.

######################################################################
# [285/544]  Joe Pye Weed
# LAYER 1 — Crop Validation
######################################################################

──────────────────────────────────────────────────────────────────────
[285/544]  CROP: Joe Pye Weed
──────────────────────────────────────────────────────────────────────
  Node A (real plant?)     : YES
  Node B (cultivated crop?): NO
  Node C (name correct?)   : N/A
  Verdict   : NON_CROP
  Category  : other
  Canonical : Joe Pye Weed (Eutrochium spp.)
  Notes     : Native North American wildflower; occasionally used as an ornamental or medicinal herb but not a mainstream agricultural or horticultural crop.

  → Skipping disease check (crop verdict: NON_CROP)

######################################################################
# [286/544]  Joshua Tree
# LAYER 1 — Crop Validation
######################################################################

──────────────────────────────────────────────────────────────────────
[286/544]  CROP: Joshua Tree
──────────────────────────────────────────────────────────────────────
  Node A (real plant?)     : YES
  Node B (cultivated crop?): NO
  Node C (name correct?)   : N/A
  Verdict   : NON_CROP
  Category  : other
  Notes     : Yucca brevifolia is a wild desert plant, not cultivated as an agricultural or horticultural crop.

  → Skipping disease check (crop verdict: NON_CROP)

######################################################################
# [287/544]  Juniper
# LAYER 1 — Crop Validation
######################################################################

──────────────────────────────────────────────────────────────────────
[287/544]  CROP: Juniper
──────────────────────────────────────────────────────────────────────
  Node A (real plant?)     : YES
  Node B (cultivated crop?): YES
  Node C (name correct?)   : YES
  Verdict   : VALID
  Category  : ornamental
  Notes     : Juniper (Juniperus spp.) is cultivated as an ornamental and for juniper berries used as a spice/flavoring.

# LAYER 2 — Disease Label Check
  Judging 13 diseases... done

======================================================================
[287/544]  DISEASES — CROP: Juniper
======================================================================
  [ERROR] claude CLI failed after 3 retries. stderr: 

######################################################################
# [288/544]  Kale
# LAYER 1 — Crop Validation
######################################################################

──────────────────────────────────────────────────────────────────────
[288/544]  CROP: Kale
──────────────────────────────────────────────────────────────────────
  Node A (real plant?)     : YES
  Node B (cultivated crop?): YES
  Node C (name correct?)   : YES
  Verdict   : VALID
  Category  : vegetable

# LAYER 2 — Disease Label Check
  Judging 1 diseases... done

======================================================================
[288/544]  DISEASES — CROP: Kale
======================================================================
  Total: 1  |  CORRECT: 1  QUESTIONABLE: 0  INCORRECT: 0

  SUMMARY: The single label provided is a valid and well-known disease of kale. No duplicates or overlapping entries are present. Overall label quality is good.

######################################################################
# [289/544]  Karnal Bunt
# LAYER 1 — Crop Validation
######################################################################

──────────────────────────────────────────────────────────────────────
[289/544]  CROP: Karnal Bunt
──────────────────────────────────────────────────────────────────────
  Node A (real plant?)     : ?
  Node B (cultivated crop?): ?
  Node C (name correct?)   : ?
  Verdict   : ERROR
  Category  : 

  → Skipping disease check (crop verdict: ERROR)

######################################################################
# [290/544]  Kentucky Yellowwood
# LAYER 1 — Crop Validation
######################################################################

──────────────────────────────────────────────────────────────────────
[290/544]  CROP: Kentucky Yellowwood
──────────────────────────────────────────────────────────────────────
  Node A (real plant?)     : YES
  Node B (cultivated crop?): YES
  Node C (name correct?)   : YES
  Verdict   : VALID
  Category  : ornamental
  Notes     : Cladrastis kentukea, grown as an ornamental/shade tree and occasionally for specialty timber.

# LAYER 2 — Disease Label Check
  Judging 1 diseases... done

======================================================================
[290/544]  DISEASES — CROP: Kentucky Yellowwood
======================================================================
  Total: 1  |  CORRECT: 0  QUESTIONABLE: 1  INCORRECT: 0

  QUESTIONABLE:
    ?  Anthracnose: Anthracnose is a broad fungal disease group not prominently documented as a significant or well-characterized disease of Cladrastis kentukea (Kentucky Yellowwood).

  SUMMARY: Kentucky Yellowwood (Cladrastis kentukea) is generally considered a low-disease-problem ornamental tree, with Verticillium wilt being its most notable disease. The single label 'Anthracnose' is vague and not a well-documented disease of this host, warranting a questionable verdict.

######################################################################
# [291/544]  Koa
# LAYER 1 — Crop Validation
######################################################################

──────────────────────────────────────────────────────────────────────
[291/544]  CROP: Koa
──────────────────────────────────────────────────────────────────────
  Node A (real plant?)     : YES
  Node B (cultivated crop?): YES
  Node C (name correct?)   : YES
  Verdict   : VALID
  Category  : tree_crop
  Notes     : Acacia koa, a Hawaiian timber tree cultivated for high-value hardwood.

# LAYER 2 — Disease Label Check
  Judging 1 diseases... done

======================================================================
[291/544]  DISEASES — CROP: Koa
======================================================================
  Total: 1  |  CORRECT: 0  QUESTIONABLE: 1  INCORRECT: 0

  QUESTIONABLE:
    ?  Rust: Koa (Acacia koa) is primarily affected by Koa wilt (Fusarium oxysporum f. sp. koae) rather than a well-documented rust disease; 'Rust' is vague and not a clearly established major disease of koa.

  SUMMARY: The single label 'Rust' is too generic and not a well-established disease of Acacia koa, whose dominant documented pathogen is Fusarium-induced koa wilt. The label should be verified against a specific rust pathogen (e.g., Uromycladium spp. on related acacias) before acceptance. Overall quality of this one-entry list is low due to vagueness and weak crop association.

######################################################################
# [292/544]  Koelreuteria
# LAYER 1 — Crop Validation
######################################################################

──────────────────────────────────────────────────────────────────────
[292/544]  CROP: Koelreuteria
──────────────────────────────────────────────────────────────────────
  Node A (real plant?)     : YES
  Node B (cultivated crop?): YES
  Node C (name correct?)   : YES
  Verdict   : VALID
  Category  : ornamental
  Notes     : Genus of ornamental trees (e.g., Koelreuteria paniculata, goldenrain tree) grown in horticulture.

# LAYER 2 — Disease Label Check
  Judging 1 diseases... done

======================================================================
[292/544]  DISEASES — CROP: Koelreuteria
======================================================================
  Total: 1  |  CORRECT: 0  QUESTIONABLE: 1  INCORRECT: 0

  QUESTIONABLE:
    ?  Bitter Rot And Anthracnose: Anthracnose (Colletotrichum spp.) can affect Koelreuteria foliage, but 'Bitter Rot' is primarily a fruit disease of apples and other fruits and is not a standard disease of Koelreuteria; combining the two into one label is ambiguous.

  SUMMARY: The single label conflates two distinct disease concepts. Anthracnose is plausible on Koelreuteria, but bitter rot is not a recognized disease of this ornamental genus, making the combined entry vague and questionable.

######################################################################
# [293/544]  Kudzu
# LAYER 1 — Crop Validation
######################################################################

──────────────────────────────────────────────────────────────────────
[293/544]  CROP: Kudzu
──────────────────────────────────────────────────────────────────────
  Node A (real plant?)     : YES
  Node B (cultivated crop?): YES
  Node C (name correct?)   : YES
  Verdict   : VALID
  Category  : forage
  Notes     : Cultivated historically as a forage and cover crop, though considered invasive in many regions.

# LAYER 2 — Disease Label Check
  Judging 1 diseases... done

======================================================================
[293/544]  DISEASES — CROP: Kudzu
======================================================================
  [ERROR] claude CLI failed after 3 retries. stderr: 

######################################################################
# [294/544]  Labrador Tea
# LAYER 1 — Crop Validation
######################################################################

──────────────────────────────────────────────────────────────────────
[294/544]  CROP: Labrador Tea
──────────────────────────────────────────────────────────────────────
  Node A (real plant?)     : YES
  Node B (cultivated crop?): NO
  Node C (name correct?)   : N/A
  Verdict   : NON_CROP
  Category  : other
  Notes     : Rhododendron groenlandicum is a wild boreal shrub traditionally foraged for herbal tea, not cultivated as an agricultural or horticultural crop.

  → Skipping disease check (crop verdict: NON_CROP)

######################################################################
# [295/544]  Laceleaf
# LAYER 1 — Crop Validation
######################################################################

──────────────────────────────────────────────────────────────────────
[295/544]  CROP: Laceleaf
──────────────────────────────────────────────────────────────────────
  Node A (real plant?)     : YES
  Node B (cultivated crop?): YES
  Node C (name correct?)   : YES
  Verdict   : VALID
  Category  : ornamental
  Canonical : Anthurium (Laceleaf)
  Notes     : Laceleaf is the common name for Anthurium species, cultivated as ornamental flowering plants.

# LAYER 2 — Disease Label Check
  Judging 2 diseases... done

======================================================================
[295/544]  DISEASES — CROP: Laceleaf
======================================================================
  Total: 2  |  CORRECT: 1  QUESTIONABLE: 1  INCORRECT: 0

  QUESTIONABLE:
    ?  Bitter Rot And Anthracnose: Anthracnose (Colletotrichum spp.) affects Anthurium/Laceleaf causing flower and leaf spots, but 'Bitter Rot' is typically a disease of apples and is not a standard Laceleaf disease, making this a compound/conflated label.

  SUMMARY: One label is a documented Laceleaf disease, while the other conflates anthracnose (plausible on Anthurium) with bitter rot (primarily an apple disease), which is problematic. Overall label quality is mixed, with the compound label needing to be split or clarified.

######################################################################
# [296/544]  Lackluster Laccaria
# LAYER 1 — Crop Validation
######################################################################

──────────────────────────────────────────────────────────────────────
[296/544]  CROP: Lackluster Laccaria
──────────────────────────────────────────────────────────────────────
  Node A (real plant?)     : YES
  Node B (cultivated crop?): NO
  Node C (name correct?)   : N/A
  Verdict   : NON_CROP
  Category  : other
  Canonical : Laccaria
  Notes     : Laccaria is a genus of wild mushrooms (ectomycorrhizal fungi), not a cultivated agricultural or horticultural crop.

  → Skipping disease check (crop verdict: NON_CROP)

######################################################################
# [297/544]  Lady S-Mantle
# LAYER 1 — Crop Validation
######################################################################

──────────────────────────────────────────────────────────────────────
[297/544]  CROP: Lady S-Mantle
──────────────────────────────────────────────────────────────────────
  Node A (real plant?)     : YES
  Node B (cultivated crop?): YES
  Node C (name correct?)   : NO
  Verdict   : MISSPELLED_OR_UNSTANDARDISED
  Category  : herb_spice
  Canonical : Lady's Mantle
  Notes     : Alchemilla vulgaris; grown as a medicinal/ornamental herb, name is misspelled with stray hyphen.

# LAYER 2 — Disease Label Check
  Judging 1 diseases... done

======================================================================
[297/544]  DISEASES — CROP: Lady S-Mantle
======================================================================
  Total: 1  |  CORRECT: 0  QUESTIONABLE: 1  INCORRECT: 0

  QUESTIONABLE:
    ?  Cercospora Fungi: Names a pathogen genus (Cercospora) rather than a specific disease (e.g., Cercospora leaf spot), and Cercospora is not a well-documented pathogen of Alchemilla (Lady's Mantle).

  SUMMARY: The single label provided is vague and genus-level rather than a defined disease, and the association with Lady's Mantle (Alchemilla) is not well-established in the plant pathology literature. The label should be revised to specify an actual disease name (e.g., 'Cercospora leaf spot') and verified against documented hosts. Overall label quality is poor due to imprecision and uncertain host association.

######################################################################
# [298/544]  Lambsquarters
# LAYER 1 — Crop Validation
######################################################################

──────────────────────────────────────────────────────────────────────
[298/544]  CROP: Lambsquarters
──────────────────────────────────────────────────────────────────────
  Node A (real plant?)     : YES
  Node B (cultivated crop?): NO
  Node C (name correct?)   : N/A
  Verdict   : NON_CROP
  Category  : other
  Canonical : Lambsquarters (Chenopodium album)
  Notes     : Typically a wild weed in most agricultural systems, though occasionally foraged or cultivated as a leafy green in some regions.

  → Skipping disease check (crop verdict: NON_CROP)

######################################################################
# [299/544]  Larch
# LAYER 1 — Crop Validation
######################################################################

──────────────────────────────────────────────────────────────────────
[299/544]  CROP: Larch
──────────────────────────────────────────────────────────────────────
  Node A (real plant?)     : YES
  Node B (cultivated crop?): YES
  Node C (name correct?)   : YES
  Verdict   : VALID
  Category  : tree_crop

# LAYER 2 — Disease Label Check
  Judging 2 diseases... done

======================================================================
[299/544]  DISEASES — CROP: Larch
======================================================================
  Total: 2  |  CORRECT: 2  QUESTIONABLE: 0  INCORRECT: 0

  SUMMARY: Both labels are legitimate, well-documented diseases of larch. Larch Needle Cast is a foliar disease while Schweinitzii Root and Butt Disease is a wood decay, so there is no overlap. The list is small but accurate.

######################################################################
# [300/544]  Larch Waxy Cap
# LAYER 1 — Crop Validation
######################################################################

──────────────────────────────────────────────────────────────────────
[300/544]  CROP: Larch Waxy Cap
──────────────────────────────────────────────────────────────────────
  Node A (real plant?)     : YES
  Node B (cultivated crop?): NO
  Node C (name correct?)   : N/A
  Verdict   : NON_CROP
  Category  : other
  Notes     : Larch Waxy Cap (Hygrophorus speciosus) is a wild mycorrhizal mushroom associated with larch trees, not a cultivated crop.

  → Skipping disease check (crop verdict: NON_CROP)

######################################################################
# [301/544]  Larkspur
# LAYER 1 — Crop Validation
######################################################################

──────────────────────────────────────────────────────────────────────
[301/544]  CROP: Larkspur
──────────────────────────────────────────────────────────────────────
  Node A (real plant?)     : YES
  Node B (cultivated crop?): YES
  Node C (name correct?)   : YES
  Verdict   : VALID
  Category  : ornamental

# LAYER 2 — Disease Label Check
  Judging 1 diseases... done

======================================================================
[301/544]  DISEASES — CROP: Larkspur
======================================================================
  Total: 1  |  CORRECT: 0  QUESTIONABLE: 1  INCORRECT: 0

  QUESTIONABLE:
    ?  Ascochyta Fungi: Names a pathogen genus rather than a specific disease; Ascochyta leaf spot/blight (Ascochyta spp.) can affect Delphinium/Larkspur but the label is vague and improperly formatted.

  SUMMARY: The single entry references a fungal genus rather than a specific disease name, which is imprecise labeling. Ascochyta species are documented on Delphinium/Larkspur causing leaf spot and blight, so the association is plausible but the label should be reformulated as 'Ascochyta Leaf Spot' or 'Ascochyta Blight' for accuracy.

######################################################################
# [302/544]  Laurel
# LAYER 1 — Crop Validation
######################################################################

──────────────────────────────────────────────────────────────────────
[302/544]  CROP: Laurel
──────────────────────────────────────────────────────────────────────
  Node A (real plant?)     : YES
  Node B (cultivated crop?): YES
  Node C (name correct?)   : YES
  Verdict   : VALID
  Category  : herb_spice

# LAYER 2 — Disease Label Check
  Judging 1 diseases... done

======================================================================
[302/544]  DISEASES — CROP: Laurel
======================================================================
  Total: 1  |  CORRECT: 0  QUESTIONABLE: 0  INCORRECT: 1

  INCORRECT:
    x  Stemphylium Leaf Blight And Stalk Rot: Stemphylium leaf blight and stalk rot is a disease primarily of onion, garlic, and asparagus, not a documented disease of Laurel (Laurus nobilis).

  SUMMARY: The single label provided is not a recognized disease of Laurel and instead refers to a well-known pathology of Allium and asparagus crops. Overall label quality is poor, as the entry represents a crop mismatch rather than a valid Laurel disease.

######################################################################
# [303/544]  Leather Flower
# LAYER 1 — Crop Validation
######################################################################

──────────────────────────────────────────────────────────────────────
[303/544]  CROP: Leather Flower
──────────────────────────────────────────────────────────────────────
  Node A (real plant?)     : YES
  Node B (cultivated crop?): YES
  Node C (name correct?)   : YES
  Verdict   : VALID
  Category  : ornamental
  Notes     : Common name for Clematis viorna and related species, grown as an ornamental vine.

# LAYER 2 — Disease Label Check
  Judging 4 diseases... done

======================================================================
[303/544]  DISEASES — CROP: Leather Flower
======================================================================
  Total: 4  |  CORRECT: 2  QUESTIONABLE: 1  INCORRECT: 1

  INCORRECT:
    x  Fungus: Generic term for a kingdom of organisms, not a disease.

  QUESTIONABLE:
    ?  Ascochyta Fungi: Names a fungal genus (Ascochyta) rather than a specific disease such as Ascochyta leaf spot or stem wilt of Clematis.

  ~ SIMILAR: Ascochyta Fungi | Fungus
    Both are non-specific generic references to fungi rather than named diseases, with 'Ascochyta Fungi' being only slightly more specific by naming a genus.

  SUMMARY: The label set mixes one well-defined viral disease and one valid fungal leaf blight with two non-specific entries. 'Fungus' is not a disease at all, and 'Ascochyta Fungi' should be rewritten as a specific disease name (e.g., Ascochyta leaf spot). Overall the list needs cleanup to remove generic kingdom/genus labels in favor of named diseases.

######################################################################
# [304/544]  Lemon Grass
# LAYER 1 — Crop Validation
######################################################################

──────────────────────────────────────────────────────────────────────
[304/544]  CROP: Lemon Grass
──────────────────────────────────────────────────────────────────────
  Node A (real plant?)     : YES
  Node B (cultivated crop?): YES
  Node C (name correct?)   : NO
  Verdict   : MISSPELLED_OR_UNSTANDARDISED
  Category  : herb_spice
  Canonical : Lemongrass
  Notes     : Standard spelling is a single word, 'Lemongrass' (Cymbopogon citratus).

# LAYER 2 — Disease Label Check
  Judging 3 diseases... done

======================================================================
[304/544]  DISEASES — CROP: Lemon Grass
======================================================================
  Total: 3  |  CORRECT: 1  QUESTIONABLE: 2  INCORRECT: 0

  QUESTIONABLE:
    ?  Ascochyta Fungi: Names a pathogen genus rather than a specific disease, and Ascochyta is not a well-documented pathogen of lemongrass.
    ?  Leaf Blotch: Vague symptom-based label; multiple pathogens can cause leaf blotch and no specific causal agent is indicated for lemongrass.

  SUMMARY: Only Lemongrass Rust is a clearly valid, well-documented disease entry. The other two labels are problematic: Ascochyta Fungi names a genus rather than a disease and lacks strong association with lemongrass, while Leaf Blotch is too vague to identify a specific pathology. Tightening these labels to named diseases with causal pathogens would improve registry quality.

######################################################################
# [305/544]  Lentil
# LAYER 1 — Crop Validation
######################################################################

──────────────────────────────────────────────────────────────────────
[305/544]  CROP: Lentil
──────────────────────────────────────────────────────────────────────
  Node A (real plant?)     : YES
  Node B (cultivated crop?): YES
  Node C (name correct?)   : YES
  Verdict   : VALID
  Category  : legume

# LAYER 2 — Disease Label Check
  Judging 5 diseases... done

======================================================================
[305/544]  DISEASES — CROP: Lentil
======================================================================
  Total: 5  |  CORRECT: 3  QUESTIONABLE: 2  INCORRECT: 0

  QUESTIONABLE:
    ?  Leaf Spot: Generic umbrella term that does not identify a specific pathogen; multiple distinct leaf spot diseases affect lentil.
    ?  Pythium Diseases: Names the pathogen genus rather than a specific disease (e.g., Pythium damping-off or seedling root rot).

  ~ SIMILAR: Leaf Spot | Stemphylium Leaf Spot
    Generic 'Leaf Spot' likely overlaps with or duplicates the more specific Stemphylium Leaf Spot (and potentially Ascochyta) entry.

  ~ SIMILAR: Pythium Diseases | Root Rot
    Pythium is a major component of the lentil root rot/damping-off complex, so these entries substantially overlap.

  SUMMARY: The list captures the main disease categories of lentil but mixes specific, well-defined diseases (Ascochyta Blight, Stemphylium Leaf Spot) with vague or pathogen-level labels ('Leaf Spot', 'Pythium Diseases'). The generic entries overlap with the more specific ones, creating redundancy. Tightening the taxonomy by replacing generic terms with named diseases (e.g., Fusarium wilt, Botrytis gray mold, Sclerotinia white mold) would improve clarity and reduce duplication.

######################################################################
# [306/544]  Lettuce
# LAYER 1 — Crop Validation
######################################################################

──────────────────────────────────────────────────────────────────────
[306/544]  CROP: Lettuce
──────────────────────────────────────────────────────────────────────
  Node A (real plant?)     : YES
  Node B (cultivated crop?): YES
  Node C (name correct?)   : YES
  Verdict   : VALID
  Category  : vegetable

# LAYER 2 — Disease Label Check
  Judging 23 diseases... done

======================================================================
[306/544]  DISEASES — CROP: Lettuce
======================================================================
  Total: 23  |  CORRECT: 16  QUESTIONABLE: 7  INCORRECT: 0

  QUESTIONABLE:
    ?  Alternaria Black Molds Stem Cankers: Awkward phrasing; Alternaria can cause leaf spots on lettuce but 'black molds stem cankers' is not a standard lettuce disease name.
    ?  Black Spot: Vague label; 'black spot' is not a standard named disease of lettuce.
    ?  Damping-Offroot Rot: Malformed label merging 'damping-off' and 'root rot'; real issues but poorly written.
    ?  Leaf Mosaic Virus: Likely refers to Lettuce mosaic virus but the label is vague and non-standard.
    ?  Phytoplasma: Names a pathogen group rather than a specific disease (e.g., aster yellows phytoplasma of lettuce).
    ?  Sclerotinia Timber Rot: 'Timber rot' is typically used for tomato Sclerotinia disease, not lettuce; likely mislabeled.
    ?  Wilt And Leaf Blight On Lettuce: Vague descriptive phrase rather than a specific named disease or pathogen.

  ~ SIMILAR: Lettuce Big Vein-Associated Virus | Mirafiori Lettuce Big-Vein Virus
    Both viruses are co-associated with lettuce big-vein disease; MLBVV is the causal agent and LBVaV is commonly co-infecting.

  ~ SIMILAR: Damping-Offroot Rot | Rhizoctonia Damping-Off
    Overlap in damping-off symptomatology; the generic 'Damping-Offroot Rot' subsumes Rhizoctonia damping-off.

  ~ SIMILAR: Sclerotinia Stem Rot | Sclerotinia Timber Rot
    Both refer to Sclerotinia infections causing stem/crown rot; 'timber rot' terminology is typically applied to tomato, creating duplication/confusion.

  ~ SIMILAR: Leaf Mosaic Virus | Bidens Mottle Virus
    Both are mosaic/mottle-symptom potyvirus-type diseases on lettuce with overlapping foliar symptoms.

  ~ SIMILAR: Alternaria Black Molds Stem Cankers | Alternaria Leaf Spot
    Both attributed to Alternaria spp.; the 'black molds stem cankers' label likely overlaps with or duplicates the standard Alternaria leaf spot entry.

  SUMMARY: The list covers most major lettuce diseases correctly, including downy mildew, lettuce drop, big-vein complex, and key viruses. However, several entries are vague, malformed, or non-standard (e.g., 'Black Spot', 'Damping-Offroot Rot', 'Wilt And Leaf Blight On Lettuce', 'Alternaria Black Molds Stem Cankers', 'Sclerotinia Timber Rot'), and 'Phytoplasma' names a pathogen group rather than a disease. Consolidating the big-vein viruses and cleaning up malformed labels would improve registry quality.

######################################################################
# [307/544]  Leucopaxillus Giganteus
# LAYER 1 — Crop Validation
######################################################################

──────────────────────────────────────────────────────────────────────
[307/544]  CROP: Leucopaxillus Giganteus
──────────────────────────────────────────────────────────────────────
  Node A (real plant?)     : YES
  Node B (cultivated crop?): NO
  Node C (name correct?)   : N/A
  Verdict   : NON_CROP
  Category  : other
  Canonical : Leucopaxillus giganteus
  Notes     : This is a wild saprotrophic mushroom (giant leucopax), not a cultivated agricultural or horticultural crop.

  → Skipping disease check (crop verdict: NON_CROP)

######################################################################
# [308/544]  Leucospermum
# LAYER 1 — Crop Validation
######################################################################

──────────────────────────────────────────────────────────────────────
[308/544]  CROP: Leucospermum
──────────────────────────────────────────────────────────────────────
  Node A (real plant?)     : YES
  Node B (cultivated crop?): YES
  Node C (name correct?)   : YES
  Verdict   : VALID
  Category  : ornamental
  Notes     : Genus of Proteaceae (pincushion protea) cultivated as cut-flower and ornamental crop.

# LAYER 2 — Disease Label Check
  Judging 2 diseases... done

======================================================================
[308/544]  DISEASES — CROP: Leucospermum
======================================================================
  Total: 2  |  CORRECT: 1  QUESTIONABLE: 1  INCORRECT: 0

  QUESTIONABLE:
    ?  Pestalotia Fungi: Names a fungal genus (now largely reclassified under Pestalotiopsis/Neopestalotiopsis) rather than a specific disease on Leucospermum.

  ~ SIMILAR: Pestalotia Fungi | Pestalotiopsis Leaf Spot
    Pestalotia is the older/largely synonymized genus name for Pestalotiopsis, so both labels refer to essentially the same pathogen group causing the same leaf spot disease.

  SUMMARY: One label (Pestalotiopsis Leaf Spot) is a valid, well-documented disease of Leucospermum, while the other (Pestalotia Fungi) is a vague pathogen-genus label referring to the same organisms. The two entries are effectively duplicates and should be consolidated under Pestalotiopsis Leaf Spot.

######################################################################
# [309/544]  Lilac
# LAYER 1 — Crop Validation
######################################################################

──────────────────────────────────────────────────────────────────────
[309/544]  CROP: Lilac
──────────────────────────────────────────────────────────────────────
  Node A (real plant?)     : YES
  Node B (cultivated crop?): YES
  Node C (name correct?)   : YES
  Verdict   : VALID
  Category  : ornamental

# LAYER 2 — Disease Label Check
  Judging 7 diseases... done

======================================================================
[309/544]  DISEASES — CROP: Lilac
======================================================================
  Total: 7  |  CORRECT: 3  QUESTIONABLE: 4  INCORRECT: 0

  QUESTIONABLE:
    ?  Ascochyta Fungi: Ascochyta is a pathogen genus rather than a specific disease name, and its association with lilac is uncommon.
    ?  Bacterial Leaf Speck: Lilacs are affected by bacterial blight (Pseudomonas syringae); 'leaf speck' is not the standard disease name on lilac.
    ?  Cladosporium Fungi: Cladosporium is a pathogen genus rather than a specific disease, and many species are saprophytic rather than pathogenic.
    ?  Lilac Leaf Chlorosis Virus: Lilac chlorotic leafspot virus exists, but 'Lilac Leaf Chlorosis Virus' is not a standard recognized virus name.

  ~ SIMILAR: Ascochyta Fungi | Cladosporium Fungi
    Both entries name a fungal genus rather than a specific disease, showing the same labeling inconsistency.

  ~ SIMILAR: Bacterial Leaf Speck | Lilac Leaf Chlorosis Virus
    Both are vaguely or non-standardly named foliar symptom descriptions that do not match recognized lilac disease nomenclature.

  SUMMARY: The list mixes well-established lilac diseases (powdery mildew, Armillaria root rot, anthracnose) with several entries that name pathogen genera rather than diseases, or use non-standard names. Labels like 'Ascochyta Fungi' and 'Cladosporium Fungi' should be replaced with specific disease names, and 'Bacterial Leaf Speck' and 'Lilac Leaf Chlorosis Virus' should be verified against recognized lilac pathogen nomenclature. Overall the set is partially reliable but needs cleanup for taxonomic precision.

######################################################################
# [310/544]  Lily
# LAYER 1 — Crop Validation
######################################################################

──────────────────────────────────────────────────────────────────────
[310/544]  CROP: Lily
──────────────────────────────────────────────────────────────────────
  Node A (real plant?)     : YES
  Node B (cultivated crop?): YES
  Node C (name correct?)   : YES
  Verdict   : VALID
  Category  : ornamental

# LAYER 2 — Disease Label Check
  Judging 10 diseases... done

======================================================================
[310/544]  DISEASES — CROP: Lily
======================================================================
  Total: 10  |  CORRECT: 5  QUESTIONABLE: 2  INCORRECT: 3

  INCORRECT:
    x  Collecephalus Fungus: Not a recognized fungal genus or lily pathogen; appears to be a misspelling or fabricated name with no documented association.
    x  Daylily Rust: Daylily rust (Puccinia hemerocallidis) affects Hemerocallis (daylily), which is not a true lily (Lilium).
    x  Graminicolous Rusts: Graminicolous rusts infect grasses (Poaceae), not lilies.

  QUESTIONABLE:
    ?  Gray Mold: Gray mold (Botrytis cinerea) does affect lilies, but it overlaps heavily with Botrytis Blight and is a vague common name.
    ?  Pythium Diseases: Pythium spp. cause root and basal rot in lilies, but the label names the pathogen genus rather than a specific disease.

  ~ SIMILAR: Botrytis Blight | Gray Mold
    Both refer to Botrytis infections; Gray Mold is the common name for Botrytis cinerea and overlaps with Botrytis Blight on lilies.

  SUMMARY: The list contains several well-documented lily diseases (Botrytis Blight, CMV, LMoV, LSV, TRV) but is weakened by duplicates (Botrytis Blight vs Gray Mold), a fabricated or misspelled entry (Collecephalus Fungus), and pathogens of unrelated hosts (Daylily Rust on Hemerocallis, graminicolous rusts on grasses). Pythium Diseases is real but vague, naming a genus rather than a specific disease. Overall the labeling needs cleanup to remove non-lily pathogens and consolidate duplicate Botrytis entries.

######################################################################
# [311/544]  Lilyturf
# LAYER 1 — Crop Validation
######################################################################

──────────────────────────────────────────────────────────────────────
[311/544]  CROP: Lilyturf
──────────────────────────────────────────────────────────────────────
  Node A (real plant?)     : YES
  Node B (cultivated crop?): YES
  Node C (name correct?)   : YES
  Verdict   : VALID
  Category  : ornamental

# LAYER 2 — Disease Label Check
  Judging 3 diseases... done

======================================================================
[311/544]  DISEASES — CROP: Lilyturf
======================================================================
  Total: 3  |  CORRECT: 2  QUESTIONABLE: 1  INCORRECT: 0

  QUESTIONABLE:
    ?  Fusarium Wilts: Plural 'Wilts' names a pathogen-genus disease group rather than a specific disease; Fusarium is more commonly reported as a crown/root rot on lilyturf than as a classical vascular wilt.

  ~ SIMILAR: Anthracnose | Phyllosticta Leaf Spot
    Both are fungal foliar diseases producing brown-to-tan leaf lesions on lilyturf and can be confused visually in the field without microscopic or cultural confirmation.

  SUMMARY: Two of the three labels (Anthracnose and Phyllosticta Leaf Spot) are well-established foliar diseases of lilyturf, while 'Fusarium Wilts' is questionable because it uses a pluralized pathogen-genus grouping rather than a specific disease name and Fusarium on lilyturf typically manifests as crown/root rot. Overall label quality is acceptable but would benefit from renaming the Fusarium entry to a specific disease (e.g., 'Fusarium Crown Rot') and distinguishing the two foliar diseases by their diagnostic features.

######################################################################
# [312/544]  Lion S Mane Hericium
# LAYER 1 — Crop Validation
######################################################################

──────────────────────────────────────────────────────────────────────
[312/544]  CROP: Lion S Mane Hericium
──────────────────────────────────────────────────────────────────────
  Node A (real plant?)     : YES
  Node B (cultivated crop?): YES
  Node C (name correct?)   : NO
  Verdict   : MISSPELLED_OR_UNSTANDARDISED
  Category  : other
  Canonical : Lion's Mane Mushroom (Hericium erinaceus)
  Notes     : Edible cultivated mushroom (fungus, not a plant) — name is unstandardised; 'Lion S Mane' should be 'Lion's Mane'.

# LAYER 2 — Disease Label Check
  Judging 1 diseases... done

======================================================================
[312/544]  DISEASES — CROP: Lion S Mane Hericium
======================================================================
  Total: 1  |  CORRECT: 0  QUESTIONABLE: 0  INCORRECT: 1

  INCORRECT:
    x  Lion S Mane Hericium: This is the name of the organism (Hericium erinaceus, lion's mane mushroom) itself, not a disease, and lion's mane is a cultivated edible fungus rather than a plant crop with pathology labels.

  SUMMARY: The single label simply repeats the crop/organism name and does not denote any disease. Additionally, lion's mane (Hericium erinaceus) is an edible mushroom, not a plant crop, so plant-pathology disease labels are not applicable. The dataset entry should be removed or replaced with actual cultivation issues (e.g., Trichoderma green mold, bacterial blotch) if mushroom pathology is intended.

######################################################################
# [313/544]  Lisianthius Gentians
# LAYER 1 — Crop Validation
######################################################################

──────────────────────────────────────────────────────────────────────
[313/544]  CROP: Lisianthius Gentians
──────────────────────────────────────────────────────────────────────
  Node A (real plant?)     : YES
  Node B (cultivated crop?): YES
  Node C (name correct?)   : NO
  Verdict   : MISSPELLED_OR_UNSTANDARDISED
  Category  : ornamental
  Canonical : Lisianthus
  Notes     : Standard common name is 'Lisianthus' (Eustoma grandiflorum); 'Lisianthius Gentians' conflates the cut-flower crop with the related Gentianaceae family.

# LAYER 2 — Disease Label Check
  Judging 1 diseases... done

======================================================================
[313/544]  DISEASES — CROP: Lisianthius Gentians
======================================================================
  Total: 1  |  CORRECT: 0  QUESTIONABLE: 1  INCORRECT: 0

  QUESTIONABLE:
    ?  Fusarium Wilts: Fusarium wilt (Fusarium oxysporum f. sp. eustomae) is a documented disease of Eustoma/lisianthus, but the plural 'Wilts' is vague and names a disease group rather than a specific disease.

  SUMMARY: The single label refers to a real and economically important disease of lisianthus, but the naming is imprecise. Recommend renaming to 'Fusarium Wilt' (singular) for specificity and clarity.

######################################################################
# [314/544]  Lobeliacardinalflower
# LAYER 1 — Crop Validation
######################################################################

──────────────────────────────────────────────────────────────────────
[314/544]  CROP: Lobeliacardinalflower
──────────────────────────────────────────────────────────────────────
  Node A (real plant?)     : YES
  Node B (cultivated crop?): YES
  Node C (name correct?)   : NO
  Verdict   : MISSPELLED_OR_UNSTANDARDISED
  Category  : ornamental
  Canonical : Lobelia (Cardinal Flower)
  Notes     : Input is two names concatenated without a space; refers to Lobelia cardinalis, commonly grown as an ornamental.

# LAYER 2 — Disease Label Check
  Judging 4 diseases... done

======================================================================
[314/544]  DISEASES — CROP: Lobeliacardinalflower
======================================================================
  Total: 4  |  CORRECT: 2  QUESTIONABLE: 2  INCORRECT: 0

  QUESTIONABLE:
    ?  Tobacco Rattle Virus: TRV has a wide host range transmitted by nematodes, but documented natural infection of Lobelia cardinalis is sparse and not a commonly reported disease of this ornamental.
    ?  Turnip Mosaic Virus: TuMV primarily infects Brassicaceae and some other dicots; infection of Lobelia cardinalis is not a well-established or commonly reported association.

  ~ SIMILAR: Cucumber Mosaic Virus | Turnip Mosaic Virus
    Both are mosaic-inducing plant viruses that produce overlapping foliar symptoms (mottling, mosaic, distortion) and can be difficult to distinguish without serological or molecular testing.

  SUMMARY: The label list consists entirely of broad-host-range plant viruses, two of which (CMV, TSWV) are credibly associated with ornamental Lobelia, while TRV and TuMV are plausible but poorly documented on Lobelia cardinalis specifically. The set is narrow in scope (viruses only) and omits more commonly reported issues for this species such as fungal leaf spots, rusts, or root rots. Overall quality is moderate, with two solid entries and two that should be verified against primary host-range records.

######################################################################
# [315/544]  London Planetree
# LAYER 1 — Crop Validation
######################################################################

──────────────────────────────────────────────────────────────────────
[315/544]  CROP: London Planetree
──────────────────────────────────────────────────────────────────────
  Node A (real plant?)     : YES
  Node B (cultivated crop?): YES
  Node C (name correct?)   : YES
  Verdict   : VALID
  Category  : ornamental
  Notes     : Platanus × acerifolia, widely cultivated as an urban shade/ornamental tree.

# LAYER 2 — Disease Label Check
  Judging 2 diseases... done

======================================================================
[315/544]  DISEASES — CROP: London Planetree
======================================================================
  Total: 2  |  CORRECT: 1  QUESTIONABLE: 1  INCORRECT: 0

  QUESTIONABLE:
    ?  Septoria Leaf Blotch: Septoria leaf spot can occur on Platanus but is uncommon and typically minor on London planetree; the name 'Leaf Blotch' is more often associated with anthracnose on this host.

  ~ SIMILAR: Septoria Leaf Blotch | Sycamore Anthracnose
    Both produce necrotic leaf lesions along veins and can be confused visually in the field, though they are caused by different fungi.

  SUMMARY: The label set correctly includes sycamore anthracnose, the most important foliar disease of London planetree. Septoria leaf blotch is questionable as a distinct, well-established disease on this host and may be confused with anthracnose symptoms. Overall coverage is narrow and omits other common issues such as powdery mildew and canker stain.

######################################################################
# [316/544]  Loose Smut
# LAYER 1 — Crop Validation
######################################################################

──────────────────────────────────────────────────────────────────────
[316/544]  CROP: Loose Smut
──────────────────────────────────────────────────────────────────────
  Node A (real plant?)     : NO
  Node B (cultivated crop?): N/A
  Node C (name correct?)   : N/A
  Verdict   : INVALID
  Category  : other
  Notes     : Loose smut is a fungal disease (caused by Ustilago spp.) affecting cereals, not a crop.

  → Skipping disease check (crop verdict: INVALID)

######################################################################
# [317/544]  Loose Smut Of Wheat Or Barley
# LAYER 1 — Crop Validation
######################################################################

──────────────────────────────────────────────────────────────────────
[317/544]  CROP: Loose Smut Of Wheat Or Barley
──────────────────────────────────────────────────────────────────────
  Node A (real plant?)     : NO
  Node B (cultivated crop?): N/A
  Node C (name correct?)   : N/A
  Verdict   : INVALID
  Category  : other
  Notes     : This is a fungal disease (Ustilago tritici/nuda) affecting wheat and barley, not a crop itself.

  → Skipping disease check (crop verdict: INVALID)

######################################################################
# [318/544]  Loosestrife
# LAYER 1 — Crop Validation
######################################################################

──────────────────────────────────────────────────────────────────────
[318/544]  CROP: Loosestrife
──────────────────────────────────────────────────────────────────────
  Node A (real plant?)     : YES
  Node B (cultivated crop?): NO
  Node C (name correct?)   : N/A
  Verdict   : NON_CROP
  Category  : ornamental
  Notes     : Loosestrife (Lythrum/Lysimachia) is primarily a wild or invasive plant; some species are grown ornamentally, but it is not a standard agricultural or horticultural crop.

  → Skipping disease check (crop verdict: NON_CROP)

######################################################################
# [319/544]  Lophodermium Needle Casts
# LAYER 1 — Crop Validation
######################################################################

──────────────────────────────────────────────────────────────────────
[319/544]  CROP: Lophodermium Needle Casts
──────────────────────────────────────────────────────────────────────
  Node A (real plant?)     : ?
  Node B (cultivated crop?): ?
  Node C (name correct?)   : ?
  Verdict   : ERROR
  Category  : 

  → Skipping disease check (crop verdict: ERROR)

######################################################################
# [320/544]  Loquat
# LAYER 1 — Crop Validation
######################################################################

──────────────────────────────────────────────────────────────────────
[320/544]  CROP: Loquat
──────────────────────────────────────────────────────────────────────
  Node A (real plant?)     : YES
  Node B (cultivated crop?): YES
  Node C (name correct?)   : YES
  Verdict   : VALID
  Category  : fruit

# LAYER 2 — Disease Label Check
  Judging 1 diseases... done

======================================================================
[320/544]  DISEASES — CROP: Loquat
======================================================================
  Total: 1  |  CORRECT: 1  QUESTIONABLE: 0  INCORRECT: 0

  SUMMARY: The single label provided is a valid and well-documented disease of loquat. Fire blight is a significant bacterial disease in loquat orchards, particularly affecting blossoms, shoots, and fruit. No duplicates or overlapping entries are present.

######################################################################
# [321/544]  Lupine
# LAYER 1 — Crop Validation
######################################################################

──────────────────────────────────────────────────────────────────────
[321/544]  CROP: Lupine
──────────────────────────────────────────────────────────────────────
  Node A (real plant?)     : YES
  Node B (cultivated crop?): YES
  Node C (name correct?)   : YES
  Verdict   : VALID
  Category  : legume

# LAYER 2 — Disease Label Check
  Judging 1 diseases... done

======================================================================
[321/544]  DISEASES — CROP: Lupine
======================================================================
  [ERROR] claude CLI failed after 3 retries. stderr: 

######################################################################
# [322/544]  Magnolia
# LAYER 1 — Crop Validation
######################################################################

──────────────────────────────────────────────────────────────────────
[322/544]  CROP: Magnolia
──────────────────────────────────────────────────────────────────────
  Node A (real plant?)     : YES
  Node B (cultivated crop?): YES
  Node C (name correct?)   : YES
  Verdict   : VALID
  Category  : ornamental

# LAYER 2 — Disease Label Check
  Judging 4 diseases... done

======================================================================
[322/544]  DISEASES — CROP: Magnolia
======================================================================
  Total: 4  |  CORRECT: 3  QUESTIONABLE: 1  INCORRECT: 0

  QUESTIONABLE:
    ?  Green Algae: Names the causal organism group rather than a specific disease; likely intended to refer to algal leaf spot (Cephaleuros).

  ~ SIMILAR: Green Alga Leaf Spot | Green Algae
    Both refer to the same Cephaleuros virescens algal infection; 'Green Algae' is a non-specific duplicate of 'Green Alga Leaf Spot'.

  SUMMARY: Three of the four labels correspond to legitimate magnolia disorders, with Phytophthora root/crown rot and sooty mold being well-established problems and algal leaf spot common in warm humid regions. The 'Green Algae' entry is redundant with 'Green Alga Leaf Spot' and should be consolidated, as it names an organism group rather than a distinct disease. Overall label quality is acceptable but requires deduplication.

######################################################################
# [323/544]  Mallows
# LAYER 1 — Crop Validation
######################################################################

──────────────────────────────────────────────────────────────────────
[323/544]  CROP: Mallows
──────────────────────────────────────────────────────────────────────
  Node A (real plant?)     : YES
  Node B (cultivated crop?): YES
  Node C (name correct?)   : YES
  Verdict   : VALID
  Category  : herb_spice
  Canonical : Mallow
  Notes     : Mallow (Malva spp.) is cultivated as a leafy vegetable and medicinal herb; plural form 'Mallows' refers to the group.

# LAYER 2 — Disease Label Check
  Judging 2 diseases... done

======================================================================
[323/544]  DISEASES — CROP: Mallows
======================================================================
  Total: 2  |  CORRECT: 1  QUESTIONABLE: 1  INCORRECT: 0

  QUESTIONABLE:
    ?  Puccinia Rust: Names a pathogen genus rather than a specific disease; Puccinia malvacearum causes rust on mallows but the label is too vague.

  ~ SIMILAR: Hollyhock Rust | Puccinia Rust
    Both refer to rust disease caused by Puccinia malvacearum on Malvaceae hosts; 'Puccinia Rust' is essentially a less specific synonym for Hollyhock Rust.

  SUMMARY: The list contains one well-defined disease (Hollyhock Rust) and one vague genus-level label (Puccinia Rust) that likely duplicates it. The two entries effectively describe the same rust pathogen affecting mallows, so the labeling is redundant and should be consolidated under the specific disease name.

######################################################################
# [324/544]  Mandevilla
# LAYER 1 — Crop Validation
######################################################################

──────────────────────────────────────────────────────────────────────
[324/544]  CROP: Mandevilla
──────────────────────────────────────────────────────────────────────
  Node A (real plant?)     : YES
  Node B (cultivated crop?): YES
  Node C (name correct?)   : YES
  Verdict   : VALID
  Category  : ornamental

# LAYER 2 — Disease Label Check
  Judging 1 diseases... done

======================================================================
[324/544]  DISEASES — CROP: Mandevilla
======================================================================
  Total: 1  |  CORRECT: 0  QUESTIONABLE: 1  INCORRECT: 0

  QUESTIONABLE:
    ?  Fusarium Wilts: Fusarium can cause wilt and root rot on Mandevilla, but the plural generic label names a pathogen group rather than a specific documented disease and is an uncommonly reported association for this ornamental vine.

  SUMMARY: The single entry refers to a real fungal problem but is labeled imprecisely and is not a well-characterized disease of Mandevilla in the literature. A more specific label such as 'Fusarium wilt' or 'Fusarium root and crown rot' would improve clarity. Overall label quality is marginal.

######################################################################
# [325/544]  Mango
# LAYER 1 — Crop Validation
######################################################################

──────────────────────────────────────────────────────────────────────
[325/544]  CROP: Mango
──────────────────────────────────────────────────────────────────────
  Node A (real plant?)     : YES
  Node B (cultivated crop?): YES
  Node C (name correct?)   : YES
  Verdict   : VALID
  Category  : fruit

# LAYER 2 — Disease Label Check
  Judging 9 diseases... done

======================================================================
[325/544]  DISEASES — CROP: Mango
======================================================================
  Total: 9  |  CORRECT: 5  QUESTIONABLE: 3  INCORRECT: 1

  INCORRECT:
    x  Fungus: This is a generic kingdom name, not a disease label.

  QUESTIONABLE:
    ?  Bitter Rot And Anthracnose: Label conflates two conditions; bitter rot is typically associated with apple, and coupling it with anthracnose on mango is non-standard.
    ?  Pestalotiopsis Blight: Pestalotiopsis spp. can cause leaf blight/grey blight on mango but the association is uncommon and the label names a pathogen genus rather than a standardized disease.
    ?  Phaeoramularia Fungus: Phaeoramularia is primarily associated with citrus leaf and fruit spot; the label names a pathogen genus and its association with mango is not well established.

  ~ SIMILAR: Anthracnose | Bitter Rot And Anthracnose
    Both labels reference anthracnose, creating duplication and ambiguous class boundaries.

  SUMMARY: The mango label set includes the main economically important diseases (anthracnose, powdery mildew, dieback, bacterial canker, sooty mould), which is a solid core. However, 'Fungus' is a non-disease generic term, 'Phaeoramularia Fungus' and 'Pestalotiopsis Blight' name pathogen genera with weak or atypical mango associations, and 'Bitter Rot And Anthracnose' duplicates the Anthracnose class while introducing an apple-associated condition. Cleanup should remove 'Fungus', merge or drop the compound anthracnose label, and verify the two genus-named fungal entries before retaining them.

######################################################################
# [326/544]  Maple
# LAYER 1 — Crop Validation
######################################################################

──────────────────────────────────────────────────────────────────────
[326/544]  CROP: Maple
──────────────────────────────────────────────────────────────────────
  Node A (real plant?)     : YES
  Node B (cultivated crop?): YES
  Node C (name correct?)   : YES
  Verdict   : VALID
  Category  : tree_crop
  Notes     : Cultivated for maple syrup production and as an ornamental/timber tree.

# LAYER 2 — Disease Label Check
  Judging 25 diseases... done

======================================================================
[326/544]  DISEASES — CROP: Maple
======================================================================
  Total: 25  |  CORRECT: 16  QUESTIONABLE: 9  INCORRECT: 0

  QUESTIONABLE:
    ?  Bitter Rot And Anthracnose: Bitter rot is a fruit disease of apples/grapes, not maple; pairing it with anthracnose on maple is an unusual/incorrect association.
    ?  Elm Oyster: Hypsizygus ulmarius is primarily associated with elm and box elder; a secondary/opportunistic wood decay on maple rather than a primary disease, and the label names a fungus genus rather than a disease.
    ?  Hericium Fungus: Hericium is a wood-decay fungus occasionally on maple, but the label names the fungus genus rather than a disease.
    ?  Leaf Blister: Taphrina leaf blister is documented chiefly on oak; maple leaf blister is uncommon and the label is vague without a pathogen qualifier.
    ?  Maple Cankers: Real disease category but vague; no specific pathogen identified.
    ?  Northern Tooth: Climacodon septentrionalis (northern tooth) is a recognized heart-rot fungus of maple, but the label names the fungus common name rather than a disease.
    ?  Pleurotus Fungus: Pleurotus (oyster mushroom) is a white-rot decay fungus on many hardwoods including maple; label names a fungus genus rather than a named disease.
    ?  Sphaerulina Aceris: Sphaerulina aceris is a leaf spot pathogen of maple, but the label names the pathogen species rather than a disease name.
    ?  Yellow Cap Fungi: Vague common name (likely Pholiota spp.); refers to decay fungi rather than a defined disease.

  ~ SIMILAR: Anthracnose | Kabatiella Leaf Spot | Bitter Rot And Anthracnose
    Kabatiella apocrypta is one of the causal agents of maple anthracnose, so Kabatiella Leaf Spot overlaps with Anthracnose; the Bitter Rot And Anthracnose entry also duplicates the Anthracnose label.

  ~ SIMILAR: Cristulariella Leaf Spot | Zonate Leaf Spot
    Cristulariella moricola causes zonate leaf spot — these are the same disease under two names.

  ~ SIMILAR: Maple Cankers | Eutypella Canker | Botryosphaeria Rots And Cankers | Phomopsis Cankers And Twig Blights | Inonotus Canker | Phytophthora Basal Canker
    Maple Cankers is a generic umbrella that encompasses the specifically named canker diseases.

  ~ SIMILAR: Elm Oyster | Pleurotus Fungus
    Both are oyster-type wood-decay basidiomycetes (Hypsizygus/Pleurotus) listed as fungus genera rather than defined diseases.

  ~ SIMILAR: Hericium Fungus | Northern Tooth | Yellow Cap Fungi | Inonotus Canker | Xylaria Root Rots
    All are wood-decay/heart-rot fungi on maple, several labeled by fungus name rather than disease name.

  ~ SIMILAR: Sphaerulina Aceris | Phyllosticta Leaf Spot
    Both are fungal leaf spot diseases of maple with overlapping symptoms and sometimes confused in field diagnosis.

  SUMMARY: Most entries are legitimate maple diseases, but the list mixes disease names with bare fungus genera/common names (Elm Oyster, Hericium Fungus, Pleurotus Fungus, Northern Tooth, Yellow Cap Fungi, Sphaerulina Aceris), which should be renamed to the disease they cause. There is notable redundancy among leaf spots (Cristulariella = Zonate; Kabatiella = an anthracnose agent) and cankers (generic Maple Cankers overlapping multiple specific entries). The clearest error is Bitter Rot And Anthracnose, since bitter rot is not a maple disease.

######################################################################
# [327/544]  Maranta
# LAYER 1 — Crop Validation
######################################################################

──────────────────────────────────────────────────────────────────────
[327/544]  CROP: Maranta
──────────────────────────────────────────────────────────────────────
  Node A (real plant?)     : YES
  Node B (cultivated crop?): YES
  Node C (name correct?)   : YES
  Verdict   : VALID
  Category  : root_tuber
  Canonical : Arrowroot
  Notes     : Maranta (Maranta arundinacea) is commonly known as arrowroot, cultivated for its edible starchy rhizomes.

# LAYER 2 — Disease Label Check
  Judging 2 diseases... done

======================================================================
[327/544]  DISEASES — CROP: Maranta
======================================================================
  Total: 2  |  CORRECT: 2  QUESTIONABLE: 0  INCORRECT: 0

  SUMMARY: Both labels are legitimate diseases known to affect Maranta, one viral and one fungal, with distinct etiologies and symptoms. The list is small but accurate, with no duplicates or overlapping entries. Label quality is good, though adding the causal agent (e.g., 'Myrothecium roridum leaf spot') would improve precision.

######################################################################
# [328/544]  Marigold
# LAYER 1 — Crop Validation
######################################################################

──────────────────────────────────────────────────────────────────────
[328/544]  CROP: Marigold
──────────────────────────────────────────────────────────────────────
  Node A (real plant?)     : YES
  Node B (cultivated crop?): YES
  Node C (name correct?)   : YES
  Verdict   : VALID
  Category  : ornamental

# LAYER 2 — Disease Label Check
  Judging 1 diseases... done

======================================================================
[328/544]  DISEASES — CROP: Marigold
======================================================================
  Total: 1  |  CORRECT: 1  QUESTIONABLE: 0  INCORRECT: 0

  SUMMARY: The single label provided is a valid and well-documented disease of marigold. No duplicates or overlapping entries exist given only one disease is listed. Overall label quality is acceptable.

######################################################################
# [329/544]  Mayapple
# LAYER 1 — Crop Validation
######################################################################

──────────────────────────────────────────────────────────────────────
[329/544]  CROP: Mayapple
──────────────────────────────────────────────────────────────────────
  Node A (real plant?)     : YES
  Node B (cultivated crop?): YES
  Node C (name correct?)   : YES
  Verdict   : VALID
  Category  : other
  Notes     : Podophyllum peltatum; cultivated for medicinal compounds (podophyllotoxin) used in pharmaceuticals.

# LAYER 2 — Disease Label Check
  Judging 1 diseases... done

======================================================================
[329/544]  DISEASES — CROP: Mayapple
======================================================================
  Total: 1  |  CORRECT: 1  QUESTIONABLE: 0  INCORRECT: 0

  SUMMARY: The single label provided is a legitimate and well-documented disease of mayapple. No duplicates or overlapping entries exist in this minimal list. Coverage is narrow, as mayapple is also affected by other diseases such as Septoria leaf spot and Botrytis blight that are not represented here.

######################################################################
# [330/544]  Melaleuca
# LAYER 1 — Crop Validation
######################################################################

──────────────────────────────────────────────────────────────────────
[330/544]  CROP: Melaleuca
──────────────────────────────────────────────────────────────────────
  Node A (real plant?)     : YES
  Node B (cultivated crop?): YES
  Node C (name correct?)   : YES
  Verdict   : VALID
  Category  : tree_crop
  Notes     : Genus of trees/shrubs cultivated for essential oil (tea tree oil), timber, and as ornamentals.

# LAYER 2 — Disease Label Check
  Judging 1 diseases... done

======================================================================
[330/544]  DISEASES — CROP: Melaleuca
======================================================================
  [ERROR] claude CLI failed after 3 retries. stderr: 

######################################################################
# [331/544]  Melon
# LAYER 1 — Crop Validation
######################################################################

──────────────────────────────────────────────────────────────────────
[331/544]  CROP: Melon
──────────────────────────────────────────────────────────────────────
  Node A (real plant?)     : YES
  Node B (cultivated crop?): YES
  Node C (name correct?)   : YES
  Verdict   : VALID
  Category  : fruit

# LAYER 2 — Disease Label Check
  Judging 28 diseases... done

======================================================================
[331/544]  DISEASES — CROP: Melon
======================================================================
  Total: 28  |  CORRECT: 20  QUESTIONABLE: 8  INCORRECT: 0

  QUESTIONABLE:
    ?  Alternaria Black Molds Stem Cankers: Unusual compound label; Alternaria on melon typically causes leaf blight rather than stem cankers specifically named this way.
    ?  Berkeleyomyces Basicola: Names a pathogen (black root rot fungus) rather than a disease; association with melon is uncommon.
    ?  Blossom End Rot: A physiological disorder from calcium deficiency, not an infectious disease, though it does occur on melon fruit.
    ?  Cercospora Fungi: Names a pathogen genus rather than a disease.
    ?  Damping-Offroot Rot: Malformed/run-together label; appears to conflate damping-off and root rot.
    ?  Fusarium Wilts: Plural/duplicate of Fusarium Wilt; vague label.
    ?  Phytoplasma: Names a pathogen group rather than a specific disease; phytoplasmas do infect melons but label is too vague.
    ?  Pythium Diseases: Vague pathogen-based label; Pythium species cause damping-off and root rot in melons but the name is nonspecific.

  ~ SIMILAR: Fusarium Wilt | Fusarium Wilts | Fusarium Root Rot And Wilt
    All reference Fusarium-induced wilting; 'Fusarium Wilts' is a plural duplicate, and 'Fusarium Root Rot And Wilt' overlaps with the wilt disease.

  ~ SIMILAR: Cercospora Fungi | Cercospora Leaf Spot
    'Cercospora Fungi' is a pathogen-genus label that corresponds to the same disease captured specifically as 'Cercospora Leaf Spot'.

  ~ SIMILAR: Alternaria Black Molds Stem Cankers | Alternaria Leaf Spot
    Both attribute disease to Alternaria on melon; the former is a compound/unusual phrasing that overlaps with the standard Alternaria leaf blight.

  ~ SIMILAR: Damping-Offroot Rot | Rhizoctonia Damping-Off | Pythium Diseases
    All describe damping-off / seedling root rot complexes caused by soilborne fungi and oomycetes.

  ~ SIMILAR: Charcoal Rot | Monosporascus Root Rot
    Both cause vine decline / root collapse in mature melons under heat and water stress and are frequently confused in the field.

  SUMMARY: The list captures most major melon diseases accurately, including Fusarium wilt, gummy stem blight, downy/powdery mildews, anthracnose, and bacterial fruit blotch. Quality issues include duplicate/plural entries (Fusarium Wilt vs Fusarium Wilts), pathogen-genus labels instead of disease names (Cercospora Fungi, Berkeleyomyces Basicola, Phytoplasma, Pythium Diseases), and a malformed compound label (Damping-Offroot Rot). Consolidating synonymous Fusarium and Cercospora entries and replacing genus-only labels with specific disease names would materially improve the taxonomy.

######################################################################
# [332/544]  Meserve Holly
# LAYER 1 — Crop Validation
######################################################################

──────────────────────────────────────────────────────────────────────
[332/544]  CROP: Meserve Holly
──────────────────────────────────────────────────────────────────────
  Node A (real plant?)     : YES
  Node B (cultivated crop?): YES
  Node C (name correct?)   : YES
  Verdict   : VALID
  Category  : ornamental
  Notes     : Hybrid holly (Ilex x meserveae) grown as an ornamental landscape shrub.

# LAYER 2 — Disease Label Check
  Judging 3 diseases... done

======================================================================
[332/544]  DISEASES — CROP: Meserve Holly
======================================================================
  Total: 3  |  CORRECT: 1  QUESTIONABLE: 1  INCORRECT: 1

  INCORRECT:
    x  Rust: Rust fungi are not a recognized disease of Ilex × meserveae; hollies are generally considered non-hosts for the common rust pathogens.

  QUESTIONABLE:
    ?  Black Stem: Black stem is not a well-documented disease of Meserve holly (Ilex × meserveae); hollies more typically suffer from black root rot or tar spot rather than a named 'black stem' disease.

  SUMMARY: Only 'Root Rot' is a clearly documented disease of Meserve holly. 'Black Stem' is vague and not a standard holly disease name, while 'Rust' is not known to affect this host. The label set needs refinement to reflect actual holly pathology (e.g., black root rot, tar spot, leaf spots, Phytophthora).

######################################################################
# [333/544]  Microbiota
# LAYER 1 — Crop Validation
######################################################################

──────────────────────────────────────────────────────────────────────
[333/544]  CROP: Microbiota
──────────────────────────────────────────────────────────────────────
  Node A (real plant?)     : YES
  Node B (cultivated crop?): YES
  Node C (name correct?)   : YES
  Verdict   : VALID
  Category  : ornamental
  Notes     : Microbiota decussata is a coniferous evergreen shrub cultivated as an ornamental groundcover.

# LAYER 2 — Disease Label Check
  Judging 1 diseases... done

======================================================================
[333/544]  DISEASES — CROP: Microbiota
======================================================================
  Total: 1  |  CORRECT: 0  QUESTIONABLE: 1  INCORRECT: 0

  QUESTIONABLE:
    ?  Phomopsis Cankers And Twig Blights: Phomopsis cankers and twig blights are well-documented on many conifers (e.g., Juniperus, Thuja, Chamaecyparis), but specific reports on the monotypic genus Microbiota (M. decussata) are sparse and largely inferred from its close relationship to Juniperus.

  SUMMARY: The single label refers to a real and common disease complex of Cupressaceae conifers, and Microbiota decussata is a Cupressaceae member likely susceptible by analogy. However, direct, documented reports of Phomopsis cankers/twig blights specifically on Microbiota are limited, so the association should be flagged as questionable rather than firmly established.

######################################################################
# [334/544]  Mile-A-Minute
# LAYER 1 — Crop Validation
######################################################################

──────────────────────────────────────────────────────────────────────
[334/544]  CROP: Mile-A-Minute
──────────────────────────────────────────────────────────────────────
  Node A (real plant?)     : YES
  Node B (cultivated crop?): NO
  Node C (name correct?)   : N/A
  Verdict   : NON_CROP
  Category  : other
  Canonical : Mile-a-minute (Persicaria perfoliata / Mikania micrantha)
  Notes     : Common name for invasive weeds (Persicaria perfoliata or Mikania micrantha), not cultivated as a crop.

  → Skipping disease check (crop verdict: NON_CROP)

######################################################################
# [335/544]  Milk-White Toothed Polypore
# LAYER 1 — Crop Validation
######################################################################

──────────────────────────────────────────────────────────────────────
[335/544]  CROP: Milk-White Toothed Polypore
──────────────────────────────────────────────────────────────────────
  Node A (real plant?)     : YES
  Node B (cultivated crop?): NO
  Node C (name correct?)   : N/A
  Verdict   : NON_CROP
  Category  : other
  Canonical : Milk-White Toothed Polypore (Irpex lacteus)
  Notes     : A wood-decay bracket fungus, not a cultivated crop.

  → Skipping disease check (crop verdict: NON_CROP)

######################################################################
# [336/544]  Milky Cap
# LAYER 1 — Crop Validation
######################################################################

──────────────────────────────────────────────────────────────────────
[336/544]  CROP: Milky Cap
──────────────────────────────────────────────────────────────────────
  Node A (real plant?)     : YES
  Node B (cultivated crop?): NO
  Node C (name correct?)   : N/A
  Verdict   : NON_CROP
  Category  : other
  Notes     : Milky Cap refers to wild Lactarius mushrooms, which are foraged rather than cultivated as an agricultural crop.

  → Skipping disease check (crop verdict: NON_CROP)

######################################################################
# [337/544]  Mimosa
# LAYER 1 — Crop Validation
######################################################################

──────────────────────────────────────────────────────────────────────
[337/544]  CROP: Mimosa
──────────────────────────────────────────────────────────────────────
  Node A (real plant?)     : YES
  Node B (cultivated crop?): YES
  Node C (name correct?)   : YES
  Verdict   : VALID
  Category  : ornamental

# LAYER 2 — Disease Label Check
  Judging 1 diseases... done

======================================================================
[337/544]  DISEASES — CROP: Mimosa
======================================================================
  Total: 1  |  CORRECT: 1  QUESTIONABLE: 0  INCORRECT: 0

  SUMMARY: The single label provided is a legitimate, well-characterized disease of mimosa. No duplicates or overlapping entries are present. Overall label quality is good.

######################################################################
# [338/544]  Mock Oyster
# LAYER 1 — Crop Validation
######################################################################

──────────────────────────────────────────────────────────────────────
[338/544]  CROP: Mock Oyster
──────────────────────────────────────────────────────────────────────
  Node A (real plant?)     : YES
  Node B (cultivated crop?): YES
  Node C (name correct?)   : NO
  Verdict   : MISSPELLED_OR_UNSTANDARDISED
  Category  : other
  Canonical : Mock Oyster Mushroom (Phyllotopsis nidulans)
  Notes     : Ambiguous common name; 'Mock Oyster' typically refers to a wild/inedible fungus (Phyllotopsis nidulans), not a standard cultivated crop.

# LAYER 2 — Disease Label Check
  Judging 1 diseases... done

======================================================================
[338/544]  DISEASES — CROP: Mock Oyster
======================================================================
  Total: 1  |  CORRECT: 0  QUESTIONABLE: 0  INCORRECT: 1

  INCORRECT:
    x  Mock Oyster: 'Mock Oyster' is not a disease; it refers to a mushroom species (Phyllotopsis nidulans) or a culinary dish, not a plant pathology condition.

  SUMMARY: The provided entry is not a valid plant disease label. 'Mock Oyster' refers either to a wood-decay fungus (Phyllotopsis nidulans) or a meat-substitute food item, neither of which constitutes a crop disease. The list contains no legitimate disease entries to evaluate.

######################################################################
# [339/544]  Monarda
# LAYER 1 — Crop Validation
######################################################################

──────────────────────────────────────────────────────────────────────
[339/544]  CROP: Monarda
──────────────────────────────────────────────────────────────────────
  Node A (real plant?)     : YES
  Node B (cultivated crop?): YES
  Node C (name correct?)   : YES
  Verdict   : VALID
  Category  : herb_spice
  Notes     : Genus name (bee balm/bergamot); cultivated as a culinary/medicinal herb and ornamental.

# LAYER 2 — Disease Label Check
  Judging 2 diseases... done

======================================================================
[339/544]  DISEASES — CROP: Monarda
======================================================================
  Total: 2  |  CORRECT: 2  QUESTIONABLE: 0  INCORRECT: 0

  SUMMARY: Both labels are legitimate diseases of Monarda, with powdery mildew being the signature disease of the crop and INSV a known tospovirus affecting it in ornamental production. Labels are clear, correctly named, and non-overlapping. Overall quality of this short list is high.

######################################################################
# [340/544]  Monkshood
# LAYER 1 — Crop Validation
######################################################################

──────────────────────────────────────────────────────────────────────
[340/544]  CROP: Monkshood
──────────────────────────────────────────────────────────────────────
  Node A (real plant?)     : YES
  Node B (cultivated crop?): YES
  Node C (name correct?)   : YES
  Verdict   : VALID
  Category  : ornamental
  Notes     : Aconitum spp.; cultivated as an ornamental garden perennial but all parts are highly toxic.

# LAYER 2 — Disease Label Check
  Judging 1 diseases... done

======================================================================
[340/544]  DISEASES — CROP: Monkshood
======================================================================
  [ERROR] claude CLI failed after 3 retries. stderr: 

######################################################################
# [341/544]  Morel
# LAYER 1 — Crop Validation
######################################################################

──────────────────────────────────────────────────────────────────────
[341/544]  CROP: Morel
──────────────────────────────────────────────────────────────────────
  Node A (real plant?)     : YES
  Node B (cultivated crop?): YES
  Node C (name correct?)   : YES
  Verdict   : VALID
  Category  : other
  Notes     : Edible fungus (Morchella spp.), not a plant but cultivated/foraged as a horticultural food crop.

# LAYER 2 — Disease Label Check
  Judging 1 diseases... done

======================================================================
[341/544]  DISEASES — CROP: Morel
======================================================================
  Total: 1  |  CORRECT: 0  QUESTIONABLE: 0  INCORRECT: 1

  INCORRECT:
    x  Morel: Morel is the name of the crop (an edible fungus in genus Morchella), not a disease.

  SUMMARY: The single entry provided is not a disease label but simply the crop name itself. No valid disease information is present for quality assessment. The list should be repopulated with actual diseases or disorders known to affect morel cultivation (e.g., bacterial soft rot, cobweb mold, or Trichoderma contamination).

######################################################################
# [342/544]  Moringa
# LAYER 1 — Crop Validation
######################################################################

──────────────────────────────────────────────────────────────────────
[342/544]  CROP: Moringa
──────────────────────────────────────────────────────────────────────
  Node A (real plant?)     : YES
  Node B (cultivated crop?): YES
  Node C (name correct?)   : YES
  Verdict   : VALID
  Category  : tree_crop

# LAYER 2 — Disease Label Check
  Judging 1 diseases... done

======================================================================
[342/544]  DISEASES — CROP: Moringa
======================================================================
  Total: 1  |  CORRECT: 0  QUESTIONABLE: 1  INCORRECT: 0

  QUESTIONABLE:
    ?  Black Spot: 'Black Spot' is a generic descriptive term and not a well-defined, documented disease of Moringa; it could refer to several fungal leaf spot pathogens and lacks specificity.

  SUMMARY: The single label provided is too vague to be considered a validated Moringa disease. Moringa is affected by documented issues such as Cercospora leaf spot, Alternaria leaf spot, and twig canker, but 'Black Spot' alone does not map cleanly to any of these. A more specific pathogen- or symptom-based label is recommended.

######################################################################
# [343/544]  Morning-Glory
# LAYER 1 — Crop Validation
######################################################################

──────────────────────────────────────────────────────────────────────
[343/544]  CROP: Morning-Glory
──────────────────────────────────────────────────────────────────────
  Node A (real plant?)     : YES
  Node B (cultivated crop?): YES
  Node C (name correct?)   : YES
  Verdict   : VALID
  Category  : ornamental
  Canonical : Morning Glory
  Notes     : Grown primarily as an ornamental climber (Ipomoea spp.); some species like Ipomoea aquatica are cultivated as a leafy vegetable.

# LAYER 2 — Disease Label Check
  Judging 1 diseases... done

======================================================================
[343/544]  DISEASES — CROP: Morning-Glory
======================================================================
  Total: 1  |  CORRECT: 1  QUESTIONABLE: 0  INCORRECT: 0

  SUMMARY: The single label provided is a legitimate and well-documented disease of morning glory. No duplicates or overlapping entries exist in this minimal list. Overall label quality is good.

######################################################################
# [344/544]  Mountain Laurel
# LAYER 1 — Crop Validation
######################################################################

──────────────────────────────────────────────────────────────────────
[344/544]  CROP: Mountain Laurel
──────────────────────────────────────────────────────────────────────
  Node A (real plant?)     : YES
  Node B (cultivated crop?): YES
  Node C (name correct?)   : YES
  Verdict   : VALID
  Category  : ornamental

# LAYER 2 — Disease Label Check
  Judging 1 diseases... done

======================================================================
[344/544]  DISEASES — CROP: Mountain Laurel
======================================================================
  Total: 1  |  CORRECT: 1  QUESTIONABLE: 0  INCORRECT: 0

  SUMMARY: The single label provided is a legitimate and recognized foliar disease of mountain laurel. No duplicates or overlapping entries are present. Overall label quality is good.

######################################################################
# [345/544]  Mountainmint
# LAYER 1 — Crop Validation
######################################################################

──────────────────────────────────────────────────────────────────────
[345/544]  CROP: Mountainmint
──────────────────────────────────────────────────────────────────────
  Node A (real plant?)     : YES
  Node B (cultivated crop?): YES
  Node C (name correct?)   : YES
  Verdict   : VALID
  Category  : herb_spice
  Canonical : Mountain Mint
  Notes     : Pycnanthemum spp.; cultivated as an aromatic herb and ornamental pollinator plant.

# LAYER 2 — Disease Label Check
  Judging 1 diseases... done

======================================================================
[345/544]  DISEASES — CROP: Mountainmint
======================================================================
  Total: 1  |  CORRECT: 1  QUESTIONABLE: 0  INCORRECT: 0

  SUMMARY: The single label provided is a legitimate disease of mountainmint and related mints. No duplicates or overlapping entries are present. Overall label quality for this minimal list is acceptable.

######################################################################
# [346/544]  Murraya
# LAYER 1 — Crop Validation
######################################################################

──────────────────────────────────────────────────────────────────────
[346/544]  CROP: Murraya
──────────────────────────────────────────────────────────────────────
  Node A (real plant?)     : YES
  Node B (cultivated crop?): YES
  Node C (name correct?)   : NO
  Verdict   : MISSPELLED_OR_UNSTANDARDISED
  Category  : herb_spice
  Canonical : Curry leaf (Murraya koenigii)
  Notes     : Input is a genus name; the cultivated crop is curry leaf tree (Murraya koenigii), grown as a culinary herb/spice.

# LAYER 2 — Disease Label Check
  Judging 9 diseases... done

======================================================================
[346/544]  DISEASES — CROP: Murraya
======================================================================
  Total: 9  |  CORRECT: 3  QUESTIONABLE: 5  INCORRECT: 1

  INCORRECT:
    x  Chili Anthracnose: Chili anthracnose specifically refers to Colletotrichum infection of Capsicum (chili pepper), not Murraya.

  QUESTIONABLE:
    ?  Alternaria Black Molds Stem Cankers: Alternaria can occur on Murraya but the compound label conflates black mold with stem canker, which are distinct symptom complexes and not a standard named disease of Murraya.
    ?  Bitter Rot And Anthracnose: Bitter rot is primarily associated with apple and grape fruit rots; pairing it with anthracnose on Murraya is not a standard recognized disease.
    ?  Phloeospora Leaf Spot: Phloeospora leaf spots are well known on mulberry and poplar; an association with Murraya is not well documented.
    ?  Phoma Blight: Phoma species can infect many hosts but Phoma blight is not a commonly reported, well-characterized disease of Murraya.
    ?  Phomopsis Cankers And Twig Blights: Phomopsis twig blight/canker is reported on Murraya paniculata (orange jasmine) but the label is generic and lumps two symptom types together.

  ~ SIMILAR: Anthracnose | Bitter Rot And Anthracnose | Chili Anthracnose
    All three reference Colletotrichum-caused anthracnose; the bitter-rot and chili variants are redundant or host-mismatched duplicates of the generic anthracnose entry.

  ~ SIMILAR: Phloeospora Leaf Spot | Phyllosticta Leaf Spot | Pseudocercospora Leaf Spot
    All are fungal leaf-spot diseases producing similar necrotic foliar lesions and are often confused without microscopic or molecular identification.

  ~ SIMILAR: Alternaria Black Molds Stem Cankers | Phomopsis Cankers And Twig Blights | Phoma Blight
    Overlapping canker/blight symptom complexes on stems and twigs caused by dematiaceous or coelomycete fungi, difficult to distinguish by symptoms alone.

  SUMMARY: The Murraya label set mixes a few well-supported diseases (Phyllosticta and Pseudocercospora leaf spots, generic anthracnose) with several vague, compound, or host-mismatched entries such as Chili Anthracnose and Bitter Rot And Anthracnose. Many labels combine multiple symptom types or pathogens into single strings, creating duplication across the anthracnose and canker/blight groups. Overall the list needs cleanup to remove non-Murraya pathogens, split compound labels, and standardize naming to disease-level rather than pathogen-genus terms.

######################################################################
# [347/544]  Mustard
# LAYER 1 — Crop Validation
######################################################################

──────────────────────────────────────────────────────────────────────
[347/544]  CROP: Mustard
──────────────────────────────────────────────────────────────────────
  Node A (real plant?)     : YES
  Node B (cultivated crop?): YES
  Node C (name correct?)   : YES
  Verdict   : VALID
  Category  : oilseed

# LAYER 2 — Disease Label Check
  Judging 9 diseases... done

======================================================================
[347/544]  DISEASES — CROP: Mustard
======================================================================
  Total: 9  |  CORRECT: 6  QUESTIONABLE: 3  INCORRECT: 0

  QUESTIONABLE:
    ?  Black Spot: Likely refers to Alternaria blight/leaf spot on mustard, but the label is vague and commonly associated with roses or other crops.
    ?  Plenodomus Lingam: This names the pathogen (Plenodomus lingam, syn. Leptosphaeria maculans) causing blackleg/stem canker rather than the disease itself.
    ?  Sclerotinia Timber Rot: Unusual name; 'timber rot' typically refers to Sclerotinia stem rot in tomato, not standard terminology for mustard and likely duplicates Sclerotinia Rots.

  ~ SIMILAR: Sclerotinia Rots | Sclerotinia Timber Rot
    Both refer to Sclerotinia sclerotiorum infections; 'timber rot' is a non-standard or regional name that overlaps with Sclerotinia stem rot.

  ~ SIMILAR: Plenodomus Lingam | Black Spot
    Plenodomus lingam (blackleg) produces dark stem/leaf lesions that may be conflated with generic 'black spot' descriptions on Brassicas.

  SUMMARY: The list covers most major mustard diseases accurately, but contains labeling inconsistencies. 'Plenodomus Lingam' names a pathogen rather than a disease, 'Sclerotinia Timber Rot' is non-standard and likely duplicates 'Sclerotinia Rots', and 'Black Spot' is too vague for a Brassica context. Standardizing to disease names (e.g., Blackleg/Stem Canker, Sclerotinia Stem Rot, Alternaria Leaf Spot) would improve clarity.

######################################################################
# [348/544]  Myrtle
# LAYER 1 — Crop Validation
######################################################################

──────────────────────────────────────────────────────────────────────
[348/544]  CROP: Myrtle
──────────────────────────────────────────────────────────────────────
  Node A (real plant?)     : YES
  Node B (cultivated crop?): YES
  Node C (name correct?)   : YES
  Verdict   : VALID
  Category  : ornamental

# LAYER 2 — Disease Label Check
  Judging 2 diseases... done

======================================================================
[348/544]  DISEASES — CROP: Myrtle
======================================================================
  [ERROR] claude CLI failed after 3 retries. stderr: 

######################################################################
# [349/544]  Nandina
# LAYER 1 — Crop Validation
######################################################################

──────────────────────────────────────────────────────────────────────
[349/544]  CROP: Nandina
──────────────────────────────────────────────────────────────────────
  Node A (real plant?)     : YES
  Node B (cultivated crop?): YES
  Node C (name correct?)   : YES
  Verdict   : VALID
  Category  : ornamental

# LAYER 2 — Disease Label Check
  Judging 2 diseases... done

======================================================================
[349/544]  DISEASES — CROP: Nandina
======================================================================
  Total: 2  |  CORRECT: 0  QUESTIONABLE: 1  INCORRECT: 1

  INCORRECT:
    x  Fungus: This is not a disease name; 'fungus' is a broad taxonomic group, not a specific pathology.

  QUESTIONABLE:
    ?  Nattrassia Fungus: Nattrassia (Neoscytalidium dimidiatum) is a real fungal genus causing canker/dieback on woody plants, but the label names a pathogen rather than a specific disease and its association with Nandina is not well-documented.

  ~ SIMILAR: Fungus | Nattrassia Fungus
    Both entries are generic pathogen/taxonomic labels rather than named diseases, with 'Fungus' being a superset of 'Nattrassia Fungus'.

  SUMMARY: Neither entry is a properly named disease for Nandina (heavenly bamboo); both reference pathogens or fungal groups rather than specific pathologies. 'Fungus' is entirely non-specific, and while Nattrassia (Neoscytalidium) is a legitimate fungal pathogen of woody ornamentals, its documented association with Nandina is weak. The label set needs to be replaced with proper disease names such as anthracnose, leaf spot, or root rot where applicable.

######################################################################
# [350/544]  Nectarine
# LAYER 1 — Crop Validation
######################################################################

──────────────────────────────────────────────────────────────────────
[350/544]  CROP: Nectarine
──────────────────────────────────────────────────────────────────────
  Node A (real plant?)     : YES
  Node B (cultivated crop?): YES
  Node C (name correct?)   : YES
  Verdict   : VALID
  Category  : fruit

# LAYER 2 — Disease Label Check
  Judging 2 diseases... done

======================================================================
[350/544]  DISEASES — CROP: Nectarine
======================================================================
  Total: 2  |  CORRECT: 2  QUESTIONABLE: 0  INCORRECT: 0

  SUMMARY: Both labels represent well-documented diseases of nectarine. The entries are distinct pathogens with no overlap or duplication, and the label set is accurate though limited in scope for a nectarine disease registry.

######################################################################
# [351/544]  Neonectria Coccinea  Pers   Rossman   Samuels
# LAYER 1 — Crop Validation
######################################################################

──────────────────────────────────────────────────────────────────────
[351/544]  CROP: Neonectria Coccinea  Pers   Rossman   Samuels
──────────────────────────────────────────────────────────────────────
  Node A (real plant?)     : ?
  Node B (cultivated crop?): ?
  Node C (name correct?)   : ?
  Verdict   : ERROR
  Category  : 

  → Skipping disease check (crop verdict: ERROR)

######################################################################
# [352/544]  Nepenthes Pitcher Plants
# LAYER 1 — Crop Validation
######################################################################

──────────────────────────────────────────────────────────────────────
[352/544]  CROP: Nepenthes Pitcher Plants
──────────────────────────────────────────────────────────────────────
  Node A (real plant?)     : YES
  Node B (cultivated crop?): YES
  Node C (name correct?)   : YES
  Verdict   : VALID
  Category  : ornamental
  Notes     : Carnivorous plants cultivated in horticulture as ornamentals.

# LAYER 2 — Disease Label Check
  Judging 1 diseases... done

======================================================================
[352/544]  DISEASES — CROP: Nepenthes Pitcher Plants
======================================================================
  Total: 1  |  CORRECT: 1  QUESTIONABLE: 0  INCORRECT: 0

  SUMMARY: The single label provided is a legitimate and recognized fungal disease of Nepenthes. No duplicates or overlapping entries are present. Overall label quality is good for this minimal list.

######################################################################
# [353/544]  New Guinea Impatien
# LAYER 1 — Crop Validation
######################################################################

──────────────────────────────────────────────────────────────────────
[353/544]  CROP: New Guinea Impatien
──────────────────────────────────────────────────────────────────────
  Node A (real plant?)     : YES
  Node B (cultivated crop?): YES
  Node C (name correct?)   : NO
  Verdict   : MISSPELLED_OR_UNSTANDARDISED
  Category  : ornamental
  Canonical : New Guinea Impatiens
  Notes     : Missing terminal 's'; standard common name is 'New Guinea Impatiens' (Impatiens hawkeri).

# LAYER 2 — Disease Label Check
  Judging 2 diseases... done

======================================================================
[353/544]  DISEASES — CROP: New Guinea Impatien
======================================================================
  Total: 2  |  CORRECT: 2  QUESTIONABLE: 0  INCORRECT: 0

  SUMMARY: Both labels are legitimate, well-documented diseases of New Guinea impatiens with distinct causal pathogens and symptomology. No duplicates or overlapping entries are present. Overall label quality is good.

######################################################################
# [354/544]  Nightblooming Cactus
# LAYER 1 — Crop Validation
######################################################################

──────────────────────────────────────────────────────────────────────
[354/544]  CROP: Nightblooming Cactus
──────────────────────────────────────────────────────────────────────
  Node A (real plant?)     : YES
  Node B (cultivated crop?): YES
  Node C (name correct?)   : NO
  Verdict   : MISSPELLED_OR_UNSTANDARDISED
  Category  : ornamental
  Canonical : Night-blooming Cereus
  Notes     : Common name applies to several cacti (e.g., Selenicereus, Epiphyllum, Peniocereus); standardised form is 'night-blooming cereus' and it is grown ornamentally.

# LAYER 2 — Disease Label Check
  Judging 3 diseases... done

======================================================================
[354/544]  DISEASES — CROP: Nightblooming Cactus
======================================================================
  Total: 3  |  CORRECT: 0  QUESTIONABLE: 3  INCORRECT: 0

  QUESTIONABLE:
    ?  Curvularia Cactivora: Names a fungal species rather than a named disease, though Curvularia cactivora has been described as a pathogen on cacti.
    ?  Curvularia Lunata: Curvularia lunata is a real plurivorous fungal pathogen, but the label names the genus/species rather than a disease and its association with nightblooming cactus is poorly documented.
    ?  Epicoccum Fungi: Epicoccum is a fungal genus often acting as a saprophyte or weak pathogen/endophyte rather than a defined cactus disease, and the label is vague.

  ~ SIMILAR: Curvularia Cactivora | Curvularia Lunata
    Both are species within the Curvularia genus that can cause similar leaf/stem spot or rot symptoms and may be confused or co-occur.

  SUMMARY: All three labels name fungal taxa rather than well-defined diseases of nightblooming cactus, making them vague and difficult to use as registry entries. Curvularia cactivora has the strongest cactus association, while Curvularia lunata and Epicoccum are broad, plurivorous fungi with weak or unverified ties to this host. The list would benefit from disease-name labels (e.g., 'Curvularia stem rot') and clearer host-pathogen documentation.

######################################################################
# [355/544]  Ninebark
# LAYER 1 — Crop Validation
######################################################################

──────────────────────────────────────────────────────────────────────
[355/544]  CROP: Ninebark
──────────────────────────────────────────────────────────────────────
  Node A (real plant?)     : YES
  Node B (cultivated crop?): YES
  Node C (name correct?)   : YES
  Verdict   : VALID
  Category  : ornamental

# LAYER 2 — Disease Label Check
  Judging 1 diseases... done

======================================================================
[355/544]  DISEASES — CROP: Ninebark
======================================================================
  Total: 1  |  CORRECT: 1  QUESTIONABLE: 0  INCORRECT: 0

  SUMMARY: The single label provided is a legitimate and common disease of ninebark. No duplicates or overlapping entries exist in this one-item list. Overall label quality is acceptable.

######################################################################
# [356/544]  Oak
# LAYER 1 — Crop Validation
######################################################################

──────────────────────────────────────────────────────────────────────
[356/544]  CROP: Oak
──────────────────────────────────────────────────────────────────────
  Node A (real plant?)     : YES
  Node B (cultivated crop?): YES
  Node C (name correct?)   : YES
  Verdict   : VALID
  Category  : tree_crop

# LAYER 2 — Disease Label Check
  Judging 51 diseases... done

======================================================================
[356/544]  DISEASES — CROP: Oak
======================================================================
  Total: 51  |  CORRECT: 23  QUESTIONABLE: 27  INCORRECT: 1

  INCORRECT:
    x  Fusiform Rust: Fusiform rust requires oaks as alternate hosts but the damaging disease affects pines, not oaks.

  QUESTIONABLE:
    ?  Basal Cankers: Descriptive symptom rather than a specific disease; caused by various pathogens.
    ?  Black Spot: Not a standard named oak disease; generic symptom label commonly associated with roses.
    ?  Bondarzewia Berkeleyi: Names the fungus genus/species (Berkeley's polypore) rather than a disease name.
    ?  Botryodiplodia Fungi: Names a pathogen genus rather than a specific disease; causes cankers/dieback.
    ?  Cryptocline Fungus: Names a fungal genus (Cryptocline cinerescens causes leaf spots) rather than a disease.
    ?  Cytospora Cankers: Cytospora cankers are mainly on conifers and stone fruits; uncommon on oak.
    ?  Dog S Nose Fungus: Common name for Scorias spongiosa/related; names a fungus, not a clearly defined oak disease.
    ?  Drippy Blight: Drippy blight/nut is documented on red oaks but uncommon; label is ambiguous.
    ?  Dryad S Saddle: Cerioporus squamosus is a wood-decay fungus name, not a disease name.
    ?  False Turkey Tail: Stereum spp. common name; fungus name rather than a disease of oak.
    ?  Fuscoporia Fungus: Names a genus of wood-decay fungi, not a specific oak disease.
    ?  Hairy Stereum: Stereum hirsutum common name; fungus, decay agent rather than disease label.
    ?  Jack-O-Lantern Mushroom: Omphalotus illudens is a fungus growing on oak roots/stumps, not a defined disease.
    ?  Leaf Scorch Of Shade Trees: Generic shade-tree label; overlaps with bacterial leaf scorch or abiotic scorch.
    ?  Leaf Spot: Generic symptom label; many pathogens cause leaf spots on oak.
    ?  Lion S Mane Hericium: Hericium erinaceus is an edible wood-decay fungus; not typically listed as an oak disease.
    ?  Marssonina Leaf Spot: Marssonina is mainly reported on poplar, willow, and rose; uncommon on oak.
    ?  Mock Oyster: Common name for Phyllotopsis nidulans; saprobic fungus, not a recognized oak disease.
    ?  Monochaetia Fungi: Pathogen genus name rather than a specific oak disease.
    ?  Polypore: General term for bracket fungi; not a specific disease.
    ?  Polypore Fungus: Duplicate generic label referring to wood-decay bracket fungi broadly.
    ?  Poroid Wood Decay Fungi: Generic functional group, not a specific disease.
    ?  Sulfur Shelf: Laetiporus sulphureus common name; names a wood-decay fungus rather than a disease.
    ?  Tar Spot: Tar spot is primarily on maple; rare/unverified association with oak.
    ?  Turkey Tail: Trametes versicolor common name; wood-decay fungus rather than a named disease.
    ?  Weeping Conk: Cryptoporus/Inonotus dryadeus common name; names a fungus, not a defined oak disease.
    ?  Wood Decay Fungus: Generic category, not a specific oak disease.

  ~ SIMILAR: Leaf Blister | Oak Leaf Blister
    Same disease (Taphrina caerulescens); one entry omits the host qualifier.

  ~ SIMILAR: Hypoxylon Canker | Hypoxylon Canker Of Oak
    Duplicate entries for the same Biscogniauxia/Hypoxylon canker on oak.

  ~ SIMILAR: Nectria Canker | Neonectria Canker
    Overlapping labels; Neonectria was segregated from Nectria and causes the same canker complex.

  ~ SIMILAR: Bacterial Leaf Scorch | Leaf Scorch Of Shade Trees
    Shade-tree scorch label overlaps with and often refers to bacterial leaf scorch on oaks.

  ~ SIMILAR: Polypore | Polypore Fungus | Poroid Wood Decay Fungi | Wood Decay Fungus
    All are generic wood-decay fungus categories referring to the same group.

  ~ SIMILAR: Turkey Tail | False Turkey Tail
    Related common names (Trametes vs. Stereum) often conflated; both are decay fungi, not diseases.

  ~ SIMILAR: Canker Rot | Hispidus Canker | Inonotus Canker
    Hispidus and Inonotus cankers are specific Inonotus-caused canker rots overlapping with the general 'canker rot' label.

  ~ SIMILAR: Botryosphaeria Rots And Cankers | Botryodiplodia Fungi
    Botryodiplodia (Lasiodiplodia) is within the Botryosphaeriaceae and causes the same canker/dieback complex.

  ~ SIMILAR: Phytophthora Root And Crown Rots | Sudden Oak Death
    Sudden oak death is caused by Phytophthora ramorum, a specific form of Phytophthora disease on oak.

  SUMMARY: The list captures most major oak diseases (oak wilt, sudden oak death, bacterial leaf scorch, anthracnose, powdery mildew, leaf blister, Hypoxylon/Botryosphaeria cankers, Armillaria, Phytophthora), but quality is diluted by many entries that name fungus genera or common mushroom names (Turkey Tail, Sulfur Shelf, Dryad's Saddle, Jack-O-Lantern, Lion's Mane, Mock Oyster, Weeping Conk) rather than diseases. There are clear duplicates (Leaf Blister vs Oak Leaf Blister; Hypoxylon Canker vs Hypoxylon Canker Of Oak; Nectria vs Neonectria) and several generic symptom labels (Leaf Spot, Black Spot, Basal Cankers, Wood Decay Fungus). Cleanup should consolidate duplicates, drop saprobe/decay-fungus common names, and replace genus-only entries with specific disease names.

######################################################################
# [357/544]  Oak Lecanium
# LAYER 1 — Crop Validation
######################################################################

──────────────────────────────────────────────────────────────────────
[357/544]  CROP: Oak Lecanium
──────────────────────────────────────────────────────────────────────
  Node A (real plant?)     : YES
  Node B (cultivated crop?): NO
  Node C (name correct?)   : N/A
  Verdict   : NON_CROP
  Category  : other
  Canonical : Parthenolecanium quercifex
  Notes     : Oak lecanium is a scale insect pest (Parthenolecanium quercifex), not a plant or crop.

  → Skipping disease check (crop verdict: NON_CROP)

######################################################################
# [358/544]  Oat
# LAYER 1 — Crop Validation
######################################################################

──────────────────────────────────────────────────────────────────────
[358/544]  CROP: Oat
──────────────────────────────────────────────────────────────────────
  Node A (real plant?)     : YES
  Node B (cultivated crop?): YES
  Node C (name correct?)   : YES
  Verdict   : VALID
  Category  : cereal

# LAYER 2 — Disease Label Check
  Judging 5 diseases... done

======================================================================
[358/544]  DISEASES — CROP: Oat
======================================================================
  Total: 5  |  CORRECT: 3  QUESTIONABLE: 1  INCORRECT: 1

  INCORRECT:
    x  Wheat Stem Rust: Wheat stem rust (Puccinia graminis f. sp. tritici) is specific to wheat; the oat-infecting form is a different forma specialis (f. sp. avenae) and would be called oat stem rust.

  QUESTIONABLE:
    ?  Sharp Eyespot: Sharp eyespot (Rhizoctonia cerealis) primarily affects wheat, barley, and rye; oat is an unusual and minor host.

  ~ SIMILAR: Crown Rust | Oat Crown Rust
    These are duplicate entries for the same disease; 'Crown Rust' on oats is by definition 'Oat Crown Rust' (Puccinia coronata f. sp. avenae).

  SUMMARY: The label set contains one clear duplicate (Crown Rust / Oat Crown Rust) and one incorrect entry (Wheat Stem Rust refers to the wheat-specific forma specialis, not the oat pathogen). BYDV is a correct and important oat disease, while Sharp Eyespot is only marginally associated with oats and should be reviewed. Overall, the taxonomy needs deduplication and clarification of rust forma specialis.

######################################################################
# [359/544]  Ohio Buckeye
# LAYER 1 — Crop Validation
######################################################################

──────────────────────────────────────────────────────────────────────
[359/544]  CROP: Ohio Buckeye
──────────────────────────────────────────────────────────────────────
  Node A (real plant?)     : YES
  Node B (cultivated crop?): YES
  Node C (name correct?)   : YES
  Verdict   : VALID
  Category  : ornamental
  Notes     : Aesculus glabra, grown chiefly as an ornamental/shade tree; seeds are toxic and not a food crop.

# LAYER 2 — Disease Label Check
  Judging 1 diseases... done

======================================================================
[359/544]  DISEASES — CROP: Ohio Buckeye
======================================================================
  Total: 1  |  CORRECT: 0  QUESTIONABLE: 1  INCORRECT: 0

  QUESTIONABLE:
    ?  Rust: Rust is not a commonly documented disease of Ohio Buckeye (Aesculus glabra); the label is also vague without specifying a pathogen, and more typical buckeye diseases are leaf blotch (Guignardia aesculi) and powdery mildew.

  SUMMARY: The single label 'Rust' is questionable for Ohio Buckeye, as rust fungi are not among the well-documented pathogens of Aesculus glabra. The label is also too generic, lacking a specific pathogen or symptom descriptor. A more accurate disease list for this host would feature leaf blotch, powdery mildew, anthracnose, or canker diseases.

######################################################################
# [360/544]  Okra
# LAYER 1 — Crop Validation
######################################################################

──────────────────────────────────────────────────────────────────────
[360/544]  CROP: Okra
──────────────────────────────────────────────────────────────────────
  Node A (real plant?)     : YES
  Node B (cultivated crop?): YES
  Node C (name correct?)   : YES
  Verdict   : VALID
  Category  : vegetable

# LAYER 2 — Disease Label Check
  Judging 3 diseases... done

======================================================================
[360/544]  DISEASES — CROP: Okra
======================================================================
  Total: 3  |  CORRECT: 2  QUESTIONABLE: 1  INCORRECT: 0

  QUESTIONABLE:
    ?  Flower Blights: The label is vague and generic; it does not specify a causal agent, and flower blight in okra is most often caused by Choanephora, making this potentially a duplicate of the first entry.

  ~ SIMILAR: Choanephora Fruit Rot | Flower Blights
    Choanephora infections on okra typically begin on flowers before progressing to fruit, so 'Flower Blights' often refers to the same Choanephora-induced blossom blight/fruit rot complex.

  SUMMARY: Two of the three labels (Choanephora Fruit Rot and Powdery Mildew) are well-established okra diseases. 'Flower Blights' is vague and likely overlaps with Choanephora blossom/fruit rot, so it should be consolidated or renamed with a specific causal agent to avoid duplication.

######################################################################
# [361/544]  Onion
# LAYER 1 — Crop Validation
######################################################################

──────────────────────────────────────────────────────────────────────
[361/544]  CROP: Onion
──────────────────────────────────────────────────────────────────────
  Node A (real plant?)     : YES
  Node B (cultivated crop?): YES
  Node C (name correct?)   : YES
  Verdict   : VALID
  Category  : vegetable

# LAYER 2 — Disease Label Check
  Judging 29 diseases... done

======================================================================
[361/544]  DISEASES — CROP: Onion
======================================================================
  Total: 29  |  CORRECT: 20  QUESTIONABLE: 9  INCORRECT: 0

  QUESTIONABLE:
    ?  Alternaria Embellisia Togashi: Names a pathogen (Embellisia/Alternaria spp., likely skin blotch) rather than a clearly defined onion disease.
    ?  Aspergillus Fungi: Names the pathogen genus rather than the disease (Aspergillus black mold of onion bulbs).
    ?  Botrytis Aclada Fresen: Names the pathogen (Botrytis aclada) rather than the disease (Botrytis neck rot of onion).
    ?  Bread Mold: Informal name usually referring to Rhizopus; not a standard onion disease label.
    ?  Cladosporium Leaf Blotch: Cladosporium leaf blotch is more typical of cereals; an unusual and poorly established association with onion.
    ?  Leaf Blotch: Generic symptom-based name; does not specify the causal agent of the onion disease.
    ?  Leaf Spot: Vague symptom descriptor rather than a defined onion disease.
    ?  Phytoplasma: Names the pathogen group rather than a specific onion disease.
    ?  Root Rot: Generic term; does not specify the causal agent of the onion root rot.

  ~ SIMILAR: Aspergillus Fungi | Black Mold
    Black mold of onion is caused by Aspergillus niger; these labels refer to the same disease.

  ~ SIMILAR: Botrytis Aclada Fresen | Gray Mold
    Botrytis aclada causes neck rot and overlaps conceptually with gray mold (B. cinerea) on onion.

  ~ SIMILAR: Bread Mold | Rhizopus Soft Rots
    'Bread mold' colloquially refers to Rhizopus, duplicating Rhizopus soft rot.

  ~ SIMILAR: Aster Yellows Phytoplasma | Onion Yellows Phytoplasma | Phytoplasma
    All three refer to phytoplasma-caused yellows diseases and substantially overlap.

  ~ SIMILAR: Fusarium Damping-Off | Fusarium Root Rot And Wilt
    Both are caused by Fusarium spp. on onion and represent different stages/expressions of Fusarium infection.

  ~ SIMILAR: Leaf Spot | Leaf Blotch | Purple Blotch | Stemphylium Leaf Blight And Stalk Rot | Cladosporium Leaf Blotch
    Generic 'leaf spot' and 'leaf blotch' overlap with the specific foliar blight diseases listed.

  ~ SIMILAR: Root Rot | Pink Root Rot | Fusarium Root Rot And Wilt
    Generic 'root rot' overlaps with the specific pink root and Fusarium root rot entries.

  ~ SIMILAR: Alternaria Embellisia Togashi | Purple Blotch
    Both involve Alternaria-like pathogens on onion and may be conflated.

  SUMMARY: Most entries are legitimate onion diseases, but the list mixes pathogen names (Botrytis aclada, Aspergillus, Phytoplasma) with disease names, and includes several generic symptom labels (Leaf Spot, Leaf Blotch, Root Rot) that duplicate more specific entries. Cladosporium Leaf Blotch and 'Bread Mold' are unusual or informal labels for onion, and several phytoplasma/Fusarium/Botrytis entries overlap. Consolidating pathogen-based and symptom-based labels into standardized disease names would substantially improve label quality.

######################################################################
# [362/544]  Ophiopogon
# LAYER 1 — Crop Validation
######################################################################

──────────────────────────────────────────────────────────────────────
[362/544]  CROP: Ophiopogon
──────────────────────────────────────────────────────────────────────
  Node A (real plant?)     : YES
  Node B (cultivated crop?): YES
  Node C (name correct?)   : YES
  Verdict   : VALID
  Category  : ornamental
  Notes     : Genus name (commonly Ophiopogon japonicus, mondo grass); grown ornamentally and also used medicinally in traditional Asian medicine.

# LAYER 2 — Disease Label Check
  Judging 1 diseases... done

======================================================================
[362/544]  DISEASES — CROP: Ophiopogon
======================================================================
  Total: 1  |  CORRECT: 1  QUESTIONABLE: 0  INCORRECT: 0

  SUMMARY: The single label provided is a legitimate and well-documented disease of Ophiopogon. No duplicates or overlapping labels are present. Overall label quality is acceptable, though a more specific designation (e.g., Colletotrichum leaf anthracnose) would improve precision.

######################################################################
# [363/544]  Orange
# LAYER 1 — Crop Validation
######################################################################

──────────────────────────────────────────────────────────────────────
[363/544]  CROP: Orange
──────────────────────────────────────────────────────────────────────
  Node A (real plant?)     : YES
  Node B (cultivated crop?): YES
  Node C (name correct?)   : YES
  Verdict   : VALID
  Category  : fruit

# LAYER 2 — Disease Label Check
  Judging 7 diseases... done

======================================================================
[363/544]  DISEASES — CROP: Orange
======================================================================
  Total: 7  |  CORRECT: 4  QUESTIONABLE: 3  INCORRECT: 0

  QUESTIONABLE:
    ?  Penicillium Fungi: Names a pathogen genus rather than a specific disease; overlaps with Blue/Green Mold.
    ?  Penicillium Fungus: Names a pathogen genus rather than a specific disease; duplicate of Penicillium Fungi.
    ?  Whisker Mold: Uncommon/informal name; typically refers to Penicillium-related postharvest mold on citrus, not a standard disease label.

  ~ SIMILAR: Penicillium Fungi | Penicillium Fungus
    Singular/plural duplicates of the same genus-level label.

  ~ SIMILAR: Blue Mold | Green Mold | Penicillium Fungi | Penicillium Fungus | Whisker Mold
    All refer to Penicillium-caused postharvest molds of citrus; genus-level and informal entries overlap with the specific Blue/Green Mold diseases.

  SUMMARY: Most labels are legitimate citrus diseases, with Blue Mold, Green Mold, Citrus Blight, and Huanglongbing being well-documented. However, the list contains redundancy around Penicillium: two genus-level duplicates and the informal 'Whisker Mold' all overlap with Blue/Green Mold. Consolidating these into the specific Blue Mold and Green Mold entries would improve label quality.

######################################################################
# [364/544]  Orchid
# LAYER 1 — Crop Validation
######################################################################

──────────────────────────────────────────────────────────────────────
[364/544]  CROP: Orchid
──────────────────────────────────────────────────────────────────────
  Node A (real plant?)     : YES
  Node B (cultivated crop?): YES
  Node C (name correct?)   : YES
  Verdict   : VALID
  Category  : ornamental

# LAYER 2 — Disease Label Check
  Judging 8 diseases... done

======================================================================
[364/544]  DISEASES — CROP: Orchid
======================================================================
  Total: 8  |  CORRECT: 3  QUESTIONABLE: 4  INCORRECT: 1

  INCORRECT:
    x  Fungus: 'Fungus' is a kingdom of organisms, not a disease.

  QUESTIONABLE:
    ?  Bitter Rot And Anthracnose: Bitter rot is primarily associated with apples/fruits; combining it with anthracnose as a single orchid label is an unusual and imprecise association.
    ?  Blossom Rot: Orchid flowers do suffer Botrytis blossom blight and related rots, but 'Blossom Rot' is a vague label that does not specify a recognized pathogen or disease name.
    ?  Cladosporium Fungi: Cladosporium is a pathogen genus (causing leaf/flower spotting on orchids) rather than a specific disease name.
    ?  Tomato Spotted Wilt Virus: TSWV has an extremely broad host range and has been reported on orchids, but it is not among the common or diagnostically recognized orchid viruses (CymMV, ORSV are typical).

  ~ SIMILAR: Anthracnose | Bitter Rot And Anthracnose | Leaf Anthracnose
    All three refer to Colletotrichum-induced anthracnose on orchids and are effectively duplicates at different levels of specificity.

  SUMMARY: The label set mixes valid orchid diseases (Anthracnose, Leaf Anthracnose, Fusarium Wilts) with vague or non-disease entries ('Fungus', 'Cladosporium Fungi', 'Blossom Rot') and a compound label that conflates anthracnose with an unrelated fruit disease. There is substantial redundancy among the anthracnose-related labels, and Tomato Spotted Wilt Virus is an atypical choice given that CymMV and ORSV are the hallmark orchid viruses. Overall quality is mediocre: several entries need renaming to specific disease names, and duplicates should be merged.

######################################################################
# [365/544]  Oriental Poppy
# LAYER 1 — Crop Validation
######################################################################

──────────────────────────────────────────────────────────────────────
[365/544]  CROP: Oriental Poppy
──────────────────────────────────────────────────────────────────────
  Node A (real plant?)     : YES
  Node B (cultivated crop?): YES
  Node C (name correct?)   : YES
  Verdict   : VALID
  Category  : ornamental
  Notes     : Papaver orientale, grown primarily as an ornamental garden perennial.

# LAYER 2 — Disease Label Check
  Judging 2 diseases... done

======================================================================
[365/544]  DISEASES — CROP: Oriental Poppy
======================================================================
  Total: 2  |  CORRECT: 1  QUESTIONABLE: 1  INCORRECT: 0

  QUESTIONABLE:
    ?  Alternaria Fungus: Names a pathogen genus rather than a specific disease; Alternaria leaf spot/blight does occur on poppies but the label is vague.

  SUMMARY: The list contains one correctly named disease (Anthracnose) and one vague entry (Alternaria Fungus) that identifies a pathogen genus rather than a specific disease condition. Overall label quality is mixed, with the Alternaria entry needing refinement to specify the disease (e.g., Alternaria leaf spot). No duplicate or overlapping entries are present.

######################################################################
# [366/544]  Pachystachys
# LAYER 1 — Crop Validation
######################################################################

──────────────────────────────────────────────────────────────────────
[366/544]  CROP: Pachystachys
──────────────────────────────────────────────────────────────────────
  Node A (real plant?)     : YES
  Node B (cultivated crop?): YES
  Node C (name correct?)   : YES
  Verdict   : VALID
  Category  : ornamental
  Notes     : Genus name (Acanthaceae); commonly grown as an ornamental, notably Pachystachys lutea (golden shrimp plant).

# LAYER 2 — Disease Label Check
  Judging 1 diseases... done

======================================================================
[366/544]  DISEASES — CROP: Pachystachys
======================================================================
  Total: 1  |  CORRECT: 0  QUESTIONABLE: 1  INCORRECT: 0

  QUESTIONABLE:
    ?  Phoma Blight: Phoma species can cause leaf blights on many ornamentals, but Phoma Blight is not a well-documented, named disease specifically reported on Pachystachys.

  SUMMARY: The single label references a plausible fungal genus (Phoma) but lacks established documentation as a named disease of Pachystachys. The entry should be verified against a reliable ornamental disease reference before inclusion, and ideally replaced with a more specific disease name if confirmed.

######################################################################
# [367/544]  Pacific Madrone
# LAYER 1 — Crop Validation
######################################################################

──────────────────────────────────────────────────────────────────────
[367/544]  CROP: Pacific Madrone
──────────────────────────────────────────────────────────────────────
  Node A (real plant?)     : YES
  Node B (cultivated crop?): NO
  Node C (name correct?)   : N/A
  Verdict   : NON_CROP
  Category  : other
  Notes     : Arbutus menziesii is a wild native tree of western North America, not cultivated as an agricultural or horticultural crop.

  → Skipping disease check (crop verdict: NON_CROP)

######################################################################
# [368/544]  Palms
# LAYER 1 — Crop Validation
######################################################################

──────────────────────────────────────────────────────────────────────
[368/544]  CROP: Palms
──────────────────────────────────────────────────────────────────────
  Node A (real plant?)     : YES
  Node B (cultivated crop?): YES
  Node C (name correct?)   : NO
  Verdict   : MISSPELLED_OR_UNSTANDARDISED
  Category  : tree_crop
  Canonical : Palm (Arecaceae)
  Notes     : 'Palms' is a family-level grouping rather than a specific crop; common cultivated palms include oil palm, date palm, and coconut palm.

# LAYER 2 — Disease Label Check
  Judging 2 diseases... done

======================================================================
[368/544]  DISEASES — CROP: Palms
======================================================================
  Total: 2  |  CORRECT: 0  QUESTIONABLE: 1  INCORRECT: 1

  INCORRECT:
    x  Java Black Rot: Java black rot (Botryodiplodia/Lasiodiplodia theobromae on sweet potato) is a storage rot of sweet potato tubers, not a recognized disease of palms.

  QUESTIONABLE:
    ?  Mycosphaerella Fungi: Names a pathogen genus rather than a specific disease; while some Mycosphaerella species cause leaf spots on palms, the label is too vague to identify a defined disease.

  SUMMARY: The label set is weak: one entry refers to a disease of a different crop and the other names a fungal genus rather than a specific palm disease. Labels should be revised to name defined palm diseases (e.g., Ganoderma butt rot, Fusarium wilt, lethal yellowing, graphiola leaf spot) with the causal organism stated separately.

######################################################################
# [369/544]  Pansy
# LAYER 1 — Crop Validation
######################################################################

──────────────────────────────────────────────────────────────────────
[369/544]  CROP: Pansy
──────────────────────────────────────────────────────────────────────
  Node A (real plant?)     : YES
  Node B (cultivated crop?): YES
  Node C (name correct?)   : YES
  Verdict   : VALID
  Category  : ornamental

# LAYER 2 — Disease Label Check
  Judging 2 diseases... done

======================================================================
[369/544]  DISEASES — CROP: Pansy
======================================================================
  Total: 2  |  CORRECT: 0  QUESTIONABLE: 2  INCORRECT: 0

  QUESTIONABLE:
    ?  Berkeleyomyces Basicola: This names the pathogen (causal agent of black root rot) rather than the disease itself; the disease should be labeled 'Black Root Rot'.
    ?  Pythium Diseases: Pythium spp. do cause damping-off and root rot on pansy, but the label is vague and names a pathogen genus rather than a specific disease such as 'Pythium Root Rot' or 'Damping-off'.

  SUMMARY: Both entries refer to real and relevant soilborne problems of pansy but are labeled by pathogen rather than by disease name, reducing clarity and consistency. Recommend renaming to 'Black Root Rot (Berkeleyomyces basicola)' and 'Pythium Root Rot / Damping-off' respectively. No duplicate or overlapping groups were identified.

######################################################################
# [370/544]  Papaya
# LAYER 1 — Crop Validation
######################################################################

──────────────────────────────────────────────────────────────────────
[370/544]  CROP: Papaya
──────────────────────────────────────────────────────────────────────
  Node A (real plant?)     : YES
  Node B (cultivated crop?): YES
  Node C (name correct?)   : YES
  Verdict   : VALID
  Category  : fruit

# LAYER 2 — Disease Label Check
  Judging 7 diseases... done

======================================================================
[370/544]  DISEASES — CROP: Papaya
======================================================================
  Total: 7  |  CORRECT: 3  QUESTIONABLE: 3  INCORRECT: 1

  INCORRECT:
    x  Chili Anthracnose: Chili anthracnose specifically refers to anthracnose of Capsicum (chili pepper), not papaya.

  QUESTIONABLE:
    ?  Alternaria Black Molds Stem Cankers: Alternaria can affect papaya fruit/leaves, but 'Black Molds Stem Cankers' is an awkward, non-standard compound label conflating multiple symptoms.
    ?  Bitter Rot And Anthracnose: Bitter rot (Phomopsis/Botryosphaeria) does occur on papaya, but bundling it with anthracnose into one label is improper and duplicates the standalone Anthracnose entry.
    ?  Corynespora Leaf Spot: Corynespora cassiicola has a wide host range and has been reported on papaya, but it is an uncommon/minor association rather than a classic papaya disease.

  ~ SIMILAR: Anthracnose | Bitter Rot And Anthracnose | Chili Anthracnose
    All three reference anthracnose; the bundled and chili-specific variants overlap with or misattribute the standalone Anthracnose entry.

  SUMMARY: The list contains several legitimate papaya diseases (Anthracnose, Black Spot, Papaya Mosaic Virus) but is weakened by compound/non-standard labels ('Alternaria Black Molds Stem Cankers', 'Bitter Rot And Anthracnose') and a clearly mis-assigned crop ('Chili Anthracnose'). Cleanup should split compound labels into single diseases, remove the chili entry, and verify whether Corynespora leaf spot is a meaningful papaya association in this dataset.

######################################################################
# [371/544]  Parastagonospora Nodorum
# LAYER 1 — Crop Validation
######################################################################

──────────────────────────────────────────────────────────────────────
[371/544]  CROP: Parastagonospora Nodorum
──────────────────────────────────────────────────────────────────────
  Node A (real plant?)     : ?
  Node B (cultivated crop?): ?
  Node C (name correct?)   : ?
  Verdict   : ERROR
  Category  : 

  → Skipping disease check (crop verdict: ERROR)

######################################################################
# [372/544]  Parsley
# LAYER 1 — Crop Validation
######################################################################

──────────────────────────────────────────────────────────────────────
[372/544]  CROP: Parsley
──────────────────────────────────────────────────────────────────────
  Node A (real plant?)     : YES
  Node B (cultivated crop?): YES
  Node C (name correct?)   : YES
  Verdict   : VALID
  Category  : herb_spice

# LAYER 2 — Disease Label Check
  Judging 2 diseases... done

======================================================================
[372/544]  DISEASES — CROP: Parsley
======================================================================
  Total: 2  |  CORRECT: 1  QUESTIONABLE: 1  INCORRECT: 0

  QUESTIONABLE:
    ?  Carrot Powdery Mildew: Powdery mildew (Erysiphe heraclei) does affect parsley, but the label specifies carrot as the host rather than parsley.

  SUMMARY: One label (Septoria Leaf Blotch) is a well-established parsley disease, while the other (Carrot Powdery Mildew) names the wrong host even though powdery mildew caused by Erysiphe heraclei does occur on parsley. Overall the list is short but relevant to the Apiaceae family; the carrot-prefixed label should be renamed to reflect parsley as the host.

######################################################################
# [373/544]  Pawpaw
# LAYER 1 — Crop Validation
######################################################################

──────────────────────────────────────────────────────────────────────
[373/544]  CROP: Pawpaw
──────────────────────────────────────────────────────────────────────
  Node A (real plant?)     : YES
  Node B (cultivated crop?): YES
  Node C (name correct?)   : YES
  Verdict   : VALID
  Category  : fruit
  Notes     : Name can refer to Asimina triloba (North American pawpaw) or, in some regions, papaya (Carica papaya); both are cultivated fruit crops.

# LAYER 2 — Disease Label Check
  Judging 1 diseases... done

======================================================================
[373/544]  DISEASES — CROP: Pawpaw
======================================================================
  Total: 1  |  CORRECT: 1  QUESTIONABLE: 0  INCORRECT: 0

  SUMMARY: The single disease listed is a legitimate and recognized foliar disease of pawpaw. No duplicates or overlapping entries exist in this minimal list. The label is specific and correctly associates the pathogen genus with the symptom type.

######################################################################
# [374/544]  Pea
# LAYER 1 — Crop Validation
######################################################################

──────────────────────────────────────────────────────────────────────
[374/544]  CROP: Pea
──────────────────────────────────────────────────────────────────────
  Node A (real plant?)     : YES
  Node B (cultivated crop?): YES
  Node C (name correct?)   : YES
  Verdict   : VALID
  Category  : legume

# LAYER 2 — Disease Label Check
  Judging 10 diseases... done

======================================================================
[374/544]  DISEASES — CROP: Pea
======================================================================
  Total: 10  |  CORRECT: 5  QUESTIONABLE: 5  INCORRECT: 0

  QUESTIONABLE:
    ?  Ascochyta Fungi: Names the pathogen genus rather than a specific disease and duplicates the Ascochyta Blight entry.
    ?  Ascochyta Leaf Blight: Essentially a synonym/variant of Ascochyta Blight and duplicates an existing entry in the list.
    ?  Bacterial Leaf Spot: Generic label; on pea, bacterial foliar symptoms are typically described as bacterial blight (P. syringae pv. pisi/syringae) rather than a distinct 'leaf spot' disease.
    ?  Berkeleyomyces Basicola: Names the pathogen (formerly Thielaviopsis basicola) rather than the disease, which on pea is black root rot.
    ?  Phytoplasma: Names a pathogen group rather than a specific disease; phytoplasma-associated diseases of pea (e.g., pea witches'-broom/phyllody) exist but the label is too vague.

  ~ SIMILAR: Ascochyta Blight | Ascochyta Fungi | Ascochyta Leaf Blight
    All three refer to the same Ascochyta complex on pea; 'Ascochyta Fungi' names the genus and 'Ascochyta Leaf Blight' is a synonym of Ascochyta Blight.

  ~ SIMILAR: Bacterial Blight | Bacterial Leaf Spot
    On pea, bacterial foliar lesions are generally attributed to the bacterial blight pathogen (Pseudomonas syringae pv. pisi); 'Bacterial Leaf Spot' overlaps with and is often used interchangeably with Bacterial Blight.

  ~ SIMILAR: Berkeleyomyces Basicola
    Pathogen-name entry corresponding to black root rot of pea; should be relabeled to the disease name rather than grouped with a distinct disease.

  SUMMARY: The list captures the major real diseases of pea (Ascochyta blight, bacterial blight, Fusarium wilt, powdery mildew, Septoria blotch) but suffers from redundancy and pathogen-vs-disease labeling issues. The three Ascochyta entries collapse into one disease, 'Bacterial Leaf Spot' largely duplicates Bacterial Blight, and 'Berkeleyomyces Basicola' and 'Phytoplasma' name pathogens rather than diseases. Cleaning up synonyms and relabeling pathogen entries to disease names would significantly improve label quality.

######################################################################
# [375/544]  Peace Lily
# LAYER 1 — Crop Validation
######################################################################

──────────────────────────────────────────────────────────────────────
[375/544]  CROP: Peace Lily
──────────────────────────────────────────────────────────────────────
  Node A (real plant?)     : YES
  Node B (cultivated crop?): YES
  Node C (name correct?)   : YES
  Verdict   : VALID
  Category  : ornamental

# LAYER 2 — Disease Label Check
  Judging 1 diseases... done

======================================================================
[375/544]  DISEASES — CROP: Peace Lily
======================================================================
  Total: 1  |  CORRECT: 0  QUESTIONABLE: 1  INCORRECT: 0

  QUESTIONABLE:
    ?  Cylindrocladium Root Diseases: Cylindrocladium (now largely reclassified as Calonectria) root/rot diseases do affect Spathiphyllum, but the label names a pathogen genus and a disease category rather than a specific named disease.

  SUMMARY: The single entry points to a real and documented problem on Peace Lily (Cylindrocladium/Calonectria root rot), but it is phrased as a pathogen-genus grouping rather than a specific disease name. Recommend renaming to 'Cylindrocladium root rot' (or 'Calonectria root rot') for clarity and taxonomic accuracy.

######################################################################
# [376/544]  Peach
# LAYER 1 — Crop Validation
######################################################################

──────────────────────────────────────────────────────────────────────
[376/544]  CROP: Peach
──────────────────────────────────────────────────────────────────────
  Node A (real plant?)     : YES
  Node B (cultivated crop?): YES
  Node C (name correct?)   : YES
  Verdict   : VALID
  Category  : fruit

# LAYER 2 — Disease Label Check
  Judging 21 diseases... done

======================================================================
[376/544]  DISEASES — CROP: Peach
======================================================================
  Total: 21  |  CORRECT: 14  QUESTIONABLE: 5  INCORRECT: 2

  INCORRECT:
    x  Bacterial Wilt: Bacterial wilt (e.g., Ralstonia, Erwinia tracheiphila) is not a recognized disease of peach.
    x  Bread Mold: Bread mold (Rhizopus/Neurospora) is not a standard peach disease name, though Rhizopus rot occurs on fruit.

  QUESTIONABLE:
    ?  Bitter Rot And Anthracnose: Bitter rot is primarily an apple disease; on peach this label duplicates Anthracnose and is vague.
    ?  Cladosporium Fungi: Names a pathogen genus rather than a disease; Cladosporium carpophilum causes peach scab, which should be the label.
    ?  Leaf Curl: Vague; likely refers to Peach Leaf Curl (Taphrina deformans) but label is ambiguous and duplicates a more specific entry.
    ?  Leaf Scab: Non-standard name; on peach this overlaps with Peach Scab and is ambiguous as listed.
    ?  Stigmina Fungus: Names a genus rather than a disease; Stigmina carpophila causes shot hole, which should be the proper label.

  ~ SIMILAR: Anthracnose | Bitter Rot And Anthracnose
    Both reference Colletotrichum anthracnose on peach; the compound label duplicates Anthracnose.

  ~ SIMILAR: Leaf Curl | Peach Leaf Curl
    Leaf Curl is the generic form of the same Taphrina deformans disease listed as Peach Leaf Curl.

  ~ SIMILAR: Brown Rot | Brown Rot Blossom Blight And Spur Infection
    Same pathogen (Monilinia fructicola); second label is the blossom/spur phase of the same disease.

  ~ SIMILAR: Peach Scab | Leaf Scab | Cladosporium Fungi
    All refer to Cladosporium carpophilum / Venturia carpophila scab on peach.

  SUMMARY: The list captures most major peach diseases correctly (brown rot, leaf curl, bacterial spot, scab, X-disease, crown gall, canker diseases), but contains several redundant or vague entries and two items that name fungal genera rather than diseases. Bacterial Wilt and Bread Mold do not belong on a peach disease list, and duplicates around anthracnose, leaf curl, brown rot, and scab should be consolidated. Overall quality is moderate and would benefit from standardization to canonical disease names.

######################################################################
# [377/544]  Peach Leaf Curl
# LAYER 1 — Crop Validation
######################################################################

──────────────────────────────────────────────────────────────────────
[377/544]  CROP: Peach Leaf Curl
──────────────────────────────────────────────────────────────────────
  Node A (real plant?)     : NO
  Node B (cultivated crop?): N/A
  Node C (name correct?)   : N/A
  Verdict   : INVALID
  Category  : other
  Notes     : Peach Leaf Curl is a fungal disease of peach trees caused by Taphrina deformans, not a crop.

  → Skipping disease check (crop verdict: INVALID)

######################################################################
# [378/544]  Peanut
# LAYER 1 — Crop Validation
######################################################################

──────────────────────────────────────────────────────────────────────
[378/544]  CROP: Peanut
──────────────────────────────────────────────────────────────────────
  Node A (real plant?)     : YES
  Node B (cultivated crop?): YES
  Node C (name correct?)   : YES
  Verdict   : VALID
  Category  : legume

# LAYER 2 — Disease Label Check
  Judging 13 diseases... done

======================================================================
[378/544]  DISEASES — CROP: Peanut
======================================================================
  Total: 13  |  CORRECT: 6  QUESTIONABLE: 6  INCORRECT: 1

  INCORRECT:
    x  Rhizobium Bacteria: Rhizobium is a beneficial nitrogen-fixing symbiont of peanut, not a disease.

  QUESTIONABLE:
    ?  Cercospora Fungi: Names a pathogen genus rather than a specific disease (e.g., early leaf spot caused by Cercospora arachidicola).
    ?  Java Black Rot: Java black rot (Lasiodiplodia theobromae) is primarily a soybean disease and is an unusual/unverified association with peanut.
    ?  Nothopassalora Personata: Names the pathogen (current name for the late leaf spot fungus) rather than the disease 'late leaf spot'.
    ?  Passalora Fungus: Names a pathogen genus (former name for late leaf spot fungus) rather than a specific disease.
    ?  Phyllosticta Leaf Spot: Phyllosticta leaf spot is a minor/rarely reported foliar disease of peanut and the label is vague.
    ?  Stem Rot: Vague label that could refer to Southern blight, Sclerotinia blight, or Cylindrocladium black rot.

  ~ SIMILAR: Nothopassalora Personata | Passalora Fungus
    Both refer to the same pathogen of late leaf spot — Nothopassalora personata (formerly Passalora/Mycosphaerella berkeleyi).

  ~ SIMILAR: Cercospora Fungi | Nothopassalora Personata | Passalora Fungus
    All reference the peanut leaf spot complex (early and late leaf spots), historically grouped under Cercospora/Passalora-type pathogens.

  ~ SIMILAR: Southern Blight | Stem Rot
    Southern blight is commonly called 'peanut stem rot' (Sclerotium rolfsii), so these labels overlap.

  ~ SIMILAR: Sclerotinia Stem Rot | Stem Rot | Cylindrocladium Black Rot
    All are stem/root rot diseases and the generic 'Stem Rot' label could apply to any of them, creating ambiguity.

  SUMMARY: The list captures most of the economically important peanut diseases (leaf spots, rust, southern blight, Sclerotinia blight, CBR, TSWV) but suffers from duplication and imprecise naming, particularly around the leaf spot complex where the pathogen genus is listed instead of the disease. 'Rhizobium Bacteria' is clearly incorrect as it is a beneficial symbiont, and 'Java Black Rot' is an unusual association more typical of soybean. Labels should be standardized to disease names (e.g., 'Early Leaf Spot', 'Late Leaf Spot') and redundant/vague entries like 'Stem Rot' consolidated.

######################################################################
# [379/544]  Pear
# LAYER 1 — Crop Validation
######################################################################

──────────────────────────────────────────────────────────────────────
[379/544]  CROP: Pear
──────────────────────────────────────────────────────────────────────
  Node A (real plant?)     : YES
  Node B (cultivated crop?): YES
  Node C (name correct?)   : YES
  Verdict   : VALID
  Category  : fruit

# LAYER 2 — Disease Label Check
  Judging 11 diseases... done

======================================================================
[379/544]  DISEASES — CROP: Pear
======================================================================
  Total: 11  |  CORRECT: 6  QUESTIONABLE: 3  INCORRECT: 2

  INCORRECT:
    x  Cedar-Apple Rust: Cedar-apple rust (Gymnosporangium juniperi-virginianae) is specific to apple, not pear.
    x  Elbow-Patch Crust: Elbow-patch crust (Fomitiporia punctata / Hymenochaete) is a saprophytic or wood-decay fungus on various hardwoods, not a recognized pear disease.

  QUESTIONABLE:
    ?  Asian Pear Blight: Not a standard disease name; likely refers to fire blight on Asian pear cultivars or a regional synonym rather than a distinct disease.
    ?  Bitter Rot And Anthracnose: Bitter rot (Colletotrichum spp.) and anthracnose are primarily apple diseases; occurrence on pear is uncommon and the combined label is vague.
    ?  Phytoplasma: Names a pathogen group rather than a disease; pear decline phytoplasma is the specific disease and should be labeled as such.

  ~ SIMILAR: Juniper-Pear Rust | Quince Rust | Cedar-Apple Rust
    All are Gymnosporangium rusts requiring juniper as alternate host; labels overlap in pathogen genus and symptoms, and may be confused.

  ~ SIMILAR: Fire Blight | Asian Pear Blight
    Asian Pear Blight is not a distinct disease and likely duplicates fire blight occurring on Asian pear cultivars.

  ~ SIMILAR: Phytoplasma | Fire Blight
    Pear decline (phytoplasma) and fire blight both cause dieback/decline symptoms on pear and can be confused in field diagnosis.

  SUMMARY: The list contains core, well-documented pear diseases (fire blight, pear scab, powdery mildew, Entomosporium leaf spot, European pear rust, quince rust) alongside several problematic entries. Cedar-apple rust and elbow-patch crust are not pear diseases, 'Asian Pear Blight' is non-standard, 'Phytoplasma' names a pathogen group rather than the specific pear decline disease, and 'Bitter Rot And Anthracnose' is primarily an apple disease. Relabeling the rust diseases and phytoplasma entry with precise disease names would improve data quality.

######################################################################
# [380/544]  Peeling Puffball
# LAYER 1 — Crop Validation
######################################################################

──────────────────────────────────────────────────────────────────────
[380/544]  CROP: Peeling Puffball
──────────────────────────────────────────────────────────────────────
  Node A (real plant?)     : YES
  Node B (cultivated crop?): NO
  Node C (name correct?)   : N/A
  Verdict   : NON_CROP
  Category  : other
  Notes     : Puffballs are wild fungi (not plants, not cultivated as an agricultural crop); 'Peeling Puffball' is not a recognised horticultural crop.

  → Skipping disease check (crop verdict: NON_CROP)

######################################################################
# [381/544]  Peony
# LAYER 1 — Crop Validation
######################################################################

──────────────────────────────────────────────────────────────────────
[381/544]  CROP: Peony
──────────────────────────────────────────────────────────────────────
  Node A (real plant?)     : YES
  Node B (cultivated crop?): YES
  Node C (name correct?)   : YES
  Verdict   : VALID
  Category  : ornamental

# LAYER 2 — Disease Label Check
  Judging 10 diseases... done

======================================================================
[381/544]  DISEASES — CROP: Peony
======================================================================
  Total: 10  |  CORRECT: 5  QUESTIONABLE: 5  INCORRECT: 0

  QUESTIONABLE:
    ?  Bacterial Blight: Bacterial blight is not a commonly recognized peony disease; peony blights are predominantly fungal (Botrytis, Phytophthora).
    ?  Cercospora Fungi: Names a pathogen genus rather than a disease; Cercospora leaf spot can occur on peony but the label is vague.
    ?  Cladosporium Fungi: Names a pathogen genus rather than a disease; Cladosporium leaf blotch (C. paeoniae) does affect peony but the label is imprecise.
    ?  Dothiorella Cankers: Dothiorella canker is primarily a disease of woody trees and shrubs; not a typical or well-documented peony disease.
    ?  Graphiopsis Chlorocephala: Names the pathogen species (cause of peony leaf blotch/measles) rather than the disease; should be labeled as the disease name.

  ~ SIMILAR: Botrytis Blight | Gray Mold
    Both refer to Botrytis infections; gray mold is the common name for Botrytis cinerea infection, overlapping substantially with Botrytis blight (B. paeoniae/B. cinerea).

  ~ SIMILAR: Cladosporium Fungi | Graphiopsis Chlorocephala
    Graphiopsis chlorocephala was formerly classified as Cladosporium paeoniae; both labels refer to the same peony leaf blotch/measles pathogen.

  SUMMARY: The list contains several well-documented peony diseases (Botrytis Blight, Gray Mold, Phytophthora Crown Rot, Tobacco Rattle Virus, Anthracnose) but suffers from labeling inconsistencies, with multiple entries naming pathogen genera instead of diseases. There is significant duplication between Botrytis Blight/Gray Mold and Cladosporium Fungi/Graphiopsis Chlorocephala. Bacterial Blight and Dothiorella Cankers are questionable associations with peony and warrant verification or removal.

######################################################################
# [382/544]  Peperomia
# LAYER 1 — Crop Validation
######################################################################

──────────────────────────────────────────────────────────────────────
[382/544]  CROP: Peperomia
──────────────────────────────────────────────────────────────────────
  Node A (real plant?)     : YES
  Node B (cultivated crop?): YES
  Node C (name correct?)   : YES
  Verdict   : VALID
  Category  : ornamental

# LAYER 2 — Disease Label Check
  Judging 1 diseases... done

======================================================================
[382/544]  DISEASES — CROP: Peperomia
======================================================================
  Total: 1  |  CORRECT: 1  QUESTIONABLE: 0  INCORRECT: 0

  SUMMARY: The single disease label provided is a legitimate and well-documented disease of Peperomia. No duplicates or overlapping entries are present. Overall label quality is acceptable.

######################################################################
# [383/544]  Pepper
# LAYER 1 — Crop Validation
######################################################################

──────────────────────────────────────────────────────────────────────
[383/544]  CROP: Pepper
──────────────────────────────────────────────────────────────────────
  Node A (real plant?)     : YES
  Node B (cultivated crop?): YES
  Node C (name correct?)   : YES
  Verdict   : VALID
  Category  : vegetable

# LAYER 2 — Disease Label Check
  Judging 8 diseases... done

======================================================================
[383/544]  DISEASES — CROP: Pepper
======================================================================
  Total: 8  |  CORRECT: 2  QUESTIONABLE: 5  INCORRECT: 1

  INCORRECT:
    x  Bell Healthy: This is a healthy-plant class label, not a disease.

  QUESTIONABLE:
    ?  Bell Pepper Leaf Spot: Vague label that does not specify a pathogen and likely duplicates Bacterial Leaf Spot on bell pepper.
    ?  Leaf Spot: Generic symptom descriptor rather than a specific named disease of pepper.
    ?  Septoria Leaf Blotch: Septoria leaf spot is primarily a tomato disease and is not a commonly reported pepper disease.
    ?  Yellow Mottle Virus: Pepper is affected by several mottle viruses (e.g., Pepper mottle virus), but 'Yellow Mottle Virus' is ambiguous and not a standard pepper virus name.
    ?  Zonate Leaf Spot: Zonate leaf spot (Cristulariella moricola) is rarely reported on pepper and is an unusual association for this crop.

  ~ SIMILAR: Bacterial Leaf Spot | Bell Pepper Leaf Spot | Leaf Spot
    All three plausibly describe the same bacterial leaf spot symptomology on pepper foliage and are likely duplicates at different specificity levels.

  SUMMARY: The pepper label set mixes well-known diseases (bacterial leaf spot, powdery mildew) with a healthy-plant class and several vague or non-standard entries. Multiple generic 'leaf spot' labels overlap and should be consolidated, and Septoria, Zonate, and 'Yellow Mottle Virus' need verification as their association with pepper is weak or ambiguous.

######################################################################
# [384/544]  Perenniporia Decay
# LAYER 1 — Crop Validation
######################################################################

──────────────────────────────────────────────────────────────────────
[384/544]  CROP: Perenniporia Decay
──────────────────────────────────────────────────────────────────────
  Node A (real plant?)     : NO
  Node B (cultivated crop?): N/A
  Node C (name correct?)   : N/A
  Verdict   : NON_CROP
  Category  : other
  Notes     : Refers to a wood decay disease caused by Perenniporia fungi, not a crop.

  → Skipping disease check (crop verdict: NON_CROP)

######################################################################
# [385/544]  Periwinkle
# LAYER 1 — Crop Validation
######################################################################

──────────────────────────────────────────────────────────────────────
[385/544]  CROP: Periwinkle
──────────────────────────────────────────────────────────────────────
  Node A (real plant?)     : YES
  Node B (cultivated crop?): YES
  Node C (name correct?)   : YES
  Verdict   : VALID
  Category  : ornamental
  Notes     : Catharanthus roseus; grown as an ornamental and also cultivated as a medicinal crop for vinca alkaloids.

# LAYER 2 — Disease Label Check
  Judging 1 diseases... done

======================================================================
[385/544]  DISEASES — CROP: Periwinkle
======================================================================
  Total: 1  |  CORRECT: 1  QUESTIONABLE: 0  INCORRECT: 0

  SUMMARY: The single label provided is a legitimate and well-documented disease of periwinkle. No duplicates or overlapping entries exist in this minimal list. Overall label quality is acceptable.

######################################################################
# [386/544]  Petunia
# LAYER 1 — Crop Validation
######################################################################

──────────────────────────────────────────────────────────────────────
[386/544]  CROP: Petunia
──────────────────────────────────────────────────────────────────────
  Node A (real plant?)     : YES
  Node B (cultivated crop?): YES
  Node C (name correct?)   : YES
  Verdict   : VALID
  Category  : ornamental

# LAYER 2 — Disease Label Check
  Judging 3 diseases... done

======================================================================
[386/544]  DISEASES — CROP: Petunia
======================================================================
  Total: 3  |  CORRECT: 2  QUESTIONABLE: 1  INCORRECT: 0

  QUESTIONABLE:
    ?  Acidovorax Bacteria: Names a pathogen genus rather than a specific disease; Acidovorax is rarely reported as a major petunia pathogen.

  SUMMARY: Two of the three labels are well-established petunia diseases, while 'Acidovorax Bacteria' is a vague genus-level label with limited documentation on petunia. Overall the list is small but mostly accurate; the bacterial entry should be replaced with a specific disease name (e.g., bacterial leaf spot caused by a named pathogen) for clarity.

######################################################################
# [387/544]  Philodendron
# LAYER 1 — Crop Validation
######################################################################

──────────────────────────────────────────────────────────────────────
[387/544]  CROP: Philodendron
──────────────────────────────────────────────────────────────────────
  Node A (real plant?)     : YES
  Node B (cultivated crop?): YES
  Node C (name correct?)   : YES
  Verdict   : VALID
  Category  : ornamental

# LAYER 2 — Disease Label Check
  Judging 1 diseases... done

======================================================================
[387/544]  DISEASES — CROP: Philodendron
======================================================================
  Total: 1  |  CORRECT: 1  QUESTIONABLE: 0  INCORRECT: 0

  SUMMARY: The single label 'Root Rot' is a legitimate and commonly reported disease of Philodendron. However, it is a generic umbrella term covering multiple pathogens, so more specific pathogen-level labeling would improve diagnostic precision. Overall label quality is acceptable but minimal in coverage.

######################################################################
# [388/544]  Phlox
# LAYER 1 — Crop Validation
######################################################################

──────────────────────────────────────────────────────────────────────
[388/544]  CROP: Phlox
──────────────────────────────────────────────────────────────────────
  Node A (real plant?)     : YES
  Node B (cultivated crop?): YES
  Node C (name correct?)   : YES
  Verdict   : VALID
  Category  : ornamental

# LAYER 2 — Disease Label Check
  Judging 7 diseases... done

======================================================================
[388/544]  DISEASES — CROP: Phlox
======================================================================
  Total: 7  |  CORRECT: 4  QUESTIONABLE: 2  INCORRECT: 1

  INCORRECT:
    x  Root: 'Root' is not a disease name; it is an anatomical term and provides no pathological information.

  QUESTIONABLE:
    ?  Potyvirus: Potyvirus is a genus name rather than a specific disease; several potyviruses infect Phlox but the label lacks specificity.
    ?  Septoria Leaf Spot And Cankers: Septoria leaf spot occurs on Phlox, but pairing it with 'cankers' is unusual since Septoria on Phlox is not typically associated with canker formation.

  ~ SIMILAR: Alternanthera Mosaic Virus | Potyvirus | Tobacco Rattle Virus
    All are viral entries causing mosaic/mottle symptoms on Phlox, and 'Potyvirus' as a genus may overlap with specific virus labels.

  SUMMARY: The list contains several correctly identified Phlox diseases including powdery mildew, downy mildew, and known viral infections. However, 'Root' is not a disease and should be removed, 'Potyvirus' is too vague as it names only a genus, and the 'Septoria Leaf Spot And Cankers' label conflates two distinct symptom types. Overall quality is moderate, with specificity issues in the viral and fungal entries.

######################################################################
# [389/544]  Piedmont Azalea
# LAYER 1 — Crop Validation
######################################################################

──────────────────────────────────────────────────────────────────────
[389/544]  CROP: Piedmont Azalea
──────────────────────────────────────────────────────────────────────
  Node A (real plant?)     : YES
  Node B (cultivated crop?): YES
  Node C (name correct?)   : YES
  Verdict   : VALID
  Category  : ornamental

# LAYER 2 — Disease Label Check
  Judging 1 diseases... done

======================================================================
[389/544]  DISEASES — CROP: Piedmont Azalea
======================================================================
  Total: 1  |  CORRECT: 1  QUESTIONABLE: 0  INCORRECT: 0

  SUMMARY: The single label provided is a legitimate and commonly reported disease of Piedmont azalea. No duplicates or overlapping entries exist given only one label. Overall label quality is acceptable.

######################################################################
# [390/544]  Pigskin Poison Puffball
# LAYER 1 — Crop Validation
######################################################################

──────────────────────────────────────────────────────────────────────
[390/544]  CROP: Pigskin Poison Puffball
──────────────────────────────────────────────────────────────────────
  Node A (real plant?)     : YES
  Node B (cultivated crop?): NO
  Node C (name correct?)   : N/A
  Verdict   : NON_CROP
  Category  : other
  Canonical : Scleroderma citrinum
  Notes     : Pigskin Poison Puffball (Scleroderma citrinum) is a wild, toxic earthball fungus, not a cultivated crop.

  → Skipping disease check (crop verdict: NON_CROP)

######################################################################
# [391/544]  Pigweed
# LAYER 1 — Crop Validation
######################################################################

──────────────────────────────────────────────────────────────────────
[391/544]  CROP: Pigweed
──────────────────────────────────────────────────────────────────────
  Node A (real plant?)     : YES
  Node B (cultivated crop?): NO
  Node C (name correct?)   : N/A
  Verdict   : NON_CROP
  Category  : other
  Canonical : Pigweed (Amaranthus spp.)
  Notes     : Pigweed refers to wild Amaranthus species commonly regarded as weeds; though some Amaranthus are cultivated as grain/leafy crops, 'Pigweed' specifically denotes the non-cultivated weedy form.

  → Skipping disease check (crop verdict: NON_CROP)

######################################################################
# [392/544]  Pincushions
# LAYER 1 — Crop Validation
######################################################################

──────────────────────────────────────────────────────────────────────
[392/544]  CROP: Pincushions
──────────────────────────────────────────────────────────────────────
  Node A (real plant?)     : YES
  Node B (cultivated crop?): YES
  Node C (name correct?)   : YES
  Verdict   : VALID
  Category  : ornamental
  Canonical : Pincushion (Leucospermum)
  Notes     : Common name for Leucospermum spp., cultivated as cut flowers and ornamental shrubs.

# LAYER 2 — Disease Label Check
  Judging 1 diseases... done

======================================================================
[392/544]  DISEASES — CROP: Pincushions
======================================================================
  Total: 1  |  CORRECT: 0  QUESTIONABLE: 1  INCORRECT: 0

  QUESTIONABLE:
    ?  Tobacco Rattle Virus: Tobacco Rattle Virus has a very broad host range and has been reported in some ornamentals, but it is not a well-documented or common disease of Pincushions (Leucospermum/Scabiosa), making this association unverified.

  SUMMARY: The single label refers to a real plant virus but its association with Pincushions is not well-established in the pathology literature. Pincushion plants (whether Leucospermum proteas or Scabiosa) are more commonly affected by Phytophthora root rot, Botrytis, and powdery mildew. This entry should be verified against a reliable host index before inclusion.

######################################################################
# [393/544]  Pine
# LAYER 1 — Crop Validation
######################################################################

──────────────────────────────────────────────────────────────────────
[393/544]  CROP: Pine
──────────────────────────────────────────────────────────────────────
  Node A (real plant?)     : YES
  Node B (cultivated crop?): YES
  Node C (name correct?)   : YES
  Verdict   : VALID
  Category  : tree_crop
  Notes     : Pine (Pinus spp.) is cultivated primarily for timber and resin; name is generic but standard.

# LAYER 2 — Disease Label Check
  Judging 69 diseases... done

======================================================================
[393/544]  DISEASES — CROP: Pine
======================================================================
  Total: 69  |  CORRECT: 37  QUESTIONABLE: 28  INCORRECT: 4

  INCORRECT:
    x  Ectomycorrhizae: Ectomycorrhizae are beneficial symbionts, not a disease.
    x  Fungus: Generic term for an organism group; not a disease.
    x  Old Man Of The Woods Mushroom: Strobilomyces is an edible ectomycorrhizal mushroom, not a pathogen.
    x  Slime Mold: Slime molds are saprotrophic and not pine pathogens.

  QUESTIONABLE:
    ?  Blue Stain: Blue stain is a wood discoloration (often beetle-vectored), not a true disease of living trees.
    ?  Blue Stain Fungi: Names a group of fungi rather than a specific disease; primarily sapwood staining organisms.
    ?  Diplodia Sapinea De Not: This names the pathogen (Diplodia sapinea (De Not.)) rather than the disease itself.
    ?  Dothiostroma Fungus: Misspelling of Dothistroma and names the pathogen rather than the disease (needle blight).
    ?  Hispidus Canker: Inonotus hispidus canker is primarily a hardwood disease; rare/unverified on pine.
    ?  Indian Paint Fungus: Echinodontium tinctorium is primarily a heart rot of true firs and hemlocks, not pines.
    ?  Laminated Root Disease: Phellinus weirii is primarily a disease of Douglas-fir and true firs; pines are generally resistant.
    ?  Leaf Blotch: Pines have needles, not leaves; 'leaf blotch' is not a standard pine disease name.
    ?  Medusa Needle Blight: Uncommon term; possibly a local/obscure name not widely documented as a standard pine disease.
    ?  Needle Cast: Generic symptom group rather than a specific disease.
    ?  Needle Rust: Generic symptom group (Coleosporium spp., etc.) rather than a specific disease.
    ?  Needlecast: Duplicate generic term for needle cast diseases.
    ?  Pine Needlecast: Duplicate of Pine Needle Cast with different spacing.
    ?  Ploioderma Fungi: Names the pathogen genus rather than the disease (Ploioderma needle cast).
    ?  Porodaedalea Pini: Names the pathogen (red ring rot fungus) rather than the disease name.
    ?  Red Polypore: Vague common name; may refer to several polypore species causing wood decay.
    ?  Red-Belted Fungus: Fomitopsis pinicola is primarily a saprotroph/weak parasite causing wood decay; named by common name.
    ?  Robustus Conk: Phellinus robustus is primarily an oak pathogen; uncommon on pine.
    ?  Root Diseases And Rots: Generic grouping rather than a specific disease.
    ?  Root Rot: Generic symptom category; not a specific disease.
    ?  Sarea Fungus: Sarea spp. grow on conifer resin; not typically considered a pathogen.
    ?  Septoria Leaf Spot And Cankers: Septoria is rarely a major pine pathogen; 'leaf spot' terminology is odd for a needle-bearing conifer.
    ?  Sooty Mold: Sooty molds grow on honeydew from insects; superficial and not a true pine disease.
    ?  Stem Rot: Generic symptom category rather than a specific pine disease.
    ?  Thin-Walled Maze Polypore: Daedaleopsis confragosa is primarily a hardwood wood-decay fungus; uncommon on pine.
    ?  Truncatella Fungi: Names a pathogen genus rather than a disease; minor pine pathogens.
    ?  Wood Decay Fungi: Generic grouping rather than a specific disease.
    ?  Wood Rot: Generic symptom category rather than a specific disease.

  ~ SIMILAR: Needle Cast | Needlecast | Pine Needle Cast | Pine Needlecast
    All are generic variants of the same needle cast disease grouping with spelling/spacing differences.

  ~ SIMILAR: Diplodia Tip Blights | Diplodia Sapinea De Not | Sphaeropsis Tip Blights And Cankers
    All refer to disease caused by Diplodia sapinea (= Sphaeropsis sapinea).

  ~ SIMILAR: Annosum Root Disease | Red Root And Butt Rot
    Both are caused by Heterobasidion annosum.

  ~ SIMILAR: Cronartium Gall Rusts | Eastern Pine Gall Rust | Gall Rust Of Jack Pine | Western Gall Rust | Southwestern White-Spored Gall Rust
    All are gall rust diseases caused by Cronartium/Endocronartium species and overlap taxonomically.

  ~ SIMILAR: Black Stain Root Disease | Leptographium Root Disease
    Black stain root disease is caused by Leptographium wageneri, so these overlap.

  ~ SIMILAR: Blue Stain | Blue Stain Fungi
    Same wood-staining phenomenon named two ways.

  ~ SIMILAR: Dothiostroma Fungus | Brown Spot Needle Blight
    Dothistroma (likely misspelled 'Dothiostroma') and brown spot are both major pine needle blights often grouped together.

  ~ SIMILAR: Lophodermium Needle Casts | Tar Spot Needlecast | Ploioderma Needle Cast Of Pine | Ploioderma Fungi | Elytroderma Needle Cast Of Pine | Cyclaneusma Needle Cast | Lodgepole Pine Needlecast | White Pine Needlecast
    All are specific needle cast diseases of pine that overlap with the generic needle cast labels.

  ~ SIMILAR: Root Rot | Root Diseases And Rots | Phytophthora Root Rot | Armillaria Root Rot | Annosum Root Disease | Leptographium Root Disease | Black Stain Root Disease | Laminated Root Disease
    Generic root rot labels overlap with the specific root disease entries listed separately.

  ~ SIMILAR: Stem Rot | Wood Rot | Wood Decay Fungi | Red Polypore | Red-Belted Fungus | Thin-Walled Maze Polypore | Porodaedalea Pini | Robustus Conk | Hispidus Canker
    All refer to wood decay / heart rot fungi and overlap with the generic wood decay categories.

  ~ SIMILAR: Pine Needle Rust | Needle Rust
    Same needle rust disease grouping, one generic and one crop-specific.

  ~ SIMILAR: Comandra Blister Rust | Sweet Fern Blister Rust | White Pine Blister Rust | Pinyon Blister Rust
    All are Cronartium blister rusts of pines grouped by alternate host.

  SUMMARY: The pine list contains many well-documented diseases but is cluttered with generic symptom-level labels (Root Rot, Needle Cast, Stem Rot, Fungus), pathogen-genus entries (Ploioderma Fungi, Truncatella Fungi, Porodaedalea Pini), and non-disease entries such as Ectomycorrhizae, Slime Mold, and Old Man Of The Woods Mushroom. There are also multiple near-duplicates (Needle Cast / Needlecast / Pine Needle Cast / Pine Needlecast; Diplodia/Sphaeropsis tip blights) and a misspelling ('Dothiostroma'). Consolidating duplicates, removing beneficial/saprotrophic organisms, and replacing generic/pathogen labels with specific disease names would substantially improve quality.

######################################################################
# [394/544]  Pine And Spruce Adelgids
# LAYER 1 — Crop Validation
######################################################################

──────────────────────────────────────────────────────────────────────
[394/544]  CROP: Pine And Spruce Adelgids
──────────────────────────────────────────────────────────────────────
  Node A (real plant?)     : NO
  Node B (cultivated crop?): N/A
  Node C (name correct?)   : N/A
  Verdict   : INVALID
  Category  : other
  Notes     : Adelgids are sap-sucking insect pests (Adelgidae), not a plant or crop.

  → Skipping disease check (crop verdict: INVALID)

######################################################################
# [395/544]  Pine Needlecast
# LAYER 1 — Crop Validation
######################################################################

──────────────────────────────────────────────────────────────────────
[395/544]  CROP: Pine Needlecast
──────────────────────────────────────────────────────────────────────
  Node A (real plant?)     : YES
  Node B (cultivated crop?): NO
  Node C (name correct?)   : N/A
  Verdict   : NON_CROP
  Category  : other
  Notes     : Pine needlecast is a fungal disease of pine trees, not a crop itself.

  → Skipping disease check (crop verdict: NON_CROP)

######################################################################
# [396/544]  Pineapple
# LAYER 1 — Crop Validation
######################################################################

──────────────────────────────────────────────────────────────────────
[396/544]  CROP: Pineapple
──────────────────────────────────────────────────────────────────────
  Node A (real plant?)     : YES
  Node B (cultivated crop?): YES
  Node C (name correct?)   : YES
  Verdict   : VALID
  Category  : fruit

# LAYER 2 — Disease Label Check
  Judging 3 diseases... done

======================================================================
[396/544]  DISEASES — CROP: Pineapple
======================================================================
  Total: 3  |  CORRECT: 0  QUESTIONABLE: 1  INCORRECT: 2

  INCORRECT:
    x  Fungus: 'Fungus' is a kingdom of organisms, not a disease, so it cannot serve as a diagnostic label.
    x  Phomopsis Cankers And Twig Blights: Phomopsis canker and twig blight affects woody plants like trees and shrubs; pineapple is a herbaceous monocot with no twigs and is not a recognized host.

  QUESTIONABLE:
    ?  Bacteria Wilt And Soft Rot: Bacterial heart rot/fruit collapse (Dickeya/Erwinia) does affect pineapple, but this label bundles two distinct conditions and uses non-standard terminology.

  SUMMARY: Only one entry is a plausible pineapple disease, and even that one is poorly named by combining two conditions. The other two labels are invalid: 'Fungus' is not a disease, and Phomopsis twig blight belongs to woody hosts. Labels should be rewritten using standard pineapple disease names (e.g., bacterial heart rot, fruit collapse, Phytophthora heart/root rot).

######################################################################
# [397/544]  Pistachio
# LAYER 1 — Crop Validation
######################################################################

──────────────────────────────────────────────────────────────────────
[397/544]  CROP: Pistachio
──────────────────────────────────────────────────────────────────────
  Node A (real plant?)     : YES
  Node B (cultivated crop?): YES
  Node C (name correct?)   : YES
  Verdict   : VALID
  Category  : nut_crop

# LAYER 2 — Disease Label Check
  Judging 2 diseases... done

======================================================================
[397/544]  DISEASES — CROP: Pistachio
======================================================================
  Total: 2  |  CORRECT: 1  QUESTIONABLE: 1  INCORRECT: 0

  QUESTIONABLE:
    ?  Alternaria Black Molds Stem Cankers: Alternaria late blight (black mold) of pistachio is real, but combining it with 'stem cankers' conflates two distinct disease syndromes into one poorly-formed label.

  ~ SIMILAR: Alternaria Black Molds Stem Cankers | Botryosphaeria Canker
    Both labels reference canker/dieback symptoms on pistachio woody tissue and can be confused in the field, though the causal pathogens differ.

  SUMMARY: One label is a clean, well-established pistachio disease, while the other awkwardly merges Alternaria leaf/fruit mold with stem canker symptomatology. The label set would benefit from separating foliar Alternaria late blight from any true canker disease, and from using standardized disease names (e.g., 'Botryosphaeria panicle and shoot blight').

######################################################################
# [398/544]  Plateful Of Pyramids Lepidella
# LAYER 1 — Crop Validation
######################################################################

──────────────────────────────────────────────────────────────────────
[398/544]  CROP: Plateful Of Pyramids Lepidella
──────────────────────────────────────────────────────────────────────
  Node A (real plant?)     : ?
  Node B (cultivated crop?): ?
  Node C (name correct?)   : ?
  Verdict   : ERROR
  Category  : 

  → Skipping disease check (crop verdict: ERROR)

######################################################################
# [399/544]  Ploioderma Needle Cast Of Pine
# LAYER 1 — Crop Validation
######################################################################

──────────────────────────────────────────────────────────────────────
[399/544]  CROP: Ploioderma Needle Cast Of Pine
──────────────────────────────────────────────────────────────────────
  Node A (real plant?)     : ?
  Node B (cultivated crop?): ?
  Node C (name correct?)   : ?
  Verdict   : ERROR
  Category  : 

  → Skipping disease check (crop verdict: ERROR)

######################################################################
# [400/544]  Plum
# LAYER 1 — Crop Validation
######################################################################

──────────────────────────────────────────────────────────────────────
[400/544]  CROP: Plum
──────────────────────────────────────────────────────────────────────
  Node A (real plant?)     : YES
  Node B (cultivated crop?): YES
  Node C (name correct?)   : YES
  Verdict   : VALID
  Category  : fruit

# LAYER 2 — Disease Label Check
  Judging 15 diseases... done

======================================================================
[400/544]  DISEASES — CROP: Plum
======================================================================
  Total: 15  |  CORRECT: 8  QUESTIONABLE: 6  INCORRECT: 1

  INCORRECT:
    x  Fungus: Generic term for an entire kingdom of organisms, not a disease.

  QUESTIONABLE:
    ?  Cercospora Fungi: Names a fungal genus rather than a specific disease; Cercospora leaf spot of plum exists but the label is too vague.
    ?  Leaf Blister: Taphrina-induced leaf blister/curl occurs on Prunus; label is ambiguous and more typical of peach than plum.
    ?  Leaf Curl: Peach leaf curl (Taphrina deformans) is primarily a peach/nectarine disease; occurrence on plum is uncommon and the label is non-specific.
    ?  Phloeosporella Fungus: Names a pathogen genus (old name for Blumeriella) rather than a disease; duplicates Blumeriella leaf spot.
    ?  Pox Virus: Plum pox virus (sharka) is a major plum disease, but the label 'Pox Virus' is vague and could be confused with animal poxviruses.
    ?  Pruniphilomyces Circumscissus: Names the pathogen (shot-hole fungus, recently reclassified from Stigmina/Wilsonomyces) rather than the disease it causes.

  ~ SIMILAR: Blumeriella Leaf Spot Of Cherry And Plum | Phloeosporella Fungus
    Phloeosporella is the former anamorph name of Blumeriella jaapii; both labels refer to the same leaf spot pathogen.

  ~ SIMILAR: Leaf Curl | Leaf Blister | Pocket Disease
    All three are Taphrina-induced deformation diseases on Prunus and overlap substantially in symptomatology and causal genus.

  ~ SIMILAR: Cercospora Fungi | Fungus | Phloeosporella Fungus
    All label pathogen taxa or the fungal kingdom rather than named diseases, creating overlapping non-specific entries.

  SUMMARY: The list captures most major plum diseases (black knot, brown rot, bacterial leaf spot, plum pox, prune dwarf, plum pocket, rust, powdery mildew) but is diluted by non-disease or genus-only entries ('Fungus', 'Cercospora Fungi', 'Phloeosporella Fungus', 'Pruniphilomyces Circumscissus'). Several labels duplicate each other (Blumeriella vs Phloeosporella; Leaf Curl vs Leaf Blister vs Pocket Disease) and some (Leaf Curl, Leaf Blister) are more characteristic of peach than plum. Overall quality is moderate: cleanup should remove generic/pathogen-only labels and consolidate Taphrina- and Blumeriella-related entries.

######################################################################
# [401/544]  Plumeria
# LAYER 1 — Crop Validation
######################################################################

──────────────────────────────────────────────────────────────────────
[401/544]  CROP: Plumeria
──────────────────────────────────────────────────────────────────────
  Node A (real plant?)     : YES
  Node B (cultivated crop?): YES
  Node C (name correct?)   : YES
  Verdict   : VALID
  Category  : ornamental

# LAYER 2 — Disease Label Check
  Judging 1 diseases... done

======================================================================
[401/544]  DISEASES — CROP: Plumeria
======================================================================
  Total: 1  |  CORRECT: 1  QUESTIONABLE: 0  INCORRECT: 0

  SUMMARY: The single label provided is a valid and well-documented disease of Plumeria. No duplicates or overlapping entries exist. Label quality is acceptable, though specifying 'Plumeria rust' or the causal agent (Coleosporium plumeriae) would improve precision.

######################################################################
# [402/544]  Poinsettia
# LAYER 1 — Crop Validation
######################################################################

──────────────────────────────────────────────────────────────────────
[402/544]  CROP: Poinsettia
──────────────────────────────────────────────────────────────────────
  Node A (real plant?)     : YES
  Node B (cultivated crop?): YES
  Node C (name correct?)   : YES
  Verdict   : VALID
  Category  : ornamental

# LAYER 2 — Disease Label Check
  Judging 7 diseases... done

======================================================================
[402/544]  DISEASES — CROP: Poinsettia
======================================================================
  Total: 7  |  CORRECT: 5  QUESTIONABLE: 2  INCORRECT: 0

  QUESTIONABLE:
    ?  Berkeleyomyces Basicola: This is a pathogen genus/species name (causes black root rot) rather than a disease name; should be labeled 'Black Root Rot'.
    ?  Pythium Diseases: Vague umbrella label; Pythium does affect poinsettia but a specific disease name (e.g., Pythium root rot) would be preferable.

  ~ SIMILAR: Pythium Diseases | Pythium Root And Stem Rot
    'Pythium Diseases' is a generic umbrella term that overlaps with and likely duplicates 'Pythium Root And Stem Rot', the primary Pythium disease of poinsettia.

  ~ SIMILAR: Berkeleyomyces Basicola | Rhizoctonia Damping-Off
    Both involve soilborne root/crown pathogens of cuttings; not duplicates but often co-managed and confused in young plant production.

  SUMMARY: Most labels represent legitimate poinsettia diseases, but the list mixes disease names with pathogen names ('Berkeleyomyces basicola') and includes a vague umbrella entry ('Pythium Diseases') that overlaps with the more specific 'Pythium Root And Stem Rot'. Recommend renaming the pathogen entry to 'Black Root Rot' and consolidating the two Pythium entries to improve label clarity and consistency.

######################################################################
# [403/544]  Pomegranate
# LAYER 1 — Crop Validation
######################################################################

──────────────────────────────────────────────────────────────────────
[403/544]  CROP: Pomegranate
──────────────────────────────────────────────────────────────────────
  Node A (real plant?)     : YES
  Node B (cultivated crop?): YES
  Node C (name correct?)   : YES
  Verdict   : VALID
  Category  : fruit

# LAYER 2 — Disease Label Check
  Judging 1 diseases... done

======================================================================
[403/544]  DISEASES — CROP: Pomegranate
======================================================================
  Total: 1  |  CORRECT: 0  QUESTIONABLE: 1  INCORRECT: 0

  QUESTIONABLE:
    ?  Aspergillus Fungi: Names a fungal genus rather than a specific disease; Aspergillus species can cause fruit rot in pomegranate but the label is vague and not a standard disease name.

  SUMMARY: The single label provided refers to a pathogen genus (Aspergillus) rather than a defined disease such as 'Aspergillus fruit rot'. While Aspergillus spp. are documented to cause post-harvest and internal fruit rots in pomegranate, the entry lacks specificity and should be renamed to a proper disease designation.

######################################################################
# [404/544]  Pondspice
# LAYER 1 — Crop Validation
######################################################################

──────────────────────────────────────────────────────────────────────
[404/544]  CROP: Pondspice
──────────────────────────────────────────────────────────────────────
  Node A (real plant?)     : YES
  Node B (cultivated crop?): NO
  Node C (name correct?)   : N/A
  Verdict   : NON_CROP
  Category  : other
  Notes     : Pondspice (Litsea aestivalis) is a wild wetland shrub native to the southeastern US, not cultivated as an agricultural or horticultural crop.

  → Skipping disease check (crop verdict: NON_CROP)

######################################################################
# [405/544]  Poplar
# LAYER 1 — Crop Validation
######################################################################

──────────────────────────────────────────────────────────────────────
[405/544]  CROP: Poplar
──────────────────────────────────────────────────────────────────────
  Node A (real plant?)     : YES
  Node B (cultivated crop?): YES
  Node C (name correct?)   : YES
  Verdict   : VALID
  Category  : tree_crop

# LAYER 2 — Disease Label Check
  Judging 19 diseases... done

======================================================================
[405/544]  DISEASES — CROP: Poplar
======================================================================
  Total: 19  |  CORRECT: 11  QUESTIONABLE: 7  INCORRECT: 1

  INCORRECT:
    x  Morel: Morel (Morchella) is an edible saprophytic/ectomycorrhizal fungus, not a disease of poplar.

  QUESTIONABLE:
    ?  Artist S Conk: Artist's conk (Ganoderma applanatum) is a wood-decay fungus/fruiting body rather than a named poplar disease.
    ?  Black Rot: Black rot is a vague label more commonly associated with other hosts (e.g., grape, apple); not a standard poplar disease name.
    ?  Drepanopeziza Populi Rimpau: Names a pathogen (Drepanopeziza populi-albae / Marssonina leaf spot) rather than the disease; also appears garbled in the label.
    ?  Leaf Spot: Generic label that could refer to Septoria, Marssonina, or other causes; too vague to be a specific disease entry.
    ?  Red-Belted Fungus: Refers to Fomitopsis pinicola, a wood-decay bracket fungus primarily on conifers and occasionally hardwoods; names an organism rather than a named poplar disease.
    ?  Sooty Mold: Sooty mold grows on insect honeydew and is a secondary/indirect issue rather than a true poplar pathogen.
    ?  White Heartwood Rot: Describes a type of decay (white rot of heartwood) caused by various fungi rather than a specific named poplar disease.

  ~ SIMILAR: Hypoxylon Canker | Hypoxylon Canker Of Aspen
    Both refer to Hypoxylon (Entoleuca) mammata canker; the second is just the aspen-specific naming of the same disease.

  ~ SIMILAR: Drepanopeziza Populi Rimpau | Leaf Spot | Ink Spot Leaf Blight | Septoria Leaf Spot And Cankers
    All are foliar leaf-spot/blight entries on poplar that overlap in symptomatology; 'Leaf Spot' is a generic catch-all that could subsume the Drepanopeziza/Marssonina and Septoria entries.

  ~ SIMILAR: Artist S Conk | Red-Belted Fungus | White Heartwood Rot
    All describe wood-decay fungi or the resulting heart/white rot of poplar trunks rather than distinct named diseases.

  SUMMARY: Most entries represent genuine poplar diseases (Hypoxylon canker, Cytospora canker, Septoria, bronze leaf, bacterial wetwood, Armillaria, powdery mildew, ink spot, shepherd's crook). Several labels are vague, name organisms/fruiting bodies (Artist's conk, Red-belted fungus, Morel) or broad decay categories (white heartwood rot, sooty mold) rather than specific diseases, and there is clear duplication between the two Hypoxylon canker entries. Cleanup should remove Morel, consolidate the Hypoxylon duplicates, and replace vague labels like 'Leaf Spot' and 'Black Rot' with specific pathogen-based disease names.

######################################################################
# [406/544]  Porcelainflower
# LAYER 1 — Crop Validation
######################################################################

──────────────────────────────────────────────────────────────────────
[406/544]  CROP: Porcelainflower
──────────────────────────────────────────────────────────────────────
  Node A (real plant?)     : YES
  Node B (cultivated crop?): YES
  Node C (name correct?)   : YES
  Verdict   : VALID
  Category  : ornamental

# LAYER 2 — Disease Label Check
  Judging 1 diseases... done

======================================================================
[406/544]  DISEASES — CROP: Porcelainflower
======================================================================
  Total: 1  |  CORRECT: 1  QUESTIONABLE: 0  INCORRECT: 0

  SUMMARY: The single label provided is a legitimate and recognized viral disease of Porcelainflower (Hoya spp.). No duplicates or overlapping entries exist in this minimal list. Quality of this entry is acceptable.

######################################################################
# [407/544]  Pot Marigold
# LAYER 1 — Crop Validation
######################################################################

──────────────────────────────────────────────────────────────────────
[407/544]  CROP: Pot Marigold
──────────────────────────────────────────────────────────────────────
  Node A (real plant?)     : YES
  Node B (cultivated crop?): YES
  Node C (name correct?)   : YES
  Verdict   : VALID
  Category  : ornamental

# LAYER 2 — Disease Label Check
  Judging 1 diseases... done

======================================================================
[407/544]  DISEASES — CROP: Pot Marigold
======================================================================
  Total: 1  |  CORRECT: 0  QUESTIONABLE: 1  INCORRECT: 0

  QUESTIONABLE:
    ?  Fusarium Wilts: Fusarium wilt (caused by Fusarium oxysporum f. sp.) can affect Calendula officinalis but the label is pluralized and vague, naming a pathogen group rather than a specific disease.

  SUMMARY: The single label refers to a real fungal disease group that can affect pot marigold, but the pluralized, generic phrasing ('Fusarium Wilts') is imprecise and reads more like a pathogen category than a specific disease name. A more accurate label would be 'Fusarium Wilt' (singular) of Calendula. Overall coverage of pot marigold diseases is minimal.

######################################################################
# [408/544]  Potato
# LAYER 1 — Crop Validation
######################################################################

──────────────────────────────────────────────────────────────────────
[408/544]  CROP: Potato
──────────────────────────────────────────────────────────────────────
  Node A (real plant?)     : YES
  Node B (cultivated crop?): YES
  Node C (name correct?)   : YES
  Verdict   : VALID
  Category  : root_tuber

# LAYER 2 — Disease Label Check
  Judging 37 diseases... done

======================================================================
[408/544]  DISEASES — CROP: Potato
======================================================================
  Total: 37  |  CORRECT: 12  QUESTIONABLE: 17  INCORRECT: 8

  INCORRECT:
    x  Apple Scab: Apple scab (Venturia inaequalis) affects apple, not potato.
    x  Bread Mold: Generic saprophytic mold term, not a recognized potato disease.
    x  Diaporthe Destruens: Pathogen of sweetpotato (foot rot); not a potato pathogen.
    x  Fusarium Root Rot Of Sweetpotato: Explicitly labeled as a sweetpotato disease, not potato.
    x  Java Black Rot: Java black rot (Lasiodiplodia) is a sweetpotato storage disease, not a potato disease.
    x  Streptomyces Soil Rot: Streptomyces soil rot (pox) is a sweetpotato disease; potato equivalent is common scab.
    x  Sweet Potato Feathery Mottle Virus: SPFMV infects sweetpotato (Ipomoea batatas), not potato.
    x  White Rust: White rust (Albugo) affects crucifers, spinach, and amaranths, not potato.

  QUESTIONABLE:
    ?  Alternaria Black Molds Stem Cankers: Vague/malformed label conflating Alternaria black mold and stem cankers; not a standard potato disease name.
    ?  Bacteria Wilt And Soft Rot: Real potato diseases but grammatically malformed and merges two distinct conditions into one label.
    ?  Black Rot: Ambiguous; black rot typically refers to diseases of crucifers, grapes, or sweetpotato, not a standard potato disease.
    ?  Fusarium Lateritium Nees: Names a fungal species (with author citation) rather than a disease; unusual association with potato.
    ?  Fusarium Root Rot And Wilt: Fusarium wilt/dry rot occur in potato, but this combined label is not a standard potato disease designation.
    ?  Fusarium Wilt: Fusarium wilt is uncommon on potato (dry rot is the typical Fusarium disease); label is imprecise.
    ?  Fusarium Wilts: Duplicate plural of Fusarium Wilt; same concerns apply.
    ?  Geotrichum Fungi: Names a genus rather than a disease; Geotrichum causes rubbery rot in potato but label is too generic.
    ?  Globisporangium Ultimum: Pathogen species name (formerly Pythium ultimum) rather than a disease; causes leak/damping-off in potato.
    ?  Penicillium Fungi: Names a genus, not a disease; Penicillium causes blue mold storage rot in potato.
    ?  Phytophthora Root And Stem Rot: Generic Phytophthora root/stem rot is not a standard potato disease; pink rot (P. erythroseptica) is the common form.
    ?  Pythium Root And Stem Rot: Pythium causes leak and seed-piece decay in potato, but 'root and stem rot' is not the standard potato disease name.
    ?  Rhizopus Soft Rots: Rhizopus soft rot is primarily a sweetpotato/fruit disease; unusual association with potato.
    ?  Sclerotinia Timber Rot: 'Timber rot' is the tomato term; on potato Sclerotinia causes white mold/stalk rot, so label is atypical.
    ?  Scurf: Scurf (Monilochaetes infuscans) is a sweetpotato disease; not standard on potato (black scurf on potato is Rhizoctonia).
    ?  Slime Mold: Slime molds are saprophytes that may superficially colonize potato foliage but are not true pathogens.
    ?  Sour Rot: Sour rot (Geotrichum) is mainly a tomato/citrus disease; uncommon/atypical on potato.

  ~ SIMILAR: Fusarium Wilt | Fusarium Wilts
    Singular and plural forms of the same label; clear duplicates.

  ~ SIMILAR: Bacteria Wilt And Soft Rot | Bacterial Soft Rot
    Overlapping labels; the combined entry already contains bacterial soft rot.

  ~ SIMILAR: Fusarium Damping-Off | Fusarium Root Rot And Wilt | Fusarium Wilt | Fusarium Wilts | Fusarium Lateritium Nees | Fusarium Root Rot Of Sweetpotato
    Multiple overlapping Fusarium-related entries mixing diseases, species names, and a sweetpotato-specific disease.

  ~ SIMILAR: Pythium Root And Stem Rot | Globisporangium Ultimum | Phytophthora Root And Stem Rot
    Oomycete root/stem rot entries that overlap taxonomically (Globisporangium ultimum = former Pythium ultimum) and symptomatically.

  ~ SIMILAR: Common Scab Of Potato | Powdery Scab | Scurf | Streptomyces Soil Rot
    Scab/scurf-type tuber surface diseases that are easily confused; Scurf and Streptomyces Soil Rot are actually sweetpotato diseases.

  ~ SIMILAR: Bacterial Soft Rot | Rhizopus Soft Rots | Sour Rot | Bread Mold
    Soft/wet rot and saprophytic mold labels that overlap symptomatically on tubers.

  ~ SIMILAR: Diaporthe Destruens | Fusarium Root Rot Of Sweetpotato | Java Black Rot | Scurf | Streptomyces Soil Rot | Sweet Potato Feathery Mottle Virus
    All are sweetpotato (Ipomoea batatas) diseases mistakenly included under potato (Solanum tuberosum).

  ~ SIMILAR: Alternaria Black Molds Stem Cankers | Early Blight
    Both involve Alternaria on potato; the malformed 'Black Molds Stem Cankers' entry overlaps with early blight/stem canker symptoms.

  SUMMARY: The potato list contains a solid core of real potato diseases (late blight, early blight, common scab, powdery scab, black scurf/Rhizoctonia, bacterial soft rot, PVY, TRV, TSWV) but is heavily contaminated with sweetpotato diseases (Scurf, Streptomyces Soil Rot, Java Black Rot, Diaporthe destruens, Fusarium Root Rot Of Sweetpotato, SPFMV) and diseases of unrelated crops (Apple Scab, White Rust). Several entries are pathogen genus/species names rather than diseases (Geotrichum Fungi, Penicillium Fungi, Fusarium Lateritium Nees, Globisporangium Ultimum), and there are duplicates and malformed multi-disease labels (Fusarium Wilt/Wilts, Bacteria Wilt And Soft Rot). Overall label quality is poor and requires deduplication, removal of non-potato hosts, and conversion of pathogen names into proper disease names.

######################################################################
# [409/544]  Primrose
# LAYER 1 — Crop Validation
######################################################################

──────────────────────────────────────────────────────────────────────
[409/544]  CROP: Primrose
──────────────────────────────────────────────────────────────────────
  Node A (real plant?)     : YES
  Node B (cultivated crop?): YES
  Node C (name correct?)   : YES
  Verdict   : VALID
  Category  : ornamental

# LAYER 2 — Disease Label Check
  Judging 1 diseases... done

======================================================================
[409/544]  DISEASES — CROP: Primrose
======================================================================
  Total: 1  |  CORRECT: 1  QUESTIONABLE: 0  INCORRECT: 0

  SUMMARY: The single listed disease is a legitimate and well-documented affliction of primrose. No duplicates or overlapping entries are present. The list is accurate but minimal in scope.

######################################################################
# [410/544]  Princesstree
# LAYER 1 — Crop Validation
######################################################################

──────────────────────────────────────────────────────────────────────
[410/544]  CROP: Princesstree
──────────────────────────────────────────────────────────────────────
  Node A (real plant?)     : YES
  Node B (cultivated crop?): YES
  Node C (name correct?)   : YES
  Verdict   : VALID
  Category  : tree_crop
  Notes     : Paulownia tomentosa, cultivated as a fast-growing timber and ornamental tree.

# LAYER 2 — Disease Label Check
  Judging 1 diseases... done

======================================================================
[410/544]  DISEASES — CROP: Princesstree
======================================================================
  Total: 1  |  CORRECT: 1  QUESTIONABLE: 0  INCORRECT: 0

  SUMMARY: The single disease label provided is a legitimate and recognized foliar disease of Princesstree (Paulownia tomentosa). No duplicates or overlaps are present. Overall the list is accurate but minimal, covering only one of several known Paulownia diseases.

######################################################################
# [411/544]  Privet
# LAYER 1 — Crop Validation
######################################################################

──────────────────────────────────────────────────────────────────────
[411/544]  CROP: Privet
──────────────────────────────────────────────────────────────────────
  Node A (real plant?)     : YES
  Node B (cultivated crop?): YES
  Node C (name correct?)   : YES
  Verdict   : VALID
  Category  : ornamental

# LAYER 2 — Disease Label Check
  Judging 2 diseases... done

======================================================================
[411/544]  DISEASES — CROP: Privet
======================================================================
  Total: 2  |  CORRECT: 1  QUESTIONABLE: 1  INCORRECT: 0

  QUESTIONABLE:
    ?  Thedgonia Ligustrina: Thedgonia ligustrina is a pathogen (fungus) name rather than a disease name; the disease it causes is commonly called privet anthracnose or leaf blotch.

  ~ SIMILAR: Mycosphaerella Leaf Spot | Thedgonia Ligustrina
    Both are fungal leaf-spot/blotch diseases of privet with overlapping foliar symptoms (necrotic leaf lesions), and Thedgonia ligustrina has historically been classified within the Mycosphaerella complex, so the two labels may refer to the same or closely related condition.

  SUMMARY: The label set is small but reasonable for privet foliar disease, with one clearly correct leaf-spot entry and one entry that names a pathogen genus/species rather than a disease. The two labels likely overlap taxonomically, as Thedgonia ligustrina is associated with the Mycosphaerella complex on Ligustrum. Relabeling Thedgonia ligustrina to its disease name (e.g., privet anthracnose/leaf blotch) and clarifying whether it is distinct from the Mycosphaerella leaf spot entry would improve dataset quality.

######################################################################
# [412/544]  Puffballs  Family Lycoperdaceae
# LAYER 1 — Crop Validation
######################################################################

──────────────────────────────────────────────────────────────────────
[412/544]  CROP: Puffballs  Family Lycoperdaceae
──────────────────────────────────────────────────────────────────────
  Node A (real plant?)     : YES
  Node B (cultivated crop?): NO
  Node C (name correct?)   : N/A
  Verdict   : NON_CROP
  Category  : other
  Canonical : Puffballs (Family Lycoperdaceae)
  Notes     : Puffballs are wild fungi (not plants) in family Lycoperdaceae; foraged rather than cultivated as an agricultural/horticultural crop.

  → Skipping disease check (crop verdict: NON_CROP)

######################################################################
# [413/544]  Pumpkin
# LAYER 1 — Crop Validation
######################################################################

──────────────────────────────────────────────────────────────────────
[413/544]  CROP: Pumpkin
──────────────────────────────────────────────────────────────────────
  Node A (real plant?)     : YES
  Node B (cultivated crop?): YES
  Node C (name correct?)   : YES
  Verdict   : VALID
  Category  : vegetable

# LAYER 2 — Disease Label Check
  Judging 4 diseases... done

======================================================================
[413/544]  DISEASES — CROP: Pumpkin
======================================================================
  Total: 4  |  CORRECT: 3  QUESTIONABLE: 1  INCORRECT: 0

  QUESTIONABLE:
    ?  Mosaic Disease: Real viral disease complex affecting pumpkin (e.g., CMV, WMV, ZYMV, PRSV), but the label is vague and does not specify the causal virus.

  ~ SIMILAR: Downy Mildew | Powdery Mildew
    Both are fungal/oomycete foliar diseases commonly confused by name, but they are caused by distinct pathogens and produce different symptoms (downy on underside with yellow top lesions vs. white powdery growth on upper surfaces).

  SUMMARY: The label set covers three well-established pumpkin diseases (bacterial leaf spot, downy mildew, powdery mildew) and one vague viral entry. 'Mosaic Disease' is biologically valid but should be specified by causal virus for registry-grade precision. Overall coverage is reasonable but incomplete, missing major pumpkin diseases such as Phytophthora blight, gummy stem blight, and anthracnose.

######################################################################
# [414/544]  Purple-Red Waxy Cap
# LAYER 1 — Crop Validation
######################################################################

──────────────────────────────────────────────────────────────────────
[414/544]  CROP: Purple-Red Waxy Cap
──────────────────────────────────────────────────────────────────────
  Node A (real plant?)     : YES
  Node B (cultivated crop?): NO
  Node C (name correct?)   : N/A
  Verdict   : NON_CROP
  Category  : other
  Notes     : Refers to Hygrocybe/Gliophorus waxcap mushrooms, which are wild fungi (not plants) and not cultivated as a crop.

  → Skipping disease check (crop verdict: NON_CROP)

######################################################################
# [415/544]  Purslane
# LAYER 1 — Crop Validation
######################################################################

──────────────────────────────────────────────────────────────────────
[415/544]  CROP: Purslane
──────────────────────────────────────────────────────────────────────
  Node A (real plant?)     : YES
  Node B (cultivated crop?): YES
  Node C (name correct?)   : YES
  Verdict   : VALID
  Category  : vegetable

# LAYER 2 — Disease Label Check
  Judging 2 diseases... done

======================================================================
[415/544]  DISEASES — CROP: Purslane
======================================================================
  Total: 2  |  CORRECT: 0  QUESTIONABLE: 2  INCORRECT: 0

  QUESTIONABLE:
    ?  Alternanthera Mosaic Virus: Alternanthera mosaic virus (AltMV) is a real potexvirus with a broad host range, but it is primarily associated with Alternanthera and ornamentals; natural infection of Portulaca oleracea (purslane) is not well-documented in standard pathology references.
    ?  Phoma Blight: Phoma spp. can cause blight/leaf spot on many hosts, but 'Phoma blight' as a named, documented disease of purslane is not well-established in the literature and the label is generic (genus-level) rather than specifying a validated purslane pathogen.

  SUMMARY: Both entries name real pathogens but neither is a well-established, commonly reported disease of purslane (Portulaca oleracea); purslane has relatively few documented diseases and is more often noted as a weed reservoir for viruses of other crops. The labels are plausible host-range extensions rather than canonical purslane diseases, so both warrant verification against primary literature before inclusion in a curated registry.

######################################################################
# [416/544]  Pyricularia Grisea Sacc
# LAYER 1 — Crop Validation
######################################################################

──────────────────────────────────────────────────────────────────────
[416/544]  CROP: Pyricularia Grisea Sacc
──────────────────────────────────────────────────────────────────────
  Node A (real plant?)     : ?
  Node B (cultivated crop?): ?
  Node C (name correct?)   : ?
  Verdict   : ERROR
  Category  : 

  → Skipping disease check (crop verdict: ERROR)

######################################################################
# [417/544]  Quickstick
# LAYER 1 — Crop Validation
######################################################################

──────────────────────────────────────────────────────────────────────
[417/544]  CROP: Quickstick
──────────────────────────────────────────────────────────────────────
  Node A (real plant?)     : YES
  Node B (cultivated crop?): YES
  Node C (name correct?)   : NO
  Verdict   : MISSPELLED_OR_UNSTANDARDISED
  Category  : forage
  Canonical : Gliricidia sepium (Quick stick)
  Notes     : Common name 'Quick stick' refers to Gliricidia sepium, a multipurpose agroforestry tree used for forage, living fences, and green manure.

# LAYER 2 — Disease Label Check
  Judging 1 diseases... done

======================================================================
[417/544]  DISEASES — CROP: Quickstick
======================================================================
  Total: 1  |  CORRECT: 0  QUESTIONABLE: 1  INCORRECT: 0

  QUESTIONABLE:
    ?  Passalora Fungus: Names a fungal genus (Passalora) rather than a specific disease, and its association with Quickstick (Gliricidia sepium) is not well-documented in standard plant pathology references.

  SUMMARY: The single label provided is vague, identifying only a pathogen genus rather than a specific disease name. While Passalora species cause leaf spot diseases on various hosts, a specific Passalora-caused disease on Quickstick (Gliricidia sepium) is not well-established in the literature. The label should be refined to a specific disease name (e.g., 'Passalora leaf spot') with verified host association.

######################################################################
# [418/544]  Quince
# LAYER 1 — Crop Validation
######################################################################

──────────────────────────────────────────────────────────────────────
[418/544]  CROP: Quince
──────────────────────────────────────────────────────────────────────
  Node A (real plant?)     : YES
  Node B (cultivated crop?): YES
  Node C (name correct?)   : YES
  Verdict   : VALID
  Category  : fruit

# LAYER 2 — Disease Label Check
  Judging 1 diseases... done

======================================================================
[418/544]  DISEASES — CROP: Quince
======================================================================
  Total: 1  |  CORRECT: 1  QUESTIONABLE: 0  INCORRECT: 0

  SUMMARY: The single label provided is a legitimate and well-established disease of quince. No duplicates or overlapping entries are present. Overall label quality is good.

######################################################################
# [419/544]  Quinoa
# LAYER 1 — Crop Validation
######################################################################

──────────────────────────────────────────────────────────────────────
[419/544]  CROP: Quinoa
──────────────────────────────────────────────────────────────────────
  Node A (real plant?)     : YES
  Node B (cultivated crop?): YES
  Node C (name correct?)   : YES
  Verdict   : VALID
  Category  : cereal

# LAYER 2 — Disease Label Check
  Judging 1 diseases... done

======================================================================
[419/544]  DISEASES — CROP: Quinoa
======================================================================
  Total: 1  |  CORRECT: 0  QUESTIONABLE: 1  INCORRECT: 0

  QUESTIONABLE:
    ?  Potato Virus X: Potato Virus X (Potexvirus) can experimentally infect quinoa (Chenopodium quinoa is a classic indicator host for PVX), but it is not considered a naturally occurring or economically significant disease of quinoa in production.

  SUMMARY: The single label refers to a real plant virus, but its association with quinoa is as a diagnostic indicator host rather than a recognized field disease of the crop. The entry is therefore botanically real but agronomically misleading as a quinoa disease label.

######################################################################
# [420/544]  Ragweed
# LAYER 1 — Crop Validation
######################################################################

──────────────────────────────────────────────────────────────────────
[420/544]  CROP: Ragweed
──────────────────────────────────────────────────────────────────────
  Node A (real plant?)     : YES
  Node B (cultivated crop?): NO
  Node C (name correct?)   : N/A
  Verdict   : NON_CROP
  Category  : other
  Notes     : Ragweed (Ambrosia spp.) is a wild weed and common allergen, not cultivated as a crop.

  → Skipping disease check (crop verdict: NON_CROP)

######################################################################
# [421/544]  Raspberry
# LAYER 1 — Crop Validation
######################################################################

──────────────────────────────────────────────────────────────────────
[421/544]  CROP: Raspberry
──────────────────────────────────────────────────────────────────────
  Node A (real plant?)     : YES
  Node B (cultivated crop?): YES
  Node C (name correct?)   : YES
  Verdict   : VALID
  Category  : fruit

# LAYER 2 — Disease Label Check
  Judging 7 diseases... done

======================================================================
[421/544]  DISEASES — CROP: Raspberry
======================================================================
  Total: 7  |  CORRECT: 4  QUESTIONABLE: 3  INCORRECT: 0

  QUESTIONABLE:
    ?  Fire Blight: Fire blight (Erwinia amylovora) primarily affects pome fruits like apple and pear; it is an unusual and not well-established disease of raspberry.
    ?  Leaf Spot: Generic label; raspberry has several distinct leaf spot diseases (e.g., Sphaerulina leaf spot, Septoria leaf spot) and the label does not specify which.
    ?  Rust: Raspberry is affected by multiple rusts (late leaf rust, yellow rust, orange rust); an unspecified 'Rust' label is vague.

  ~ SIMILAR: Rust | Yellow Rust
    Yellow Rust is one of the specific rust diseases of raspberry, so the generic 'Rust' label likely overlaps with or encompasses 'Yellow Rust'.

  SUMMARY: Most entries are valid raspberry diseases, but the list mixes specific and generic labels, creating overlap between 'Rust' and 'Yellow Rust' and ambiguity around 'Leaf Spot'. Fire Blight is atypical for raspberry and should be reviewed, as it is principally a pome-fruit pathogen. Tightening labels to the specific pathogen or disease name would improve registry quality.

######################################################################
# [422/544]  Rattlebox
# LAYER 1 — Crop Validation
######################################################################

──────────────────────────────────────────────────────────────────────
[422/544]  CROP: Rattlebox
──────────────────────────────────────────────────────────────────────
  Node A (real plant?)     : YES
  Node B (cultivated crop?): NO
  Node C (name correct?)   : N/A
  Verdict   : NON_CROP
  Category  : other
  Notes     : Rattlebox (Crotalaria spp.) is a wild/weedy legume, sometimes used as a cover crop or green manure but not typically cultivated as a commercial crop; many species are toxic.

  → Skipping disease check (crop verdict: NON_CROP)

######################################################################
# [423/544]  Rattlesnake Plant
# LAYER 1 — Crop Validation
######################################################################

──────────────────────────────────────────────────────────────────────
[423/544]  CROP: Rattlesnake Plant
──────────────────────────────────────────────────────────────────────
  Node A (real plant?)     : YES
  Node B (cultivated crop?): YES
  Node C (name correct?)   : YES
  Verdict   : VALID
  Category  : ornamental
  Notes     : Common name for Goeppertia insignis (syn. Calathea lancifolia), cultivated as a houseplant/ornamental.

# LAYER 2 — Disease Label Check
  Judging 1 diseases... done

======================================================================
[423/544]  DISEASES — CROP: Rattlesnake Plant
======================================================================
  Total: 1  |  CORRECT: 0  QUESTIONABLE: 1  INCORRECT: 0

  QUESTIONABLE:
    ?  Drechslera Leaf Spot: Drechslera is a fungal genus (causing leaf spots mainly on grasses/cereals) and is not a well-documented pathogen of Calathea lancifolia (Rattlesnake Plant), which more commonly suffers from Helminthosporium, Pseudomonas, or Fusarium leaf spots.

  SUMMARY: The single label names a pathogen genus rather than a specific disease and is not a well-established pathogen of Rattlesnake Plant (Calathea lancifolia). While Drechslera spp. can cause leaf spots on many hosts, this association with Calathea is not supported in standard ornamental pathology references and should be verified or re-labeled.

######################################################################
# [424/544]  Red Polypore
# LAYER 1 — Crop Validation
######################################################################

──────────────────────────────────────────────────────────────────────
[424/544]  CROP: Red Polypore
──────────────────────────────────────────────────────────────────────
  Node A (real plant?)     : YES
  Node B (cultivated crop?): NO
  Node C (name correct?)   : N/A
  Verdict   : NON_CROP
  Category  : other
  Notes     : Red Polypore refers to a wild bracket fungus (not a plant and not cultivated as a crop).

  → Skipping disease check (crop verdict: NON_CROP)

######################################################################
# [425/544]  Red Russula
# LAYER 1 — Crop Validation
######################################################################

──────────────────────────────────────────────────────────────────────
[425/544]  CROP: Red Russula
──────────────────────────────────────────────────────────────────────
  Node A (real plant?)     : YES
  Node B (cultivated crop?): NO
  Node C (name correct?)   : N/A
  Verdict   : NON_CROP
  Category  : other
  Notes     : Russula is a genus of wild mushrooms (fungi), not a cultivated plant crop.

  → Skipping disease check (crop verdict: NON_CROP)

######################################################################
# [426/544]  Redbay
# LAYER 1 — Crop Validation
######################################################################

──────────────────────────────────────────────────────────────────────
[426/544]  CROP: Redbay
──────────────────────────────────────────────────────────────────────
  Node A (real plant?)     : YES
  Node B (cultivated crop?): NO
  Node C (name correct?)   : N/A
  Verdict   : NON_CROP
  Category  : other
  Canonical : Redbay (Persea borbonia)
  Notes     : Redbay is a wild native North American tree, not cultivated as an agricultural or horticultural crop.

  → Skipping disease check (crop verdict: NON_CROP)

######################################################################
# [427/544]  Redvein Enkianthus
# LAYER 1 — Crop Validation
######################################################################

──────────────────────────────────────────────────────────────────────
[427/544]  CROP: Redvein Enkianthus
──────────────────────────────────────────────────────────────────────
  Node A (real plant?)     : YES
  Node B (cultivated crop?): YES
  Node C (name correct?)   : YES
  Verdict   : VALID
  Category  : ornamental
  Notes     : Enkianthus campanulatus, a deciduous ornamental shrub grown for its bell-shaped red-veined flowers and autumn foliage.

# LAYER 2 — Disease Label Check
  Judging 1 diseases... done

======================================================================
[427/544]  DISEASES — CROP: Redvein Enkianthus
======================================================================
  Total: 1  |  CORRECT: 1  QUESTIONABLE: 0  INCORRECT: 0

  SUMMARY: The single listed disease is a legitimate and well-documented condition of Redvein Enkianthus. No duplicates or overlapping entries exist. Label quality is acceptable, though adding the causal species (e.g., Phyllosticta sp.) would improve specificity.

######################################################################
# [428/544]  Resinous Polypore
# LAYER 1 — Crop Validation
######################################################################

──────────────────────────────────────────────────────────────────────
[428/544]  CROP: Resinous Polypore
──────────────────────────────────────────────────────────────────────
  Node A (real plant?)     : YES
  Node B (cultivated crop?): NO
  Node C (name correct?)   : N/A
  Verdict   : NON_CROP
  Category  : other
  Canonical : Resinous Polypore (Ischnoderma resinosum)
  Notes     : Resinous Polypore is a wild wood-decay bracket fungus, not a cultivated agricultural or horticultural crop.

  → Skipping disease check (crop verdict: NON_CROP)

######################################################################
# [429/544]  Rhabdocline Needlecasts
# LAYER 1 — Crop Validation
######################################################################

──────────────────────────────────────────────────────────────────────
[429/544]  CROP: Rhabdocline Needlecasts
──────────────────────────────────────────────────────────────────────
  Node A (real plant?)     : ?
  Node B (cultivated crop?): ?
  Node C (name correct?)   : ?
  Verdict   : ERROR
  Category  : 

  → Skipping disease check (crop verdict: ERROR)

######################################################################
# [430/544]  Rhododendrons And Azaleas
# LAYER 1 — Crop Validation
######################################################################

──────────────────────────────────────────────────────────────────────
[430/544]  CROP: Rhododendrons And Azaleas
──────────────────────────────────────────────────────────────────────
  Node A (real plant?)     : YES
  Node B (cultivated crop?): YES
  Node C (name correct?)   : NO
  Verdict   : MISSPELLED_OR_UNSTANDARDISED
  Category  : ornamental
  Canonical : Rhododendron
  Notes     : Entry combines two related ornamental groups (both in genus Rhododendron); standardised to the genus name.

# LAYER 2 — Disease Label Check
  Judging 11 diseases... done

======================================================================
[430/544]  DISEASES — CROP: Rhododendrons And Azaleas
======================================================================
  Total: 11  |  CORRECT: 4  QUESTIONABLE: 4  INCORRECT: 3

  INCORRECT:
    x  Annosum Root Disease: Annosum root disease (Heterobasidion annosum) is a disease of conifers, not rhododendrons or azaleas.
    x  Fungi: Fungi is a kingdom of organisms, not a disease.
    x  Powdery Mildew Hyperparasite: A hyperparasite of powdery mildew is a beneficial organism that attacks the pathogen, not a disease itself.

  QUESTIONABLE:
    ?  Bitter Rot And Anthracnose: Bitter rot is associated with apples and other fruit crops; anthracnose can affect rhododendrons but pairing the two as one label is misleading.
    ?  Exobasidium Fungus: Exobasidium causes leaf and flower gall on azaleas/rhododendrons, but the label names the pathogen genus rather than the disease.
    ?  Guignardia Blotch: Guignardia leaf blotch is more typically associated with horse chestnut; its occurrence on rhododendrons/azaleas is unusual and not well-documented.
    ?  Seifertia Azaleae: Seifertia azaleae is the pathogen that causes azalea bud blight; the label names the fungus genus/species rather than the disease.

  ~ SIMILAR: Exobasidium Fungus | Leaf And Flower Gall
    Exobasidium vaccinii is the causal agent of leaf and flower gall, so these two labels refer to the same disease.

  SUMMARY: The list mixes valid rhododendron/azalea diseases (Botryosphaeria canker, leaf and flower gall, Pestalotiopsis leaf spot, sudden oak death) with several problematic entries. Multiple labels name pathogens rather than diseases (Exobasidium Fungus, Seifertia Azaleae), one names a kingdom (Fungi), one names a beneficial hyperparasite, and Annosum root disease belongs to conifers. Cleanup should merge Exobasidium with leaf and flower gall, rename pathogen-labeled entries to their disease names, and remove non-disease and off-host entries.

######################################################################
# [431/544]  Rice
# LAYER 1 — Crop Validation
######################################################################

──────────────────────────────────────────────────────────────────────
[431/544]  CROP: Rice
──────────────────────────────────────────────────────────────────────
  Node A (real plant?)     : YES
  Node B (cultivated crop?): YES
  Node C (name correct?)   : YES
  Verdict   : VALID
  Category  : cereal

# LAYER 2 — Disease Label Check
  Judging 39 diseases... done

======================================================================
[431/544]  DISEASES — CROP: Rice
======================================================================
  Total: 39  |  CORRECT: 17  QUESTIONABLE: 21  INCORRECT: 1

  INCORRECT:
    x  Fusarium Wilts: Fusarium wilt is not a recognized disease of rice; it affects many other crops but not rice as a wilt disease.

  QUESTIONABLE:
    ?  Alternaria Leaf Spot: Alternaria species can occur on rice but this is a minor/uncommon association rather than a recognized major rice disease.
    ?  Bacteria Wilt And Soft Rot: Not a standard named rice disease; bacterial wilt/soft rot are primarily associated with other crops and the label is vague.
    ?  Bipolaris Oryzae Sawada: This is the pathogen name (causal agent of brown spot), not a disease label.
    ?  Curvularia Lunata: Pathogen genus/species name rather than a disease; Curvularia can cause grain discoloration in rice.
    ?  Eballistra Oryzae: Pathogen name (causal agent of white leaf streak of rice), not a disease label.
    ?  Leaf Blight: Too vague; could refer to bacterial leaf blight or other leaf blights on rice.
    ?  Microdochium Albescens: Pathogen name (causal agent of leaf scald of rice), not a disease label.
    ?  Mild Bacterial Blight: Severity qualifier on bacterial blight; not a distinct disease.
    ?  Mild Blast: Severity qualifier on blast; not a distinct disease.
    ?  Mild Brownspot: Severity qualifier on brown spot; not a distinct disease.
    ?  Mild Tungro: Severity qualifier on tungro; not a distinct disease.
    ?  Nakataea Oryzae: Pathogen name (causal agent of stem rot of rice), not a disease label.
    ?  Neopyrenochaeta Acicola: Pathogen name rather than a disease; minor/uncommon association with rice.
    ?  Pyricularia Grisea Sacc: Pathogen name (synonym for rice blast fungus), not a disease label.
    ?  Pythium Diseases: Pathogen genus-based label; Pythium can cause seedling rots in rice but the label is vague.
    ?  Severe Bacterial Blight: Severity qualifier on bacterial blight; not a distinct disease.
    ?  Severe Blast: Severity qualifier on blast; not a distinct disease.
    ?  Severe Brownspot: Severity qualifier on brown spot; not a distinct disease.
    ?  Severe Tungro: Severity qualifier on tungro; not a distinct disease.
    ?  Take-All Root Rot Sheath Rot: Take-all is primarily a wheat disease; compound label conflating multiple diseases is vague/unusual for rice.
    ?  Water Mold: Vague term referring to oomycetes (e.g., Achlya, Pythium) that can affect rice seedlings; not a specific disease.

  ~ SIMILAR: Bacterial Leaf Blight | Bacterial Leaf Blight Of Rice | Mild Bacterial Blight | Severe Bacterial Blight
    All refer to the same disease (bacterial leaf blight caused by Xanthomonas oryzae pv. oryzae), with redundant naming and severity variants.

  ~ SIMILAR: Blast | Rice Blast Disease | Mild Blast | Severe Blast | Pyricularia Grisea Sacc
    All refer to rice blast disease or its pathogen, with redundant naming and severity variants.

  ~ SIMILAR: Brown Spot | Mild Brownspot | Severe Brownspot | Bipolaris Oryzae Sawada
    All refer to brown spot of rice or its causal pathogen, with severity variants.

  ~ SIMILAR: Tungro | Mild Tungro | Severe Tungro
    All refer to the same rice tungro disease with severity qualifiers.

  ~ SIMILAR: Aggregate Sheath Spot | Sheath Spot Of Rice
    Both refer to Rhizoctonia oryzae-sativae sheath spot disease of rice.

  ~ SIMILAR: Sheath Rot Of Rice | Take-All Root Rot Sheath Rot
    Both reference sheath rot; the compound label overlaps with the standard sheath rot disease.

  ~ SIMILAR: White Leaf Streak Of Rice | Eballistra Oryzae | Microdochium Albescens
    Eballistra oryzae is the causal agent of white leaf streak; Microdochium albescens (leaf scald) is distinct but frequently confused with similar foliar symptoms.

  ~ SIMILAR: Brown Spot | Bipolaris Oryzae Sawada
    Bipolaris oryzae is the causal agent of brown spot of rice.

  ~ SIMILAR: Pythium Diseases | Water Mold | Rhizoctonia Damping-Off
    All relate to seedling damping-off / water mold complex in rice nurseries.

  SUMMARY: The list contains many well-documented rice diseases (blast, brown spot, sheath blight, bacterial leaf blight, tungro, false smut, sheath rot, narrow brown leaf spot) but is heavily diluted by severity-qualified duplicates (mild/severe variants), pathogen names used in place of disease names (e.g., Bipolaris oryzae, Pyricularia grisea, Nakataea oryzae, Eballistra oryzae, Curvularia lunata), and some vague or mislabeled entries (Fusarium Wilts, Take-All Root Rot Sheath Rot, Water Mold, Leaf Blight). Consolidating duplicates, replacing pathogen names with proper disease names, and removing non-rice or non-disease entries would significantly improve label quality and reduce redundancy.

######################################################################
# [432/544]  Risk Tree
# LAYER 1 — Crop Validation
######################################################################

──────────────────────────────────────────────────────────────────────
[432/544]  CROP: Risk Tree
──────────────────────────────────────────────────────────────────────
  Node A (real plant?)     : NO
  Node B (cultivated crop?): N/A
  Node C (name correct?)   : N/A
  Verdict   : INVALID
  Category  : other
  Notes     : Not a plant or crop; appears to be an analytical/decision-tree label rather than a botanical entity.

  → Skipping disease check (crop verdict: INVALID)

######################################################################
# [433/544]  Rocketsalad
# LAYER 1 — Crop Validation
######################################################################

──────────────────────────────────────────────────────────────────────
[433/544]  CROP: Rocketsalad
──────────────────────────────────────────────────────────────────────
  Node A (real plant?)     : YES
  Node B (cultivated crop?): YES
  Node C (name correct?)   : NO
  Verdict   : MISSPELLED_OR_UNSTANDARDISED
  Category  : vegetable
  Canonical : Rocket (Eruca sativa)
  Notes     : Should be written as two words 'Rocket salad' or simply 'Rocket' (also known as arugula).

# LAYER 2 — Disease Label Check
  Judging 1 diseases... done

======================================================================
[433/544]  DISEASES — CROP: Rocketsalad
======================================================================
  Total: 1  |  CORRECT: 1  QUESTIONABLE: 0  INCORRECT: 0

  SUMMARY: The single label provided is a valid and economically significant disease of rocket salad. No duplicates or overlaps to flag. Overall label quality is acceptable, though the list is very limited given that rocket is also affected by white rust, leaf spots, and Fusarium wilt.

######################################################################
# [434/544]  Root-Maggot Flies
# LAYER 1 — Crop Validation
######################################################################

──────────────────────────────────────────────────────────────────────
[434/544]  CROP: Root-Maggot Flies
──────────────────────────────────────────────────────────────────────
  Node A (real plant?)     : NO
  Node B (cultivated crop?): N/A
  Node C (name correct?)   : N/A
  Verdict   : INVALID
  Category  : other
  Notes     : Root-maggot flies (Anthomyiidae) are insect pests, not a plant or crop.

  → Skipping disease check (crop verdict: INVALID)

######################################################################
# [435/544]  Rose
# LAYER 1 — Crop Validation
######################################################################

──────────────────────────────────────────────────────────────────────
[435/544]  CROP: Rose
──────────────────────────────────────────────────────────────────────
  Node A (real plant?)     : YES
  Node B (cultivated crop?): YES
  Node C (name correct?)   : YES
  Verdict   : VALID
  Category  : ornamental

# LAYER 2 — Disease Label Check
  Judging 14 diseases... done

======================================================================
[435/544]  DISEASES — CROP: Rose
======================================================================
  Total: 14  |  CORRECT: 9  QUESTIONABLE: 3  INCORRECT: 2

  INCORRECT:
    x  Dry Leaf: This is a generic symptom description, not a recognized disease of roses.
    x  Leaf Holes: Leaf holes are a symptom typically caused by chewing insects or mechanical damage, not a disease.

  QUESTIONABLE:
    ?  Rosisphaerella Rosicola: This appears to be a misspelling of the pathogen genus (likely Sphaerulina rosicola or Mycosphaerella rosicola, cause of Cercospora/black mildew leaf spot) rather than a proper disease name.
    ?  Stem Canker: Stem canker is a generic symptom term on roses (caused by various pathogens like Coniothyrium, Botryosphaeria); without specifying the causal agent the label is vague.
    ?  Twig And Leaf Blight: Generic descriptive term that overlaps with Phomopsis twig blight and other recognized rose blights; not a distinct named disease.

  ~ SIMILAR: Phomopsis Cankers And Twig Blights | Twig And Leaf Blight | Stem Canker
    All three labels describe overlapping canker/blight symptoms on rose stems and twigs, with Phomopsis being a likely causal agent included in the broader generic terms.

  ~ SIMILAR: Rosisphaerella Rosicola | Black Spot
    Rosisphaerella/Mycosphaerella-type leaf spots on roses are easily confused with or grouped under the Diplocarpon rosae black spot complex.

  SUMMARY: The list contains mostly well-established rose diseases (Black Spot, Powdery Mildew, Rose Rust, Rose Rosette, Downy Mildew, Gray Mold, Crown Gall, Apple Mosaic Virus, Phomopsis). However, several entries are problematic: 'Dry Leaf' and 'Leaf Holes' are symptoms or pest damage rather than diseases, 'Rosisphaerella Rosicola' appears misspelled and names a pathogen rather than a disease, and 'Stem Canker' and 'Twig And Leaf Blight' are vague generic terms that overlap with the more specific Phomopsis entry. Consolidating the canker/blight labels and removing non-disease entries would improve the registry quality.

######################################################################
# [436/544]  Rosemary
# LAYER 1 — Crop Validation
######################################################################

──────────────────────────────────────────────────────────────────────
[436/544]  CROP: Rosemary
──────────────────────────────────────────────────────────────────────
  Node A (real plant?)     : YES
  Node B (cultivated crop?): YES
  Node C (name correct?)   : YES
  Verdict   : VALID
  Category  : herb_spice

# LAYER 2 — Disease Label Check
  Judging 1 diseases... done

======================================================================
[436/544]  DISEASES — CROP: Rosemary
======================================================================
  Total: 1  |  CORRECT: 1  QUESTIONABLE: 0  INCORRECT: 0

  SUMMARY: The single label provided is a legitimate and commonly reported disease of rosemary. No duplicates or overlapping entries exist. Overall label quality is good, though specifying the causal pathogen would improve precision.

######################################################################
# [437/544]  Rush Skeletonweed
# LAYER 1 — Crop Validation
######################################################################

──────────────────────────────────────────────────────────────────────
[437/544]  CROP: Rush Skeletonweed
──────────────────────────────────────────────────────────────────────
  Node A (real plant?)     : YES
  Node B (cultivated crop?): NO
  Node C (name correct?)   : N/A
  Verdict   : NON_CROP
  Category  : other
  Notes     : Chondrilla juncea is an invasive weed, not a cultivated crop.

  → Skipping disease check (crop verdict: NON_CROP)

######################################################################
# [438/544]  Rye
# LAYER 1 — Crop Validation
######################################################################

──────────────────────────────────────────────────────────────────────
[438/544]  CROP: Rye
──────────────────────────────────────────────────────────────────────
  Node A (real plant?)     : YES
  Node B (cultivated crop?): YES
  Node C (name correct?)   : YES
  Verdict   : VALID
  Category  : cereal

# LAYER 2 — Disease Label Check
  Judging 2 diseases... done

======================================================================
[438/544]  DISEASES — CROP: Rye
======================================================================
  Total: 2  |  CORRECT: 2  QUESTIONABLE: 0  INCORRECT: 0

  SUMMARY: Both labels are well-documented diseases of rye, with ergot being particularly notorious on this crop. The labels are distinct with no overlap or duplication. Overall label quality is high.

######################################################################
# [439/544]  Sage Herbs
# LAYER 1 — Crop Validation
######################################################################

──────────────────────────────────────────────────────────────────────
[439/544]  CROP: Sage Herbs
──────────────────────────────────────────────────────────────────────
  Node A (real plant?)     : YES
  Node B (cultivated crop?): YES
  Node C (name correct?)   : NO
  Verdict   : MISSPELLED_OR_UNSTANDARDISED
  Category  : herb_spice
  Canonical : Sage
  Notes     : Standard common name is 'Sage' (Salvia officinalis); 'Sage Herbs' is a non-standard label.

# LAYER 2 — Disease Label Check
  Judging 7 diseases... done

======================================================================
[439/544]  DISEASES — CROP: Sage Herbs
======================================================================
  Total: 7  |  CORRECT: 4  QUESTIONABLE: 2  INCORRECT: 1

  INCORRECT:
    x  Mint Rust: Mint rust (Puccinia menthae) is specific to Mentha species and does not infect sage; sage rust is caused by a different pathogen.

  QUESTIONABLE:
    ?  Alfalfa Mosaic Virus: AMV has a broad host range and can infect sage, but it is an uncommon and not well-documented disease specifically on Salvia officinalis.
    ?  Rust: Rust is a real disease concern (Puccinia salviae on sage), but the label is vague and generic rather than specifying the pathogen or sage-specific rust.

  ~ SIMILAR: Mint Rust | Rust
    Both refer to rust fungal diseases; 'Mint Rust' is incorrectly applied here while 'Rust' is the generic form that would apply to sage.

  SUMMARY: The label set is mostly appropriate for sage with several well-documented fungal and bacterial diseases correctly included. Key issues are the inclusion of 'Mint Rust' which is host-specific to Mentha and does not affect sage, and the overlapping vague 'Rust' entry which should specify sage rust (Puccinia salviae). The Alfalfa Mosaic Virus entry is a questionable association requiring verification for this crop.

######################################################################
# [440/544]  Sagebrush
# LAYER 1 — Crop Validation
######################################################################

──────────────────────────────────────────────────────────────────────
[440/544]  CROP: Sagebrush
──────────────────────────────────────────────────────────────────────
  Node A (real plant?)     : YES
  Node B (cultivated crop?): NO
  Node C (name correct?)   : N/A
  Verdict   : NON_CROP
  Category  : other
  Notes     : Sagebrush (Artemisia tridentata) is a wild shrub of arid rangelands, not cultivated as an agricultural or horticultural crop.

  → Skipping disease check (crop verdict: NON_CROP)

######################################################################
# [441/544]  Saguaro
# LAYER 1 — Crop Validation
######################################################################

──────────────────────────────────────────────────────────────────────
[441/544]  CROP: Saguaro
──────────────────────────────────────────────────────────────────────
  Node A (real plant?)     : YES
  Node B (cultivated crop?): NO
  Node C (name correct?)   : N/A
  Verdict   : NON_CROP
  Category  : other
  Notes     : Saguaro (Carnegiea gigantea) is a wild desert cactus, not cultivated as an agricultural or horticultural crop.

  → Skipping disease check (crop verdict: NON_CROP)

######################################################################
# [442/544]  Saltcedar
# LAYER 1 — Crop Validation
######################################################################

──────────────────────────────────────────────────────────────────────
[442/544]  CROP: Saltcedar
──────────────────────────────────────────────────────────────────────
  Node A (real plant?)     : YES
  Node B (cultivated crop?): NO
  Node C (name correct?)   : N/A
  Verdict   : NON_CROP
  Category  : other
  Canonical : Saltcedar (Tamarix spp.)
  Notes     : Saltcedar is a wild/invasive shrub-tree, not cultivated as an agricultural or horticultural crop.

  → Skipping disease check (crop verdict: NON_CROP)

######################################################################
# [443/544]  Sapote
# LAYER 1 — Crop Validation
######################################################################

──────────────────────────────────────────────────────────────────────
[443/544]  CROP: Sapote
──────────────────────────────────────────────────────────────────────
  Node A (real plant?)     : YES
  Node B (cultivated crop?): YES
  Node C (name correct?)   : YES
  Verdict   : VALID
  Category  : fruit

# LAYER 2 — Disease Label Check
  Judging 1 diseases... done

======================================================================
[443/544]  DISEASES — CROP: Sapote
======================================================================
  Total: 1  |  CORRECT: 0  QUESTIONABLE: 1  INCORRECT: 0

  QUESTIONABLE:
    ?  Cercospora Fungus: Names a pathogen genus (Cercospora) rather than a specific disease; while Cercospora leaf spot can affect sapote, the label is vague and non-standard.

  SUMMARY: The single label provided is too generic, referring to a fungal genus rather than a defined disease. A more precise label such as 'Cercospora Leaf Spot' would be appropriate for sapote. Overall label quality is poor due to vagueness.

######################################################################
# [444/544]  Sassafras
# LAYER 1 — Crop Validation
######################################################################

──────────────────────────────────────────────────────────────────────
[444/544]  CROP: Sassafras
──────────────────────────────────────────────────────────────────────
  Node A (real plant?)     : YES
  Node B (cultivated crop?): YES
  Node C (name correct?)   : YES
  Verdict   : VALID
  Category  : tree_crop

# LAYER 2 — Disease Label Check
  Judging 1 diseases... done

======================================================================
[444/544]  DISEASES — CROP: Sassafras
======================================================================
  Total: 1  |  CORRECT: 1  QUESTIONABLE: 0  INCORRECT: 0

  SUMMARY: The single label provided is a valid and well-documented disease of sassafras. No duplicates or overlapping entries exist given only one disease is listed. Overall label quality is good.

######################################################################
# [445/544]  Satsuki Azalea
# LAYER 1 — Crop Validation
######################################################################

──────────────────────────────────────────────────────────────────────
[445/544]  CROP: Satsuki Azalea
──────────────────────────────────────────────────────────────────────
  Node A (real plant?)     : YES
  Node B (cultivated crop?): YES
  Node C (name correct?)   : YES
  Verdict   : VALID
  Category  : ornamental

# LAYER 2 — Disease Label Check
  Judging 1 diseases... done

======================================================================
[445/544]  DISEASES — CROP: Satsuki Azalea
======================================================================
  Total: 1  |  CORRECT: 0  QUESTIONABLE: 1  INCORRECT: 0

  QUESTIONABLE:
    ?  Exobasidium Fungus: Names a pathogen genus (Exobasidium) rather than the disease; the correct disease name is azalea leaf gall or leaf/flower gall caused by Exobasidium vaccinii / E. japonicum.

  SUMMARY: Exobasidium species do cause leaf and flower gall on azaleas including Satsuki cultivars, so the association is valid, but the label identifies the fungal genus instead of the disease itself. A more accurate label would be 'Azalea Leaf Gall' or 'Exobasidium Leaf Gall.' Overall the entry is real but poorly specified.

######################################################################
# [446/544]  Scaly Pholiota
# LAYER 1 — Crop Validation
######################################################################

──────────────────────────────────────────────────────────────────────
[446/544]  CROP: Scaly Pholiota
──────────────────────────────────────────────────────────────────────
  Node A (real plant?)     : YES
  Node B (cultivated crop?): NO
  Node C (name correct?)   : N/A
  Verdict   : NON_CROP
  Category  : other
  Canonical : Pholiota squarrosa
  Notes     : Scaly Pholiota (Pholiota squarrosa) is a wild saprotrophic/parasitic mushroom, not a cultivated crop, and is generally considered inedible or mildly toxic.

  → Skipping disease check (crop verdict: NON_CROP)

######################################################################
# [447/544]  Scarlet Elfcup
# LAYER 1 — Crop Validation
######################################################################

──────────────────────────────────────────────────────────────────────
[447/544]  CROP: Scarlet Elfcup
──────────────────────────────────────────────────────────────────────
  Node A (real plant?)     : YES
  Node B (cultivated crop?): NO
  Node C (name correct?)   : N/A
  Verdict   : NON_CROP
  Category  : other
  Notes     : Sarcoscypha coccinea is a wild woodland fungus, not a cultivated crop.

  → Skipping disease check (crop verdict: NON_CROP)

######################################################################
# [448/544]  Schefflera
# LAYER 1 — Crop Validation
######################################################################

──────────────────────────────────────────────────────────────────────
[448/544]  CROP: Schefflera
──────────────────────────────────────────────────────────────────────
  Node A (real plant?)     : YES
  Node B (cultivated crop?): YES
  Node C (name correct?)   : YES
  Verdict   : VALID
  Category  : ornamental

# LAYER 2 — Disease Label Check
  Judging 1 diseases... done

======================================================================
[448/544]  DISEASES — CROP: Schefflera
======================================================================
  Total: 1  |  CORRECT: 1  QUESTIONABLE: 0  INCORRECT: 0

  SUMMARY: The single label provided is a legitimate and commonly reported disease of Schefflera. No duplicates or overlapping entries exist in this minimal list. Overall quality of the entry is acceptable, though a broader registry would benefit from including other known Schefflera issues such as Alternaria leaf spot, Pseudomonas leaf blight, and root rots.

######################################################################
# [449/544]  Scurf
# LAYER 1 — Crop Validation
######################################################################

──────────────────────────────────────────────────────────────────────
[449/544]  CROP: Scurf
──────────────────────────────────────────────────────────────────────
  Node A (real plant?)     : YES
  Node B (cultivated crop?): NO
  Node C (name correct?)   : N/A
  Verdict   : NON_CROP
  Category  : other
  Notes     : Scurf refers to a plant disease symptom (e.g., silver scurf, black scurf on potato) or a skin/scaly condition, not a cultivated crop.

  → Skipping disease check (crop verdict: NON_CROP)

######################################################################
# [450/544]  Seifertia Azaleae
# LAYER 1 — Crop Validation
######################################################################

──────────────────────────────────────────────────────────────────────
[450/544]  CROP: Seifertia Azaleae
──────────────────────────────────────────────────────────────────────
  Node A (real plant?)     : ?
  Node B (cultivated crop?): ?
  Node C (name correct?)   : ?
  Verdict   : ERROR
  Category  : 

  → Skipping disease check (crop verdict: ERROR)

######################################################################
# [451/544]  Serviceberry
# LAYER 1 — Crop Validation
######################################################################

──────────────────────────────────────────────────────────────────────
[451/544]  CROP: Serviceberry
──────────────────────────────────────────────────────────────────────
  Node A (real plant?)     : YES
  Node B (cultivated crop?): YES
  Node C (name correct?)   : YES
  Verdict   : VALID
  Category  : fruit

# LAYER 2 — Disease Label Check
  Judging 5 diseases... done

======================================================================
[451/544]  DISEASES — CROP: Serviceberry
======================================================================
  Total: 5  |  CORRECT: 3  QUESTIONABLE: 2  INCORRECT: 0

  QUESTIONABLE:
    ?  Gynosporanium Rusts: Misspelling of Gymnosporangium, and the label names the pathogen genus rather than a specific disease, though Gymnosporangium rusts do affect serviceberry.
    ?  Pestalotiopsis Fungus: Names a pathogen genus rather than a disease, and Pestalotiopsis is more commonly a weak/secondary pathogen rather than a well-established serviceberry disease.

  ~ SIMILAR: Gynosporanium Rusts | Quince Rust
    Quince rust is caused by Gymnosporangium clavipes, so it falls within the broader 'Gymnosporangium rusts' category, making these labels overlapping.

  SUMMARY: The list captures the major serviceberry diseases (anthracnose, powdery mildew, and Gymnosporangium/quince rust), but contains a misspelling ('Gynosporanium') and two entries ('Gynosporanium Rusts', 'Pestalotiopsis Fungus') that name pathogen genera rather than specific diseases. There is also redundancy between the generic Gymnosporangium rusts entry and the specific quince rust entry.

######################################################################
# [452/544]  Shaggy Mane
# LAYER 1 — Crop Validation
######################################################################

──────────────────────────────────────────────────────────────────────
[452/544]  CROP: Shaggy Mane
──────────────────────────────────────────────────────────────────────
  Node A (real plant?)     : YES
  Node B (cultivated crop?): NO
  Node C (name correct?)   : N/A
  Verdict   : NON_CROP
  Category  : other
  Canonical : Shaggy Mane (Coprinus comatus)
  Notes     : Shaggy Mane is a mushroom (fungus), not a plant; while edible and occasionally foraged or cultivated, it is not a plant-based crop.

  → Skipping disease check (crop verdict: NON_CROP)

######################################################################
# [453/544]  Shaggy Parasol
# LAYER 1 — Crop Validation
######################################################################

──────────────────────────────────────────────────────────────────────
[453/544]  CROP: Shaggy Parasol
──────────────────────────────────────────────────────────────────────
  Node A (real plant?)     : YES
  Node B (cultivated crop?): NO
  Node C (name correct?)   : N/A
  Verdict   : NON_CROP
  Category  : other
  Notes     : Shaggy Parasol (Chlorophyllum rhacodes) is a wild edible mushroom, not a cultivated agricultural or horticultural crop.

  → Skipping disease check (crop verdict: NON_CROP)

######################################################################
# [454/544]  Shepherd S-Purse
# LAYER 1 — Crop Validation
######################################################################

──────────────────────────────────────────────────────────────────────
[454/544]  CROP: Shepherd S-Purse
──────────────────────────────────────────────────────────────────────
  Node A (real plant?)     : YES
  Node B (cultivated crop?): NO
  Node C (name correct?)   : N/A
  Verdict   : NON_CROP
  Category  : other
  Canonical : Shepherd's Purse (Capsella bursa-pastoris)
  Notes     : Shepherd's purse is a common wild weed; occasionally foraged or used in herbal medicine but not typically cultivated as an agricultural crop.

  → Skipping disease check (crop verdict: NON_CROP)

######################################################################
# [455/544]  Short-Stemmed Russula
# LAYER 1 — Crop Validation
######################################################################

──────────────────────────────────────────────────────────────────────
[455/544]  CROP: Short-Stemmed Russula
──────────────────────────────────────────────────────────────────────
  Node A (real plant?)     : YES
  Node B (cultivated crop?): NO
  Node C (name correct?)   : N/A
  Verdict   : NON_CROP
  Category  : other
  Canonical : Russula brevipes
  Notes     : A wild mushroom (fungus), not a cultivated agricultural or horticultural crop.

  → Skipping disease check (crop verdict: NON_CROP)

######################################################################
# [456/544]  Slippery Jack
# LAYER 1 — Crop Validation
######################################################################

──────────────────────────────────────────────────────────────────────
[456/544]  CROP: Slippery Jack
──────────────────────────────────────────────────────────────────────
  Node A (real plant?)     : YES
  Node B (cultivated crop?): NO
  Node C (name correct?)   : N/A
  Verdict   : NON_CROP
  Category  : other
  Canonical : Slippery Jack (Suillus luteus)
  Notes     : Slippery Jack is a wild edible mushroom (Suillus luteus), a fungus rather than a plant, and is foraged rather than cultivated as a crop.

  → Skipping disease check (crop verdict: NON_CROP)

######################################################################
# [457/544]  Soft Artist S Conk
# LAYER 1 — Crop Validation
######################################################################

──────────────────────────────────────────────────────────────────────
[457/544]  CROP: Soft Artist S Conk
──────────────────────────────────────────────────────────────────────
  Node A (real plant?)     : YES
  Node B (cultivated crop?): NO
  Node C (name correct?)   : N/A
  Verdict   : NON_CROP
  Category  : other
  Canonical : Ganoderma applanatum
  Notes     : Refers to the Artist's Conk, a wild wood-decay bracket fungus, not a cultivated crop.

  → Skipping disease check (crop verdict: NON_CROP)

######################################################################
# [458/544]  Solenostemon
# LAYER 1 — Crop Validation
######################################################################

──────────────────────────────────────────────────────────────────────
[458/544]  CROP: Solenostemon
──────────────────────────────────────────────────────────────────────
  Node A (real plant?)     : YES
  Node B (cultivated crop?): YES
  Node C (name correct?)   : NO
  Verdict   : MISSPELLED_OR_UNSTANDARDISED
  Category  : ornamental
  Canonical : Coleus (Plectranthus scutellarioides)
  Notes     : Solenostemon is an outdated genus name; the plant is now classified as Plectranthus scutellarioides and commonly known as Coleus, grown as an ornamental.

# LAYER 2 — Disease Label Check
  Judging 1 diseases... done

======================================================================
[458/544]  DISEASES — CROP: Solenostemon
======================================================================
  Total: 1  |  CORRECT: 1  QUESTIONABLE: 0  INCORRECT: 0

  SUMMARY: The single label provided is a valid and well-known disease of Solenostemon (coleus). Coleus downy mildew has been a recognized ornamental disease since the mid-2000s. No duplicates or overlaps exist in a one-item list.

######################################################################
# [459/544]  Sorghum  Type Unspecified
# LAYER 1 — Crop Validation
######################################################################

──────────────────────────────────────────────────────────────────────
[459/544]  CROP: Sorghum  Type Unspecified
──────────────────────────────────────────────────────────────────────
  Node A (real plant?)     : YES
  Node B (cultivated crop?): YES
  Node C (name correct?)   : NO
  Verdict   : MISSPELLED_OR_UNSTANDARDISED
  Category  : cereal
  Canonical : Sorghum
  Notes     : Input contains an unnecessary 'Type Unspecified' qualifier and a double space; standardised name is simply 'Sorghum'.

# LAYER 2 — Disease Label Check
  Judging 1 diseases... done

======================================================================
[459/544]  DISEASES — CROP: Sorghum Type Unspecified
======================================================================
  Total: 1  |  CORRECT: 0  QUESTIONABLE: 1  INCORRECT: 0

  QUESTIONABLE:
    ?  Ascochyta Fungi: Names a fungal genus (Ascochyta) rather than a specific disease, and Ascochyta species are not a well-documented major pathogen of sorghum (they are primarily associated with legumes and small grains).

  SUMMARY: The single label provided is problematic because it references a pathogen genus rather than a defined disease and lacks a clear, well-established association with sorghum. Labels should specify the disease name (e.g., 'Ascochyta leaf spot') and be validated against the target crop. Overall label quality is poor and requires revision.

######################################################################
# [460/544]  Sour Orange Scab
# LAYER 1 — Crop Validation
######################################################################

──────────────────────────────────────────────────────────────────────
[460/544]  CROP: Sour Orange Scab
──────────────────────────────────────────────────────────────────────
  Node A (real plant?)     : NO
  Node B (cultivated crop?): N/A
  Node C (name correct?)   : N/A
  Verdict   : INVALID
  Category  : other
  Notes     : This is a citrus disease (caused by Elsinoë fawcettii) affecting sour orange, not a crop itself.

  → Skipping disease check (crop verdict: INVALID)

######################################################################
# [461/544]  Soybean
# LAYER 1 — Crop Validation
######################################################################

──────────────────────────────────────────────────────────────────────
[461/544]  CROP: Soybean
──────────────────────────────────────────────────────────────────────
  Node A (real plant?)     : YES
  Node B (cultivated crop?): YES
  Node C (name correct?)   : YES
  Verdict   : VALID
  Category  : legume

# LAYER 2 — Disease Label Check
  Judging 58 diseases... done

======================================================================
[461/544]  DISEASES — CROP: Soybean
======================================================================
  Total: 58  |  CORRECT: 35  QUESTIONABLE: 21  INCORRECT: 2

  INCORRECT:
    x  Rhizobium Bacteria: Rhizobium is a beneficial nitrogen-fixing symbiont of soybean, not a disease.
    x  Wildfire Of Tobacco: Label refers to a tobacco disease; though Pseudomonas syringae pv. tabaci can infect soybean, the name specifies tobacco.

  QUESTIONABLE:
    ?  Bacterial Pustule Of Soybean Disease: Valid disease but the label is redundantly worded and duplicates 'Bacterial Pustule'.
    ?  Cercospora: Names the pathogen genus rather than a specific disease (e.g., Cercospora leaf blight or purple seed stain).
    ?  Cercospora Fungi: Refers to a fungal genus, not a specific disease of soybean.
    ?  Diaporthe: Names the pathogen genus rather than a specific disease (stem canker, pod and stem blight, or Phomopsis seed decay).
    ?  Diaporthe Fungus: Refers to a fungal genus, not a specific disease.
    ?  Fusarium Disease: Vague label; Fusarium causes several distinct soybean diseases (root rot, wilt, SDS).
    ?  Herbicide Injury: An abiotic disorder, not a disease, though commonly confused with disease symptoms in soybean.
    ?  Iron Deficiency Chlorosis: Nutrient deficiency disorder rather than an infectious disease, though a well-known soybean problem.
    ?  Phomopsis: Names the pathogen genus rather than a specific disease (e.g., Phomopsis seed decay).
    ?  Phyllosticta Leaf Spot: Phyllosticta leaf spot is rarely reported on soybean and is an unusual association.
    ?  Phytophthora: Names the pathogen genus rather than the specific disease (Phytophthora root and stem rot).
    ?  Potassium Deficiency: Nutrient deficiency, not a disease, though a common soybean field diagnosis.
    ?  Pythium: Names the pathogen genus rather than a specific disease (Pythium root rot/damping-off).
    ?  Pythium Diseases: Vague label grouping multiple Pythium-caused diseases rather than a specific one.
    ?  Rhizoctonia: Names the pathogen genus rather than a specific disease (Rhizoctonia root rot/damping-off).
    ?  Root And Stem Rot: Vague generic label; multiple pathogens cause root and stem rot in soybean.
    ?  Sclerotinia Timber Rot: Sclerotinia causes white mold on soybean; 'timber rot' is a nonstandard name typically used for tomato.
    ?  Septoria Leaf Blotch: Septoria leaf blotch is typically a wheat disease; on soybean it would be called Septoria brown spot.
    ?  Soybean Dwarf Mosaic Virus 2012: Appears to be a dated reference or variant name rather than a standard disease label.
    ?  Top Dieback: Generic symptom descriptor that may refer to red crown rot or other causes on soybean.
    ?  Xylaria Necrophora Garcia-Aroca: Names the pathogen species and describer rather than the disease (taproot decline).

  ~ SIMILAR: Bacterial Pustule | Bacterial Pustule Of Soybean Disease
    Same disease with redundant labeling.

  ~ SIMILAR: Rust | Soybean Rust
    Both refer to soybean rust caused by Phakopsora pachyrhizi.

  ~ SIMILAR: Brown Spot | Septoria Brown Spot | Septoria Leaf Blotch
    All refer to Septoria glycines leaf disease on soybean.

  ~ SIMILAR: Cercospora | Cercospora Blight | Cercospora Fungi
    Overlap between Cercospora genus and Cercospora kikuchii-caused blight.

  ~ SIMILAR: Cercospora Blight | Purple Seed Stain
    Both caused by Cercospora kikuchii, different symptom expressions of the same pathogen.

  ~ SIMILAR: Diaporthe | Diaporthe Fungus | Phomopsis | Pod And Stem Blight | Stem Canker
    All associated with Diaporthe/Phomopsis complex on soybean.

  ~ SIMILAR: Pythium | Pythium Diseases | Damping Off
    Pythium spp. are major damping-off pathogens in soybean.

  ~ SIMILAR: Rhizoctonia | Rhizoctonia Damping-Off | Damping Off
    Rhizoctonia solani causes damping-off; overlapping labels.

  ~ SIMILAR: Fusarium Disease | Fusarium Wilts | Sudden Death Syndrome
    All caused by Fusarium spp. on soybean.

  ~ SIMILAR: Phytophthora | Root And Stem Rot
    Phytophthora root and stem rot is a major specific cause of root and stem rot.

  ~ SIMILAR: White Mold | Sclerotinia Timber Rot
    Both caused by Sclerotinia sclerotiorum on soybean.

  ~ SIMILAR: Soybean Dwarf Virus | Soybean Dwarf Mosaic Virus 2012
    Appear to refer to the same or closely related luteovirus disease.

  ~ SIMILAR: Taproot Decline On Soybean | Xylaria Necrophora Garcia-Aroca
    Xylaria necrophora is the causal agent of taproot decline.

  SUMMARY: The soybean disease list covers most major pathogens well but contains multiple redundancies where pathogen genera (Cercospora, Diaporthe, Phomopsis, Phytophthora, Pythium, Rhizoctonia) are listed alongside specific diseases they cause. Several entries are not true diseases (Rhizobium as a beneficial symbiont, Herbicide Injury, nutrient deficiencies) or are mislabeled (Wildfire Of Tobacco, Septoria Leaf Blotch, Sclerotinia Timber Rot). Consolidating genus-level labels into their specific disease names and removing non-disease/abiotic entries would significantly improve label quality.

######################################################################
# [462/544]  Spinach
# LAYER 1 — Crop Validation
######################################################################

──────────────────────────────────────────────────────────────────────
[462/544]  CROP: Spinach
──────────────────────────────────────────────────────────────────────
  Node A (real plant?)     : YES
  Node B (cultivated crop?): YES
  Node C (name correct?)   : YES
  Verdict   : VALID
  Category  : vegetable

# LAYER 2 — Disease Label Check
  Judging 4 diseases... done

======================================================================
[462/544]  DISEASES — CROP: Spinach
======================================================================
  Total: 4  |  CORRECT: 3  QUESTIONABLE: 1  INCORRECT: 0

  QUESTIONABLE:
    ?  Cladosporium Fungi: Names a fungal genus rather than a specific disease affecting spinach.

  ~ SIMILAR: Cladosporium Fungi | Cladosporium Leaf Spot
    Both refer to the same Cladosporium pathogen; the first is the genus name while the second is the proper disease label.

  SUMMARY: Three of four entries are legitimate spinach diseases, with Downy Mildew, White Rust, and Cladosporium Leaf Spot all being well-documented. The 'Cladosporium Fungi' entry is a duplicate concept of Cladosporium Leaf Spot but labeled as a pathogen genus rather than a disease. Consolidating these two entries would improve label quality.

######################################################################
# [463/544]  Spindletree
# LAYER 1 — Crop Validation
######################################################################

──────────────────────────────────────────────────────────────────────
[463/544]  CROP: Spindletree
──────────────────────────────────────────────────────────────────────
  Node A (real plant?)     : YES
  Node B (cultivated crop?): YES
  Node C (name correct?)   : YES
  Verdict   : VALID
  Category  : ornamental
  Canonical : Spindle tree
  Notes     : Euonymus europaeus, cultivated as an ornamental shrub/small tree; also historically used for spindle-making wood.

# LAYER 2 — Disease Label Check
  Judging 3 diseases... done

======================================================================
[463/544]  DISEASES — CROP: Spindletree
======================================================================
  Total: 3  |  CORRECT: 3  QUESTIONABLE: 0  INCORRECT: 0

  SUMMARY: All three labels are well-documented diseases of Euonymus (spindletree) and are distinct in etiology and symptomatology. The list is accurate though short; no duplicates or overlaps were found. Labels could be slightly refined (e.g., specifying Phomopsis canker and twig blight as a single syndrome), but all entries are valid.

######################################################################
# [464/544]  Spleenwort
# LAYER 1 — Crop Validation
######################################################################

──────────────────────────────────────────────────────────────────────
[464/544]  CROP: Spleenwort
──────────────────────────────────────────────────────────────────────
  Node A (real plant?)     : YES
  Node B (cultivated crop?): NO
  Node C (name correct?)   : N/A
  Verdict   : NON_CROP
  Category  : other
  Notes     : Spleenwort (Asplenium spp.) is a wild fern, occasionally grown as an ornamental but not a standard agricultural or horticultural crop.

  → Skipping disease check (crop verdict: NON_CROP)

######################################################################
# [465/544]  Spongy Moth  Formerly Gypsy Moth
# LAYER 1 — Crop Validation
######################################################################

──────────────────────────────────────────────────────────────────────
[465/544]  CROP: Spongy Moth  Formerly Gypsy Moth
──────────────────────────────────────────────────────────────────────
  Node A (real plant?)     : ?
  Node B (cultivated crop?): ?
  Node C (name correct?)   : ?
  Verdict   : ERROR
  Category  : 

  → Skipping disease check (crop verdict: ERROR)

######################################################################
# [466/544]  Spring Polypore
# LAYER 1 — Crop Validation
######################################################################

──────────────────────────────────────────────────────────────────────
[466/544]  CROP: Spring Polypore
──────────────────────────────────────────────────────────────────────
  Node A (real plant?)     : YES
  Node B (cultivated crop?): NO
  Node C (name correct?)   : N/A
  Verdict   : NON_CROP
  Category  : other
  Notes     : Spring Polypore (Polyporus arcularius) is a wild wood-decaying bracket fungus, not a cultivated crop.

  → Skipping disease check (crop verdict: NON_CROP)

######################################################################
# [467/544]  Spruce
# LAYER 1 — Crop Validation
######################################################################

──────────────────────────────────────────────────────────────────────
[467/544]  CROP: Spruce
──────────────────────────────────────────────────────────────────────
  Node A (real plant?)     : YES
  Node B (cultivated crop?): YES
  Node C (name correct?)   : YES
  Verdict   : VALID
  Category  : tree_crop
  Notes     : Grown as timber and as an ornamental/Christmas tree.

# LAYER 2 — Disease Label Check
  Judging 17 diseases... done

======================================================================
[467/544]  DISEASES — CROP: Spruce
======================================================================
  Total: 17  |  CORRECT: 7  QUESTIONABLE: 9  INCORRECT: 1

  INCORRECT:
    x  Ectomycorrhizae: Ectomycorrhizae are beneficial symbiotic root fungi, not a disease.

  QUESTIONABLE:
    ?  Brown Felt Blight Of Pines: Brown felt blight (Herpotrichia) does affect spruce, but the label explicitly names pines rather than spruce.
    ?  Ceropsora Weirii: Likely a misspelling of Chrysomyxa weirii (spruce needle rust); names the pathogen rather than the disease and is misspelled.
    ?  Cytospora Kunzei Sacc: Names the pathogen (Leucostoma/Cytospora kunzei) with authority rather than the disease itself.
    ?  Diplodia Sapinea De Not: Diplodia sapinea primarily causes tip blight on pines; occurs on stressed spruce but is an unusual association and names the pathogen, not the disease.
    ?  Dothiostroma Fungus: Misspelling of Dothistroma; this needle blight is principally a pine disease and only rarely reported on spruce, and the label names a fungus genus, not a disease.
    ?  Red-Belted Fungus: Fomitopsis pinicola is a wood-decay fungus that can colonize spruce, typically as a saprophyte/weak parasite; entry names the fungus rather than a clearly defined disease.
    ?  Spruce Needle Castblight: Vague, malformed label conflating needle cast and needle blight without specifying a pathogen.
    ?  Stigmina Leaf Spot: Stigmina (Sirosphaera) needle cast occurs on spruce, but 'leaf spot' is an inaccurate descriptor for a conifer needle disease.
    ?  Truncatella Fungi: Names a fungal genus rather than a disease; Truncatella is only occasionally reported as a minor pathogen or endophyte on spruce.

  ~ SIMILAR: Cytospora Cankers | Cytospora Kunzei Sacc
    Both refer to Cytospora canker of spruce; the second entry just names the causal pathogen.

  ~ SIMILAR: Ceropsora Weirii | Spruce Needle Rusts | Spruce Broom Rust
    All are Chrysomyxa-related rust diseases of spruce; 'Ceropsora Weirii' appears to be a misspelled pathogen name overlapping with the needle rust group.

  ~ SIMILAR: Rhizosphaera Needle Cast | Spruce Needle Castblight | Stigmina Leaf Spot
    All describe needle cast/blight diseases of spruce and the malformed 'Needle Castblight' label likely duplicates one of these.

  SUMMARY: The list contains several legitimate spruce diseases (Cytospora canker, Rhizosphaera needle cast, Sirococcus blight, spruce broom rust, Tomentosus root disease) but quality is uneven. Many entries name pathogen genera/species with authority strings instead of diseases, include misspellings (Ceropsora, Dothiostroma, Castblight), reference primarily pine diseases, or list a beneficial symbiont (Ectomycorrhizae). Cleanup should standardize to disease names, fix spellings, merge Cytospora duplicates, and remove non-disease entries.

######################################################################
# [468/544]  Spurge
# LAYER 1 — Crop Validation
######################################################################

──────────────────────────────────────────────────────────────────────
[468/544]  CROP: Spurge
──────────────────────────────────────────────────────────────────────
  Node A (real plant?)     : YES
  Node B (cultivated crop?): NO
  Node C (name correct?)   : N/A
  Verdict   : NON_CROP
  Category  : other
  Notes     : Spurge (Euphorbia spp.) is generally a wild/weedy plant or ornamental; not typically cultivated as an agricultural crop.

  → Skipping disease check (crop verdict: NON_CROP)

######################################################################
# [469/544]  Squash
# LAYER 1 — Crop Validation
######################################################################

──────────────────────────────────────────────────────────────────────
[469/544]  CROP: Squash
──────────────────────────────────────────────────────────────────────
  Node A (real plant?)     : YES
  Node B (cultivated crop?): YES
  Node C (name correct?)   : YES
  Verdict   : VALID
  Category  : vegetable

# LAYER 2 — Disease Label Check
  Judging 31 diseases... done

======================================================================
[469/544]  DISEASES — CROP: Squash
======================================================================
  Total: 31  |  CORRECT: 20  QUESTIONABLE: 8  INCORRECT: 3

  INCORRECT:
    x  Clonostachys Rosea F: Clonostachys rosea is a biocontrol/mycoparasite fungus, not a squash pathogen.
    x  Powdery Mildew Hyperparasite: A hyperparasite (e.g., Ampelomyces quisqualis) is a beneficial biocontrol organism, not a disease.
    x  Slime Mold: Slime molds are saprophytic myxomycetes that grow on squash surfaces but do not cause disease.

  QUESTIONABLE:
    ?  Alternaria Black Molds Stem Cankers: Alternaria leaf blight affects squash, but the phrasing 'Black Molds Stem Cankers' is awkward and not a standard squash disease name.
    ?  Blossom End Rot: It is a calcium-related physiological disorder, not a true disease, though it does affect squash fruit.
    ?  Brown Spot: Vague label; 'brown spot' is not a canonical squash disease without specifying the pathogen.
    ?  Cercospora Fungi: Cercospora leaf spot occurs on cucurbits but the label names a genus rather than a disease.
    ?  Flower Blights: Generic category rather than a specific squash disease; pathogen not identified.
    ?  Passalora Cucurbiticola: This is a pathogen binomial rather than a disease name; it causes a minor leaf spot on cucurbits.
    ?  Plectosphaerella Fungus: Names a genus, not a disease; Plectosphaerella is an uncommon pathogen of cucurbits.
    ?  Septoria Leaf Blotch: Septoria cucurbitacearum has been reported on cucurbits but is uncommon on squash; minor disease.

  ~ SIMILAR: Fusarium Damping-Off | Pythium Diseases | Rhizoctonia Damping-Off
    All are seedling damping-off complexes with overlapping symptoms caused by different soilborne pathogens.

  ~ SIMILAR: Phytophthora Blight | Phytophthora Root And Crown Rots
    Both caused by Phytophthora spp. (often P. capsici) on squash with overlapping symptomatology on different plant parts.

  ~ SIMILAR: Papaya Ringspot Virus | Watermelon Mosaic Virus | Zucchini Yellow Mosaic Virus | Squash Mosaic Virus
    All are mosaic-inducing viruses of cucurbits producing similar foliar mottling and fruit distortion symptoms.

  ~ SIMILAR: Cercospora Fungi | Passalora Cucurbiticola
    Passalora (formerly Cercospora-like) and Cercospora are closely related leaf-spot genera that overlap taxonomically and symptomatically.

  ~ SIMILAR: Downy Mildew | Powdery Mildew
    Commonly confused visually at a glance despite being caused by very different organisms (oomycete vs. ascomycete).

  SUMMARY: The list captures most major squash diseases (viral, fungal, oomycete, and bacterial) accurately, but includes several non-disease or mislabeled entries such as Clonostachys rosea and Powdery Mildew Hyperparasite (biocontrol agents), Slime Mold (saprophyte), and Blossom End Rot (physiological disorder). Several labels name pathogen genera (Cercospora Fungi, Passalora Cucurbiticola, Plectosphaerella Fungus) rather than diseases, and a few are vague (Brown Spot, Flower Blights). Overall quality is moderate: good coverage of real pathogens, but the taxonomy and disease-vs-organism distinctions need cleanup.

######################################################################
# [470/544]  St  Johnswort
# LAYER 1 — Crop Validation
######################################################################

──────────────────────────────────────────────────────────────────────
[470/544]  CROP: St  Johnswort
──────────────────────────────────────────────────────────────────────
  Node A (real plant?)     : YES
  Node B (cultivated crop?): YES
  Node C (name correct?)   : NO
  Verdict   : MISSPELLED_OR_UNSTANDARDISED
  Category  : herb_spice
  Canonical : St. John's Wort
  Notes     : Cultivated medicinal herb (Hypericum perforatum); input has double space and missing punctuation/apostrophe.

# LAYER 2 — Disease Label Check
  Judging 2 diseases... done

======================================================================
[470/544]  DISEASES — CROP: St Johnswort
======================================================================
  Total: 2  |  CORRECT: 1  QUESTIONABLE: 1  INCORRECT: 0

  QUESTIONABLE:
    ?  Pestalotiopsis Leaf Spot: Pestalotiopsis spp. can infect many woody and ornamental hosts, but a documented Pestalotiopsis leaf spot specifically on St. Johnswort is not well established in the literature.

  SUMMARY: One label (Gray Mold) is a well-documented disease of St. Johnswort, while Pestalotiopsis Leaf Spot is plausible but not clearly established as a recognized disease of this host. Overall, the list is short and reasonably specific, with no duplicate or overlapping entries.

######################################################################
# [471/544]  Star Of Bethlehem
# LAYER 1 — Crop Validation
######################################################################

──────────────────────────────────────────────────────────────────────
[471/544]  CROP: Star Of Bethlehem
──────────────────────────────────────────────────────────────────────
  Node A (real plant?)     : YES
  Node B (cultivated crop?): YES
  Node C (name correct?)   : YES
  Verdict   : VALID
  Category  : ornamental
  Canonical : Star of Bethlehem
  Notes     : Ornithogalum umbellatum, grown as an ornamental bulb plant.

# LAYER 2 — Disease Label Check
  Judging 1 diseases... done

======================================================================
[471/544]  DISEASES — CROP: Star Of Bethlehem
======================================================================
  Total: 1  |  CORRECT: 1  QUESTIONABLE: 0  INCORRECT: 0

  SUMMARY: The single label 'Rust' is a legitimate disease of Star of Bethlehem, though it is somewhat generic since rust could be specified by causal pathogen (e.g., Uromyces ornithogali). Overall the list is accurate but minimal, and greater specificity would improve diagnostic value.

######################################################################
# [472/544]  Stinkhorn
# LAYER 1 — Crop Validation
######################################################################

──────────────────────────────────────────────────────────────────────
[472/544]  CROP: Stinkhorn
──────────────────────────────────────────────────────────────────────
  Node A (real plant?)     : YES
  Node B (cultivated crop?): NO
  Node C (name correct?)   : N/A
  Verdict   : NON_CROP
  Category  : other
  Notes     : Stinkhorn refers to fungi in the family Phallaceae, not a cultivated plant crop.

  → Skipping disease check (crop verdict: NON_CROP)

######################################################################
# [473/544]  Stonecrop
# LAYER 1 — Crop Validation
######################################################################

──────────────────────────────────────────────────────────────────────
[473/544]  CROP: Stonecrop
──────────────────────────────────────────────────────────────────────
  Node A (real plant?)     : YES
  Node B (cultivated crop?): YES
  Node C (name correct?)   : YES
  Verdict   : VALID
  Category  : ornamental
  Notes     : Stonecrop (Sedum spp.) is commonly cultivated as an ornamental groundcover and succulent.

# LAYER 2 — Disease Label Check
  Judging 3 diseases... done

======================================================================
[473/544]  DISEASES — CROP: Stonecrop
======================================================================
  Total: 3  |  CORRECT: 1  QUESTIONABLE: 2  INCORRECT: 0

  QUESTIONABLE:
    ?  Bacterial Black Stalk: Not a well-documented disease name specifically associated with Sedum/stonecrop; bacterial stem rots occur but this exact label is vague and unverified.
    ?  Tobacco Rattle Virus: TRV has a wide host range among ornamentals but documented natural infection of stonecrop (Sedum) is uncommon and not a routinely reported disease.

  ~ SIMILAR: Cucumber Mosaic Virus | Tobacco Rattle Virus
    Both are broad-host-range plant viruses causing mosaic/mottle symptoms on ornamentals, with overlapping symptomatology that can be confused without lab confirmation.

  SUMMARY: The label set is weak for stonecrop: only CMV is a well-supported association, while TRV is plausible but not commonly documented on Sedum. 'Bacterial Black Stalk' is not an established named disease of stonecrop and should be clarified or replaced with a recognized bacterial soft rot/stem rot designation.

######################################################################
# [474/544]  Strawberry
# LAYER 1 — Crop Validation
######################################################################

──────────────────────────────────────────────────────────────────────
[474/544]  CROP: Strawberry
──────────────────────────────────────────────────────────────────────
  Node A (real plant?)     : YES
  Node B (cultivated crop?): YES
  Node C (name correct?)   : YES
  Verdict   : VALID
  Category  : fruit

# LAYER 2 — Disease Label Check
  Judging 12 diseases... done

======================================================================
[474/544]  DISEASES — CROP: Strawberry
======================================================================
  Total: 12  |  CORRECT: 8  QUESTIONABLE: 3  INCORRECT: 1

  INCORRECT:
    x  Bread Mold: Bread mold (Rhizopus) on bread is not a recognized strawberry field disease; Rhizopus rot of fruit is the accepted label.

  QUESTIONABLE:
    ?  Leaf Spot: Generic label; strawberry has multiple leaf spot diseases (common/Mycosphaerella, angular, scorch) so the specific pathogen is unclear.
    ?  Phytoplasma: Names a pathogen group rather than a specific strawberry disease (e.g., strawberry green petal or multiplier disease).
    ?  Ramularia Grevilleana Verkley: Names the pathogen (teleomorph Mycosphaerella fragariae) rather than the disease, which is common leaf spot of strawberry.

  ~ SIMILAR: Leaf Spot | Ramularia Grevilleana Verkley
    Ramularia grevilleana (Mycosphaerella fragariae) is the causal agent of common leaf spot, so these two labels likely refer to the same disease.

  ~ SIMILAR: Gray Mold | Blossom Blight
    Both are commonly caused by Botrytis cinerea; blossom blight is the flower-stage expression of gray mold and often grouped together.

  ~ SIMILAR: Bread Mold | Gray Mold
    Potential confusion between Rhizopus (bread/fruit mold) and Botrytis (gray mold); both are post-harvest fruit rots and labels may overlap in practice.

  SUMMARY: Most labels are legitimate strawberry diseases, but several entries are imprecise: 'Leaf Spot' is generic, 'Phytoplasma' names a pathogen group, and 'Ramularia Grevilleana Verkley' uses the pathogen binomial rather than the disease name (common leaf spot). 'Bread Mold' is not a standard strawberry disease term and should be replaced with 'Rhizopus Fruit Rot' if that is the intended label. Overall the list has meaningful redundancy between leaf-spot entries and between Botrytis-related blight/mold entries.

######################################################################
# [475/544]  Sudden Oak Death
# LAYER 1 — Crop Validation
######################################################################

──────────────────────────────────────────────────────────────────────
[475/544]  CROP: Sudden Oak Death
──────────────────────────────────────────────────────────────────────
  Node A (real plant?)     : ?
  Node B (cultivated crop?): ?
  Node C (name correct?)   : ?
  Verdict   : ERROR
  Category  : 

  → Skipping disease check (crop verdict: ERROR)

######################################################################
# [476/544]  Sugarcane
# LAYER 1 — Crop Validation
######################################################################

──────────────────────────────────────────────────────────────────────
[476/544]  CROP: Sugarcane
──────────────────────────────────────────────────────────────────────
  Node A (real plant?)     : YES
  Node B (cultivated crop?): YES
  Node C (name correct?)   : YES
  Verdict   : VALID
  Category  : other

# LAYER 2 — Disease Label Check
  Judging 17 diseases... done

======================================================================
[476/544]  DISEASES — CROP: Sugarcane
======================================================================
  Total: 17  |  CORRECT: 11  QUESTIONABLE: 5  INCORRECT: 1

  INCORRECT:
    x  Dried Leaves: Dried leaves is a symptom/senescence condition, not a disease.

  QUESTIONABLE:
    ?  Banded Chlorosis: Banded chlorosis is an abiotic/physiological disorder (often cold-related) rather than a true infectious disease.
    ?  Common Rust: Sugarcane rusts are typically classified as brown or orange rust; 'common rust' is not a standard sugarcane disease name and likely duplicates brown rust.
    ?  Leaf Mosaic Virus: Vague virus label; likely refers to Sugarcane Mosaic Virus and duplicates that entry.
    ?  Red Spot: Ambiguous label; may refer to red rot, red stripe, or red spot of midrib — the specific disease is unclear.
    ?  Streak Mosaic Scsmv: Refers to Sugarcane Streak Mosaic Virus but the label is malformed and mixes disease and acronym.

  ~ SIMILAR: Brown Rust | Common Rust
    'Common Rust' is not a standard sugarcane term and likely refers to brown rust, creating duplication.

  ~ SIMILAR: Leaf Mosaic Virus | Sugarcane Mosaic Virus | Streak Mosaic Scsmv
    All three refer to mosaic-type viral diseases of sugarcane and the generic 'Leaf Mosaic Virus' likely duplicates one of the specific viruses.

  ~ SIMILAR: Yellow Leaf | Yellow Spot
    Distinct diseases but similarly named with yellow symptomology, prone to labeling confusion.

  SUMMARY: The list covers most major sugarcane diseases accurately, including smut, rusts, pokkah boeng, leaf scald, grassy shoot, and the main viruses. Quality issues include a non-disease entry ('Dried Leaves'), ambiguous labels ('Red Spot', 'Leaf Mosaic Virus', 'Common Rust'), and a malformed viral label ('Streak Mosaic Scsmv') that likely overlaps with Sugarcane Mosaic Virus. Consolidating the mosaic/rust duplicates and clarifying vague entries would significantly improve the taxonomy.

######################################################################
# [477/544]  Sunflower
# LAYER 1 — Crop Validation
######################################################################

──────────────────────────────────────────────────────────────────────
[477/544]  CROP: Sunflower
──────────────────────────────────────────────────────────────────────
  Node A (real plant?)     : YES
  Node B (cultivated crop?): YES
  Node C (name correct?)   : YES
  Verdict   : VALID
  Category  : oilseed

# LAYER 2 — Disease Label Check
  Judging 4 diseases... done

======================================================================
[477/544]  DISEASES — CROP: Sunflower
======================================================================
  Total: 4  |  CORRECT: 3  QUESTIONABLE: 1  INCORRECT: 0

  QUESTIONABLE:
    ?  Sclerotinia Timber Rot: Sclerotinia (S. sclerotiorum) does cause stalk/head rot in sunflower, but 'Timber Rot' is a tomato-specific common name and is not the standard term for the sunflower disease.

  SUMMARY: Three of the four labels are correct and well-documented sunflower diseases. 'Sclerotinia Timber Rot' is questionable because, while Sclerotinia sclerotiorum does infect sunflower, the 'Timber Rot' nomenclature is borrowed from tomato and should be relabeled as Sclerotinia stalk/head rot for clarity.

######################################################################
# [478/544]  Sweet Autumn Virginsbower
# LAYER 1 — Crop Validation
######################################################################

──────────────────────────────────────────────────────────────────────
[478/544]  CROP: Sweet Autumn Virginsbower
──────────────────────────────────────────────────────────────────────
  Node A (real plant?)     : YES
  Node B (cultivated crop?): YES
  Node C (name correct?)   : YES
  Verdict   : VALID
  Category  : ornamental
  Notes     : Common name for Clematis terniflora, grown as an ornamental flowering vine.

# LAYER 2 — Disease Label Check
  Judging 1 diseases... done

======================================================================
[478/544]  DISEASES — CROP: Sweet Autumn Virginsbower
======================================================================
  Total: 1  |  CORRECT: 0  QUESTIONABLE: 1  INCORRECT: 0

  QUESTIONABLE:
    ?  Calophoma Clematidina: Calophoma clematidina is the pathogen genus/species causing Clematis wilt (leaf and stem spot) rather than a disease name, and the label should reference the disease (e.g., 'Clematis wilt') instead of the organism.

  SUMMARY: The single entry identifies a real pathogen of Clematis species (including Sweet Autumn Virginsbower, Clematis terniflora), but it names the fungus rather than the disease it causes. Relabeling as 'Clematis wilt' or 'Calophoma leaf and stem spot' would be more appropriate. Overall the association is valid but the naming convention is imprecise.

######################################################################
# [479/544]  Sweetgum
# LAYER 1 — Crop Validation
######################################################################

──────────────────────────────────────────────────────────────────────
[479/544]  CROP: Sweetgum
──────────────────────────────────────────────────────────────────────
  Node A (real plant?)     : YES
  Node B (cultivated crop?): YES
  Node C (name correct?)   : YES
  Verdict   : VALID
  Category  : tree_crop
  Notes     : Liquidambar styraciflua; cultivated for timber, ornamental use, and storax resin.

# LAYER 2 — Disease Label Check
  Judging 3 diseases... done

======================================================================
[479/544]  DISEASES — CROP: Sweetgum
======================================================================
  Total: 3  |  CORRECT: 1  QUESTIONABLE: 2  INCORRECT: 0

  QUESTIONABLE:
    ?  Cylindrocladium Root Diseases: Cylindrocladium (Calonectria) root rot is reported in forest nurseries and can affect sweetgum seedlings, but the label names a pathogen genus/group rather than a specific disease and is an uncommon association.
    ?  Northern Tooth: Northern tooth rot (Climacodon septentrionalis) is primarily a trunk/heart rot of maple and occasionally other hardwoods; association with sweetgum is unusual and poorly documented.

  SUMMARY: Only bacterial leaf scorch is a clearly established sweetgum disease. The other two entries are either vague pathogen-group labels or unusual host associations more typical of other hardwoods, warranting review before inclusion in a sweetgum registry.

######################################################################
# [480/544]  Sycamore
# LAYER 1 — Crop Validation
######################################################################

──────────────────────────────────────────────────────────────────────
[480/544]  CROP: Sycamore
──────────────────────────────────────────────────────────────────────
  Node A (real plant?)     : YES
  Node B (cultivated crop?): YES
  Node C (name correct?)   : YES
  Verdict   : VALID
  Category  : tree_crop
  Notes     : Grown as an ornamental and timber tree; name may refer to Platanus spp., Acer pseudoplatanus, or Ficus sycomorus depending on region.

# LAYER 2 — Disease Label Check
  Judging 1 diseases... done

======================================================================
[480/544]  DISEASES — CROP: Sycamore
======================================================================
  Total: 1  |  CORRECT: 1  QUESTIONABLE: 0  INCORRECT: 0

  SUMMARY: The single label provided is a legitimate and well-characterized disease of sycamore. Bacterial Leaf Scorch (Xylella fastidiosa) is a recognized chronic decline disease of Platanus species in the eastern and southern United States. No duplicates or overlapping entries are present.

######################################################################
# [481/544]  Synchytrium Geranii Clendenin Ex Saccardo 1895
# LAYER 1 — Crop Validation
######################################################################

──────────────────────────────────────────────────────────────────────
[481/544]  CROP: Synchytrium Geranii Clendenin Ex Saccardo 1895
──────────────────────────────────────────────────────────────────────
  Node A (real plant?)     : ?
  Node B (cultivated crop?): ?
  Node C (name correct?)   : ?
  Verdict   : ERROR
  Category  : 

  → Skipping disease check (crop verdict: ERROR)

######################################################################
# [482/544]  Tanoak
# LAYER 1 — Crop Validation
######################################################################

──────────────────────────────────────────────────────────────────────
[482/544]  CROP: Tanoak
──────────────────────────────────────────────────────────────────────
  Node A (real plant?)     : YES
  Node B (cultivated crop?): NO
  Node C (name correct?)   : N/A
  Verdict   : NON_CROP
  Category  : other
  Notes     : Tanoak (Notholithocarpus densiflorus) is a wild forest tree native to western North America, not cultivated as an agricultural or horticultural crop.

  → Skipping disease check (crop verdict: NON_CROP)

######################################################################
# [483/544]  Tea
# LAYER 1 — Crop Validation
######################################################################

──────────────────────────────────────────────────────────────────────
[483/544]  CROP: Tea
──────────────────────────────────────────────────────────────────────
  Node A (real plant?)     : YES
  Node B (cultivated crop?): YES
  Node C (name correct?)   : YES
  Verdict   : VALID
  Category  : beverage_crop

# LAYER 2 — Disease Label Check
  Judging 3 diseases... done

======================================================================
[483/544]  DISEASES — CROP: Tea
======================================================================
  Total: 3  |  CORRECT: 1  QUESTIONABLE: 2  INCORRECT: 0

  QUESTIONABLE:
    ?  Leaf Blight: Generic symptom-based name; multiple pathogens (e.g., Cercospora theae, Glomerella cingulata) cause leaf blight in tea, so the label lacks pathogen specificity.
    ?  Red Scab: Not a standard tea disease name in the literature; may be a regional or vernacular term and could be confused with red rust (Cephaleuros parasiticus) or red leaf spot.

  ~ SIMILAR: Red Leaf Spot | Red Scab
    Both describe reddish lesion-type symptoms on tea foliage and may overlap or be confused diagnostically without pathogen-level confirmation.

  SUMMARY: The list contains one well-established tea disease (Red Leaf Spot) alongside two labels that need refinement: 'Leaf Blight' is too generic without specifying the causal pathogen, and 'Red Scab' is not a widely recognized standard name in tea pathology. Clarifying causal agents and consolidating overlapping reddish-lesion entries would improve label quality.

######################################################################
# [484/544]  Thick-Walled Maze Polypore
# LAYER 1 — Crop Validation
######################################################################

──────────────────────────────────────────────────────────────────────
[484/544]  CROP: Thick-Walled Maze Polypore
──────────────────────────────────────────────────────────────────────
  Node A (real plant?)     : YES
  Node B (cultivated crop?): NO
  Node C (name correct?)   : N/A
  Verdict   : NON_CROP
  Category  : other
  Canonical : Daedalea quercina
  Notes     : This is a wood-decay bracket fungus (Daedalea quercina), not a cultivated crop.

  → Skipping disease check (crop verdict: NON_CROP)

######################################################################
# [485/544]  Thielaviopsis Paradoxa  De Seynes  H Hn
# LAYER 1 — Crop Validation
######################################################################

──────────────────────────────────────────────────────────────────────
[485/544]  CROP: Thielaviopsis Paradoxa  De Seynes  H Hn
──────────────────────────────────────────────────────────────────────
  Node A (real plant?)     : ?
  Node B (cultivated crop?): ?
  Node C (name correct?)   : ?
  Verdict   : ERROR
  Category  : 

  → Skipping disease check (crop verdict: ERROR)

######################################################################
# [486/544]  Thin-Walled Maze Polypore
# LAYER 1 — Crop Validation
######################################################################

──────────────────────────────────────────────────────────────────────
[486/544]  CROP: Thin-Walled Maze Polypore
──────────────────────────────────────────────────────────────────────
  Node A (real plant?)     : YES
  Node B (cultivated crop?): NO
  Node C (name correct?)   : N/A
  Verdict   : NON_CROP
  Category  : other
  Canonical : Thin-Walled Maze Polypore (Daedaleopsis confragosa)
  Notes     : This is a wild wood-decay bracket fungus, not a cultivated crop.

  → Skipping disease check (crop verdict: NON_CROP)

######################################################################
# [487/544]  Thornless Honeylocust
# LAYER 1 — Crop Validation
######################################################################

──────────────────────────────────────────────────────────────────────
[487/544]  CROP: Thornless Honeylocust
──────────────────────────────────────────────────────────────────────
  Node A (real plant?)     : YES
  Node B (cultivated crop?): YES
  Node C (name correct?)   : YES
  Verdict   : VALID
  Category  : ornamental
  Notes     : Gleditsia triacanthos var. inermis; widely planted as an ornamental/shade tree and also used for forage pods.

# LAYER 2 — Disease Label Check
  Judging 1 diseases... done

======================================================================
[487/544]  DISEASES — CROP: Thornless Honeylocust
======================================================================
  Total: 1  |  CORRECT: 0  QUESTIONABLE: 1  INCORRECT: 0

  QUESTIONABLE:
    ?  Cercospora Fungi: Names a pathogen genus rather than a specific disease; Cercospora leaf spot can occur on honeylocust but the label is vague and non-standard.

  SUMMARY: The single entry is not a well-formed disease label—it references the fungal genus Cercospora instead of naming a disease (e.g., 'Cercospora leaf spot'). While Cercospora species can cause leaf spot on honeylocust, the label should be rewritten to specify the disease rather than the pathogen group.

######################################################################
# [488/544]  Tickseed
# LAYER 1 — Crop Validation
######################################################################

──────────────────────────────────────────────────────────────────────
[488/544]  CROP: Tickseed
──────────────────────────────────────────────────────────────────────
  Node A (real plant?)     : YES
  Node B (cultivated crop?): YES
  Node C (name correct?)   : YES
  Verdict   : VALID
  Category  : ornamental

# LAYER 2 — Disease Label Check
  Judging 4 diseases... done

======================================================================
[488/544]  DISEASES — CROP: Tickseed
======================================================================
  Total: 4  |  CORRECT: 3  QUESTIONABLE: 1  INCORRECT: 0

  QUESTIONABLE:
    ?  Potyvirus: Potyvirus is a virus genus rather than a specific disease; several potyviruses infect Coreopsis but a species-level name would be preferable.

  ~ SIMILAR: Potyvirus | Tomato Spotted Wilt Virus
    Both are viral entries causing overlapping mosaic/ringspot-type symptoms on ornamentals, and lumping at genus level (Potyvirus) can obscure distinctions from TSWV.

  SUMMARY: The list covers plausible Tickseed (Coreopsis) diseases spanning bacterial, oomycete, and viral pathogens. The main weakness is the generic 'Potyvirus' entry, which names a virus genus rather than a specific disease and should be resolved to a species (e.g., Bidens mottle virus) for label precision. Overall quality is acceptable but would benefit from more specific viral nomenclature.

######################################################################
# [489/544]  Tobacco
# LAYER 1 — Crop Validation
######################################################################

──────────────────────────────────────────────────────────────────────
[489/544]  CROP: Tobacco
──────────────────────────────────────────────────────────────────────
  Node A (real plant?)     : YES
  Node B (cultivated crop?): YES
  Node C (name correct?)   : YES
  Verdict   : VALID
  Category  : other

# LAYER 2 — Disease Label Check
  Judging 16 diseases... done

======================================================================
[489/544]  DISEASES — CROP: Tobacco
======================================================================
  Total: 16  |  CORRECT: 12  QUESTIONABLE: 4  INCORRECT: 0

  QUESTIONABLE:
    ?  Leaf Mosaic Virus: Vague label; likely refers to Tobacco Mosaic Virus (TMV) but the generic name is ambiguous.
    ?  Phytophthora Blight: Phytophthora nicotianae causes black shank in tobacco; 'blight' is an atypical name for this disease on tobacco.
    ?  Pythium Diseases: Pythium causes damping-off and root rot in tobacco seedbeds, but 'Pythium Diseases' names a pathogen genus rather than a specific disease.
    ?  Sclerotinia Timber Rot: Sclerotinia sclerotiorum affects tobacco as stem/stalk rot, but 'timber rot' is a tomato-associated name not standard for tobacco.

  ~ SIMILAR: Leaf Mosaic Virus | Tobacco Ringspot Virus | Tobacco Streak Virus | Alfalfa Mosaic Virus | Tomato Spotted Wilt Virus
    All are viral diseases producing overlapping mosaic/mottle/ringspot foliar symptoms that can be confused without molecular diagnostics.

  ~ SIMILAR: Pythium Diseases | Rhizoctonia Damping-Off
    Both cause seedbed damping-off in tobacco and are often grouped together symptomatically.

  ~ SIMILAR: Phytophthora Blight | Southern Bacterial Wilt | Fusarium Wilt
    All cause wilting and stem/root collapse in tobacco and can be difficult to distinguish in the field.

  SUMMARY: The list is largely accurate with most entries representing well-documented tobacco diseases. Several labels are imprecise — 'Leaf Mosaic Virus' is ambiguous (likely TMV), 'Pythium Diseases' names a genus rather than a disease, and 'Phytophthora Blight' and 'Sclerotinia Timber Rot' use non-standard names for what are typically called black shank and Sclerotinia stem rot on tobacco. Viral entries overlap symptomatically and would benefit from clearer differentiation.

######################################################################
# [490/544]  Tomato
# LAYER 1 — Crop Validation
######################################################################

──────────────────────────────────────────────────────────────────────
[490/544]  CROP: Tomato
──────────────────────────────────────────────────────────────────────
  Node A (real plant?)     : YES
  Node B (cultivated crop?): YES
  Node C (name correct?)   : YES
  Verdict   : VALID
  Category  : vegetable

# LAYER 2 — Disease Label Check
  Judging 48 diseases... done

======================================================================
[490/544]  DISEASES — CROP: Tomato
======================================================================
  Total: 48  |  CORRECT: 30  QUESTIONABLE: 15  INCORRECT: 3

  INCORRECT:
    x  Diaporthe Vexans Gratz: Phomopsis vexans (Diaporthe vexans) is the eggplant Phomopsis blight pathogen, not a tomato disease.
    x  Phomopsis Cankers And Twig Blights: Phomopsis cankers/twig blights are diseases of woody plants, not tomato.
    x  Spider Mites: Spider mites are arthropod pests, not a disease.

  QUESTIONABLE:
    ?  Alternaria Black Molds Stem Cankers: Awkward wording; Alternaria stem canker (A. alternata f. sp. lycopersici) is real on tomato but the label is malformed.
    ?  Bacterial Leaf Spot: Likely refers to bacterial spot (Xanthomonas spp.) but the generic name is vague for tomato.
    ?  Bitter Rot And Anthracnose: Bitter rot is typically an apple disease; pairing with anthracnose is odd for tomato and likely duplicates Anthracnose.
    ?  Brown Spot: Generic name; not a standard tomato disease designation without a pathogen qualifier.
    ?  Clover Proliferation Phytoplasma: Phytoplasma group primarily associated with clover; tomato association is unusual and not widely reported.
    ?  Fusarium Wilts: Plural/duplicate variant of Fusarium Wilt; redundant label.
    ?  Leaf Mosaic Virus: Vague label; likely intended as Tomato Mosaic Virus (ToMV) but name is non-standard.
    ?  Leaf Yellow Virus: Vague; probably refers to Tomato Yellow Leaf Curl Virus but the label is incomplete.
    ?  Phoma Blight: Phoma rot (Phoma destructiva) exists on tomato; 'Phoma Blight' is a non-standard name.
    ?  Phytoplasma: Names a pathogen group rather than a specific tomato disease (e.g., stolbur or big bud).
    ?  Remotididymella Destructiva: Names a fungal species (formerly Phoma destructiva) rather than a disease; causes Phoma rot of tomato.
    ?  Sclerotinia Timber Rot: Real tomato disease (S. sclerotiorum) but largely duplicates Sclerotinia Rots.
    ?  Septoria Leaf Blotch: Tomato disease is usually called Septoria Leaf Spot (Septoria lycopersici); 'Blotch' is non-standard.
    ?  Southern Bacterial Wilt: Synonym for Bacterial Wilt (Ralstonia solanacearum); duplicates that entry.
    ?  Tomato Leaf Mould: Duplicate spelling variant of Leaf Mold (Passalora fulva).

  ~ SIMILAR: Fusarium Wilt | Fusarium Wilts
    Singular and plural variants of the same disease caused by Fusarium oxysporum f. sp. lycopersici.

  ~ SIMILAR: Leaf Mold | Tomato Leaf Mould
    American and British spellings of the same disease (Passalora/Cladosporium fulvum).

  ~ SIMILAR: Bacterial Wilt | Southern Bacterial Wilt
    Both refer to Ralstonia solanacearum wilt; 'Southern' is a regional synonym.

  ~ SIMILAR: Sclerotinia Rots | Sclerotinia Timber Rot
    Both describe Sclerotinia sclerotiorum infections on tomato (white mold/timber rot).

  ~ SIMILAR: Anthracnose | Bitter Rot And Anthracnose
    Both reference Colletotrichum anthracnose of tomato fruit; the second adds an apple-disease term.

  ~ SIMILAR: Phoma Blight | Remotididymella Destructiva
    Both relate to Phoma destructiva (now Remotididymella destructiva) causing Phoma rot of tomato.

  ~ SIMILAR: Fusarium Damping-Off | Rhizoctonia Damping-Off | Pythium Diseases
    All are seedling damping-off complexes caused by overlapping soilborne pathogens.

  ~ SIMILAR: Tomato Leaf Curl Virus | Leaf Yellow Virus
    'Leaf Yellow Virus' likely refers to Tomato Yellow Leaf Curl Virus, overlapping with ToLCV begomovirus group.

  SUMMARY: The list covers most major tomato diseases accurately but contains several vague or malformed labels (Brown Spot, Leaf Mosaic Virus, Leaf Yellow Virus, Phytoplasma) and pathogen-genus names rather than disease names (Diaporthe Vexans Gratz, Remotididymella Destructiva). A few entries are clearly incorrect for tomato: Diaporthe vexans (eggplant), Phomopsis cankers/twig blights (woody plants), and Spider Mites (an arthropod pest). There is noticeable redundancy between singular/plural and British/American spelling variants (Fusarium Wilt/Wilts, Leaf Mold/Tomato Leaf Mould, Bacterial Wilt/Southern Bacterial Wilt, Sclerotinia Rots/Timber Rot) that should be consolidated.

######################################################################
# [491/544]  Tongavine
# LAYER 1 — Crop Validation
######################################################################

──────────────────────────────────────────────────────────────────────
[491/544]  CROP: Tongavine
──────────────────────────────────────────────────────────────────────
  Node A (real plant?)     : YES
  Node B (cultivated crop?): NO
  Node C (name correct?)   : N/A
  Verdict   : NON_CROP
  Category  : ornamental
  Canonical : Tongavine (Epipremnum pinnatum)
  Notes     : Tongavine is a wild climbing aroid; sometimes grown as an ornamental houseplant but not an agricultural crop.

  → Skipping disease check (crop verdict: NON_CROP)

######################################################################
# [492/544]  Toothache Plant
# LAYER 1 — Crop Validation
######################################################################

──────────────────────────────────────────────────────────────────────
[492/544]  CROP: Toothache Plant
──────────────────────────────────────────────────────────────────────
  Node A (real plant?)     : YES
  Node B (cultivated crop?): YES
  Node C (name correct?)   : YES
  Verdict   : VALID
  Category  : herb_spice
  Notes     : Common name for Acmella oleracea, cultivated as a culinary/medicinal herb and ornamental.

# LAYER 2 — Disease Label Check
  Judging 1 diseases... done

======================================================================
[492/544]  DISEASES — CROP: Toothache Plant
======================================================================
  Total: 1  |  CORRECT: 0  QUESTIONABLE: 1  INCORRECT: 0

  QUESTIONABLE:
    ?  Aster Yellows Phytoplasma: Aster yellows phytoplasma is a real pathogen with a very broad host range among Asteraceae and can infect Acmella/Spilanthes, but the label names the pathogen rather than the disease ('aster yellows') and documented reports on toothache plant specifically are limited.

  SUMMARY: Only one label is provided, and it references a genuine phytoplasma pathogen whose broad Asteraceae host range plausibly includes toothache plant (Acmella oleracea). However, it is phrased as a pathogen name rather than the disease ('aster yellows'), and peer-reviewed documentation on this specific crop is sparse, so it is best flagged as QUESTIONABLE pending verification.

######################################################################
# [493/544]  Touch-Me-Not
# LAYER 1 — Crop Validation
######################################################################

──────────────────────────────────────────────────────────────────────
[493/544]  CROP: Touch-Me-Not
──────────────────────────────────────────────────────────────────────
  Node A (real plant?)     : YES
  Node B (cultivated crop?): YES
  Node C (name correct?)   : YES
  Verdict   : VALID
  Category  : ornamental
  Notes     : Common name for Impatiens balsamina (garden balsam), cultivated as an ornamental; also applied to Mimosa pudica.

# LAYER 2 — Disease Label Check
  Judging 2 diseases... done

======================================================================
[493/544]  DISEASES — CROP: Touch-Me-Not
======================================================================
  Total: 2  |  CORRECT: 1  QUESTIONABLE: 1  INCORRECT: 0

  QUESTIONABLE:
    ?  Impatiens Necrotic Spot Virus: Despite its name, INSV rarely causes significant disease on Impatiens itself; Impatiens typically acts as a symptomless or mild host while the virus primarily damages other ornamentals.

  SUMMARY: Both entries are real pathogens associated with Impatiens, but only downy mildew (Plasmopara obducens) is a major, well-established disease of Touch-Me-Not. Impatiens Necrotic Spot Virus is named after the host but is more notable as a pathogen of other floriculture crops, making its listing here accurate in name but questionable in practical disease relevance.

######################################################################
# [494/544]  Tree-Of-Heaven
# LAYER 1 — Crop Validation
######################################################################

──────────────────────────────────────────────────────────────────────
[494/544]  CROP: Tree-Of-Heaven
──────────────────────────────────────────────────────────────────────
  Node A (real plant?)     : YES
  Node B (cultivated crop?): NO
  Node C (name correct?)   : N/A
  Verdict   : NON_CROP
  Category  : other
  Canonical : Ailanthus altissima
  Notes     : Ailanthus altissima is an invasive ornamental/wild tree, not cultivated as an agricultural or horticultural crop.

  → Skipping disease check (crop verdict: NON_CROP)

######################################################################
# [495/544]  Trichothecium Roseum
# LAYER 1 — Crop Validation
######################################################################

──────────────────────────────────────────────────────────────────────
[495/544]  CROP: Trichothecium Roseum
──────────────────────────────────────────────────────────────────────
  Node A (real plant?)     : ?
  Node B (cultivated crop?): ?
  Node C (name correct?)   : ?
  Verdict   : ERROR
  Category  : 

  → Skipping disease check (crop verdict: ERROR)

######################################################################
# [496/544]  Tricolored Bat
# LAYER 1 — Crop Validation
######################################################################

──────────────────────────────────────────────────────────────────────
[496/544]  CROP: Tricolored Bat
──────────────────────────────────────────────────────────────────────
  Node A (real plant?)     : NO
  Node B (cultivated crop?): N/A
  Node C (name correct?)   : N/A
  Verdict   : INVALID
  Category  : other
  Notes     : Tricolored Bat is a mammal (Perimyotis subflavus), not a plant or crop.

  → Skipping disease check (crop verdict: INVALID)

######################################################################
# [497/544]  Tricyrtis
# LAYER 1 — Crop Validation
######################################################################

──────────────────────────────────────────────────────────────────────
[497/544]  CROP: Tricyrtis
──────────────────────────────────────────────────────────────────────
  Node A (real plant?)     : YES
  Node B (cultivated crop?): YES
  Node C (name correct?)   : YES
  Verdict   : VALID
  Category  : ornamental
  Notes     : Genus of shade perennials known as toad lilies, grown as ornamentals.

# LAYER 2 — Disease Label Check
  Judging 1 diseases... done

======================================================================
[497/544]  DISEASES — CROP: Tricyrtis
======================================================================
  Total: 1  |  CORRECT: 0  QUESTIONABLE: 1  INCORRECT: 0

  QUESTIONABLE:
    ?  Potyvirus: Potyvirus is a virus genus rather than a specific disease name, though potyviruses (e.g., Tricyrtis virus Y / Turnip mosaic virus) are documented in Tricyrtis.

  SUMMARY: The single entry identifies a pathogen genus rather than a named disease, which is imprecise labeling. Potyviruses do infect Tricyrtis (toad lily), so the association is biologically valid but the label should be refined to a specific disease such as 'Potyvirus mosaic' or the specific virus species. Overall label quality is weak due to genus-level ambiguity.

######################################################################
# [498/544]  Tropical Soda Apple
# LAYER 1 — Crop Validation
######################################################################

──────────────────────────────────────────────────────────────────────
[498/544]  CROP: Tropical Soda Apple
──────────────────────────────────────────────────────────────────────
  Node A (real plant?)     : YES
  Node B (cultivated crop?): NO
  Node C (name correct?)   : N/A
  Verdict   : NON_CROP
  Category  : other
  Notes     : Solanum viarum is an invasive weed, not cultivated as a crop.

  → Skipping disease check (crop verdict: NON_CROP)

######################################################################
# [499/544]  Truffles
# LAYER 1 — Crop Validation
######################################################################

──────────────────────────────────────────────────────────────────────
[499/544]  CROP: Truffles
──────────────────────────────────────────────────────────────────────
  Node A (real plant?)     : YES
  Node B (cultivated crop?): YES
  Node C (name correct?)   : YES
  Verdict   : VALID
  Category  : other
  Canonical : Truffle
  Notes     : Truffle is an edible subterranean fungus, not a true plant, but it is cultivated horticulturally (trufficulture) via inoculated host trees.

# LAYER 2 — Disease Label Check
  Judging 1 diseases... done

======================================================================
[499/544]  DISEASES — CROP: Truffles
======================================================================
  Total: 1  |  CORRECT: 0  QUESTIONABLE: 0  INCORRECT: 1

  INCORRECT:
    x  Truffles: The label 'Truffles' names the crop itself, not a disease, and truffles are fungi rather than a typical plant host.

  SUMMARY: The single entry provided is not a disease but simply the crop name. Additionally, truffles are hypogeous fungi (often mycorrhizal with oak/hazel), so disease labeling should target either the truffle fungus itself (e.g., competing molds) or its host tree. The list fails basic quality standards.

######################################################################
# [500/544]  Truncate Club Coral
# LAYER 1 — Crop Validation
######################################################################

──────────────────────────────────────────────────────────────────────
[500/544]  CROP: Truncate Club Coral
──────────────────────────────────────────────────────────────────────
  Node A (real plant?)     : ?
  Node B (cultivated crop?): ?
  Node C (name correct?)   : ?
  Verdict   : ERROR
  Category  : 

  → Skipping disease check (crop verdict: ERROR)

######################################################################
# [501/544]  Tulip
# LAYER 1 — Crop Validation
######################################################################

──────────────────────────────────────────────────────────────────────
[501/544]  CROP: Tulip
──────────────────────────────────────────────────────────────────────
  Node A (real plant?)     : YES
  Node B (cultivated crop?): YES
  Node C (name correct?)   : YES
  Verdict   : VALID
  Category  : ornamental

# LAYER 2 — Disease Label Check
  Judging 3 diseases... done

======================================================================
[501/544]  DISEASES — CROP: Tulip
======================================================================
  Total: 3  |  CORRECT: 1  QUESTIONABLE: 2  INCORRECT: 0

  QUESTIONABLE:
    ?  Fusarium Wilts: Tulip is affected by Fusarium oxysporum f. sp. tulipae causing basal rot/bulb rot rather than a classic vascular wilt, so the label is imprecise.
    ?  Mycelial Neck Rot: Not a standard named tulip disease; likely refers to a Botrytis or Sclerotium neck/bulb rot but the label is vague and nonstandard.

  ~ SIMILAR: Gray Mold | Mycelial Neck Rot
    Botrytis-induced neck and bulb rots on tulips can be lumped under gray mold (tulip fire), causing overlap between these labels.

  ~ SIMILAR: Fusarium Wilts | Mycelial Neck Rot
    Both can describe bulb/basal rotting symptoms in tulips and may be conflated when symptoms are observed at the neck or basal plate.

  SUMMARY: Only Gray Mold is a clearly correct, standard tulip disease label. Fusarium Wilts is imprecise for tulip (the relevant disease is Fusarium basal/bulb rot, not a vascular wilt), and Mycelial Neck Rot is a vague, nonstandard descriptor that overlaps with Botrytis-related rots. Overall label quality is mixed and would benefit from standardized disease nomenclature.

######################################################################
# [502/544]  Turnip
# LAYER 1 — Crop Validation
######################################################################

──────────────────────────────────────────────────────────────────────
[502/544]  CROP: Turnip
──────────────────────────────────────────────────────────────────────
  Node A (real plant?)     : YES
  Node B (cultivated crop?): YES
  Node C (name correct?)   : YES
  Verdict   : VALID
  Category  : root_tuber

# LAYER 2 — Disease Label Check
  Judging 5 diseases... done

======================================================================
[502/544]  DISEASES — CROP: Turnip
======================================================================
  Total: 5  |  CORRECT: 4  QUESTIONABLE: 1  INCORRECT: 0

  QUESTIONABLE:
    ?  Black Spot: Vague label; could refer to Alternaria leaf spot on crucifers but is not a standard turnip disease name.

  ~ SIMILAR: Black Spot | White Leaf Spot
    Both are generic leaf-spot descriptors that can overlap symptomatically; 'Black Spot' may be conflated with Alternaria or other leaf-spot diseases on brassicas.

  SUMMARY: Four of the five labels are well-documented turnip diseases (Black Rot, Club Root, White Leaf Spot, White Rust). 'Black Spot' is vague and not a standard turnip disease designation, likely conflating Alternaria leaf spot or a similar pathogen. Overall, the list has good coverage of major cruciferous diseases but would benefit from clarifying the ambiguous 'Black Spot' entry.

######################################################################
# [503/544]  Utah Serviceberry
# LAYER 1 — Crop Validation
######################################################################

──────────────────────────────────────────────────────────────────────
[503/544]  CROP: Utah Serviceberry
──────────────────────────────────────────────────────────────────────
  Node A (real plant?)     : YES
  Node B (cultivated crop?): YES
  Node C (name correct?)   : YES
  Verdict   : VALID
  Category  : fruit

# LAYER 2 — Disease Label Check
  Judging 2 diseases... done

======================================================================
[503/544]  DISEASES — CROP: Utah Serviceberry
======================================================================
  Total: 2  |  CORRECT: 0  QUESTIONABLE: 1  INCORRECT: 1

  INCORRECT:
    x  Juniper Witches: Juniper witches'-broom is a disease of juniper (Juniperus spp.), not of Utah serviceberry (Amelanchier utahensis).

  QUESTIONABLE:
    ?  Gynosporanium Rusts: Misspelling of Gymnosporangium rusts; names a pathogen genus rather than a specific disease, though Gymnosporangium rusts (e.g., cedar-serviceberry rust) do affect serviceberry.

  ~ SIMILAR: Gynosporanium Rusts | Juniper Witches
    Both relate to the Gymnosporangium rust life cycle that alternates between juniper and rosaceous hosts, but only the rust stage affects serviceberry while the witches'-broom stage occurs on juniper.

  SUMMARY: The label set is weak: one entry is a misspelled pathogen genus rather than a specific disease name, and the other describes a symptom on juniper rather than a disease of serviceberry. Labels should be standardized to specific serviceberry diseases (e.g., 'Cedar-serviceberry rust') and juniper-only conditions removed.

######################################################################
# [504/544]  Vanilla
# LAYER 1 — Crop Validation
######################################################################

──────────────────────────────────────────────────────────────────────
[504/544]  CROP: Vanilla
──────────────────────────────────────────────────────────────────────
  Node A (real plant?)     : YES
  Node B (cultivated crop?): YES
  Node C (name correct?)   : YES
  Verdict   : VALID
  Category  : herb_spice

# LAYER 2 — Disease Label Check
  Judging 3 diseases... done

======================================================================
[504/544]  DISEASES — CROP: Vanilla
======================================================================
  Total: 3  |  CORRECT: 0  QUESTIONABLE: 3  INCORRECT: 0

  QUESTIONABLE:
    ?  Black Spots: Vague symptom description rather than a named disease; could refer to anthracnose (Colletotrichum vanillae) or Phytophthora black rot lesions but is not a recognized disease name.
    ?  Red Spots: Symptom-based label rather than a disease name; may correspond to rust or early anthracnose lesions on vanilla but is not a standard diagnostic label.
    ?  Rotten Stem: Likely refers to Fusarium stem rot (Fusarium oxysporum f. sp. vanillae), the most damaging vanilla disease, but the label is a generic symptom description rather than a named disease.

  ~ SIMILAR: Black Spots | Red Spots
    Both are generic color-based symptom descriptors rather than named diseases, and could overlap with anthracnose lesions which vary in color with age.

  SUMMARY: All three labels describe symptoms rather than named vanilla diseases, making them imprecise for a disease registry. Vanilla is affected by well-characterized diseases such as Fusarium stem and root rot, Phytophthora black rot/shoot tip rot, anthracnose, and rust — the provided labels should be remapped to these standard names. Overall labeling quality is poor and requires pathologist review before use.

######################################################################
# [505/544]  Veiled Polypore
# LAYER 1 — Crop Validation
######################################################################

──────────────────────────────────────────────────────────────────────
[505/544]  CROP: Veiled Polypore
──────────────────────────────────────────────────────────────────────
  Node A (real plant?)     : YES
  Node B (cultivated crop?): NO
  Node C (name correct?)   : N/A
  Verdict   : NON_CROP
  Category  : other
  Canonical : Veiled Polypore (Cryptoporus volvatus)
  Notes     : Veiled Polypore is a wild wood-decay bracket fungus, not a cultivated plant or agricultural crop.

  → Skipping disease check (crop verdict: NON_CROP)

######################################################################
# [506/544]  Velvet Bentgrass
# LAYER 1 — Crop Validation
######################################################################

──────────────────────────────────────────────────────────────────────
[506/544]  CROP: Velvet Bentgrass
──────────────────────────────────────────────────────────────────────
  Node A (real plant?)     : YES
  Node B (cultivated crop?): YES
  Node C (name correct?)   : YES
  Verdict   : VALID
  Category  : ornamental
  Notes     : Agrostis canina, a fine turfgrass used on golf greens and lawns.

# LAYER 2 — Disease Label Check
  Judging 1 diseases... done

======================================================================
[506/544]  DISEASES — CROP: Velvet Bentgrass
======================================================================
  Total: 1  |  CORRECT: 0  QUESTIONABLE: 1  INCORRECT: 0

  QUESTIONABLE:
    ?  Rhizoctonia Damping-Off: Rhizoctonia affects bentgrasses primarily as brown patch on established turf; damping-off is typically a seedling disease more commonly reported as a general turfgrass seedling issue rather than a documented disease specifically characterized on velvet bentgrass.

  SUMMARY: The single label names a real Rhizoctonia-caused problem, but 'damping-off' is a seedling-stage syndrome not specifically emphasized in velvet bentgrass disease literature, where Rhizoctonia is better known as brown patch. The entry is plausible but vague and atypical for this crop, so it is flagged as questionable.

######################################################################
# [507/544]  Velvet Foot
# LAYER 1 — Crop Validation
######################################################################

──────────────────────────────────────────────────────────────────────
[507/544]  CROP: Velvet Foot
──────────────────────────────────────────────────────────────────────
  Node A (real plant?)     : YES
  Node B (cultivated crop?): YES
  Node C (name correct?)   : NO
  Verdict   : MISSPELLED_OR_UNSTANDARDISED
  Category  : vegetable
  Canonical : Velvet Shank (Enoki, Flammulina velutipes)
  Notes     : 'Velvet Foot' is a non-standard name for the cultivated edible mushroom Flammulina velutipes, commonly known as Velvet Shank or Enoki.

# LAYER 2 — Disease Label Check
  Judging 1 diseases... done

======================================================================
[507/544]  DISEASES — CROP: Velvet Foot
======================================================================
  Total: 1  |  CORRECT: 0  QUESTIONABLE: 0  INCORRECT: 1

  INCORRECT:
    x  Velvet Foot: Velvet Foot (Flammulina velutipes / enoki) is an edible mushroom, not a crop plant with diseases.

  SUMMARY: The input lists 'Velvet Foot' as both the crop and its disease, which is invalid. Velvet Foot refers to the edible mushroom Flammulina velutipes, not a plant crop, and is not itself a disease. No valid disease labels are provided for assessment.

######################################################################
# [508/544]  Verbena
# LAYER 1 — Crop Validation
######################################################################

──────────────────────────────────────────────────────────────────────
[508/544]  CROP: Verbena
──────────────────────────────────────────────────────────────────────
  Node A (real plant?)     : YES
  Node B (cultivated crop?): YES
  Node C (name correct?)   : YES
  Verdict   : VALID
  Category  : ornamental

# LAYER 2 — Disease Label Check
  Judging 3 diseases... done

======================================================================
[508/544]  DISEASES — CROP: Verbena
======================================================================
  Total: 3  |  CORRECT: 2  QUESTIONABLE: 1  INCORRECT: 0

  QUESTIONABLE:
    ?  Acidovorax Bacteria: Names a bacterial genus rather than a specific disease, and Acidovorax is not a commonly documented pathogen of Verbena.

  SUMMARY: Two of the three labels (INSV and Powdery Mildew) are well-established diseases of Verbena. The 'Acidovorax Bacteria' entry is problematic because it names a pathogen genus rather than a specific disease and has no strong documented association with Verbena. Overall label quality is acceptable but would benefit from more specific disease naming.

######################################################################
# [509/544]  Vetch
# LAYER 1 — Crop Validation
######################################################################

──────────────────────────────────────────────────────────────────────
[509/544]  CROP: Vetch
──────────────────────────────────────────────────────────────────────
  Node A (real plant?)     : YES
  Node B (cultivated crop?): YES
  Node C (name correct?)   : YES
  Verdict   : VALID
  Category  : forage

# LAYER 2 — Disease Label Check
  Judging 1 diseases... done

======================================================================
[509/544]  DISEASES — CROP: Vetch
======================================================================
  Total: 1  |  CORRECT: 1  QUESTIONABLE: 0  INCORRECT: 0

  SUMMARY: The single label 'Rust' is a legitimate and well-known disease of vetch. The label is somewhat generic since multiple Uromyces species can cause rust on Vicia, but it is accurate at the common-name level. Overall quality is acceptable for a single-entry list.

######################################################################
# [510/544]  Viburnum
# LAYER 1 — Crop Validation
######################################################################

──────────────────────────────────────────────────────────────────────
[510/544]  CROP: Viburnum
──────────────────────────────────────────────────────────────────────
  Node A (real plant?)     : YES
  Node B (cultivated crop?): YES
  Node C (name correct?)   : YES
  Verdict   : VALID
  Category  : ornamental

# LAYER 2 — Disease Label Check
  Judging 1 diseases... done

======================================================================
[510/544]  DISEASES — CROP: Viburnum
======================================================================
  Total: 1  |  CORRECT: 0  QUESTIONABLE: 1  INCORRECT: 0

  QUESTIONABLE:
    ?  Downy Mildew: Downy mildew is not a commonly reported disease of Viburnum; Viburnum is far more often affected by powdery mildew, and downy mildew reports on this host are rare and poorly documented.

  SUMMARY: The single label provided is a real disease category but its association with Viburnum is unusual and not well-established in the plant pathology literature. Powdery mildew, leaf spots (e.g., Cercospora, Phoma), and bacterial leaf spot are far more typical Viburnum diseases. The label should be verified against a specific pathogen record before being accepted.

######################################################################
# [511/544]  Violet
# LAYER 1 — Crop Validation
######################################################################

──────────────────────────────────────────────────────────────────────
[511/544]  CROP: Violet
──────────────────────────────────────────────────────────────────────
  Node A (real plant?)     : YES
  Node B (cultivated crop?): YES
  Node C (name correct?)   : YES
  Verdict   : VALID
  Category  : ornamental

# LAYER 2 — Disease Label Check
  Judging 4 diseases... done

======================================================================
[511/544]  DISEASES — CROP: Violet
======================================================================
  [ERROR] claude CLI failed after 3 retries. stderr: 

######################################################################
# [512/544]  Virginia Bluebells
# LAYER 1 — Crop Validation
######################################################################

──────────────────────────────────────────────────────────────────────
[512/544]  CROP: Virginia Bluebells
──────────────────────────────────────────────────────────────────────
  Node A (real plant?)     : YES
  Node B (cultivated crop?): YES
  Node C (name correct?)   : YES
  Verdict   : VALID
  Category  : ornamental

# LAYER 2 — Disease Label Check
  Judging 1 diseases... done

======================================================================
[512/544]  DISEASES — CROP: Virginia Bluebells
======================================================================
  Total: 1  |  CORRECT: 1  QUESTIONABLE: 0  INCORRECT: 0

  SUMMARY: The single label provided is a legitimate viral pathogen known to affect Virginia Bluebells. No duplicates or overlaps to report. Label quality is acceptable, though TRV is often reported in ornamental perennials as part of broader nematode-transmitted virus complexes.

######################################################################
# [513/544]  Walnut
# LAYER 1 — Crop Validation
######################################################################

──────────────────────────────────────────────────────────────────────
[513/544]  CROP: Walnut
──────────────────────────────────────────────────────────────────────
  Node A (real plant?)     : YES
  Node B (cultivated crop?): YES
  Node C (name correct?)   : YES
  Verdict   : VALID
  Category  : nut_crop

# LAYER 2 — Disease Label Check
  Judging 8 diseases... done

======================================================================
[513/544]  DISEASES — CROP: Walnut
======================================================================
  Total: 8  |  CORRECT: 4  QUESTIONABLE: 4  INCORRECT: 0

  QUESTIONABLE:
    ?  Butternut Canker: Caused by Ophiognomonia clavigignenti-juglandacearum, primarily a disease of butternut (Juglans cinerea); only occasionally affects other walnut species, so labeling it as a walnut disease is an unusual association.
    ?  Cylindrocladium Root Diseases: Cylindrocladium species can cause root rot in many woody plants but is not a commonly documented or significant disease of walnut; the label also names a pathogen genus rather than a specific disease.
    ?  Ophiognomonia Leptostyla: This is the pathogen name (Ophiognomonia leptostyla) rather than the disease name; the disease is walnut anthracnose or walnut leaf blotch.
    ?  Pseudomicrostroma Juglandis: Pseudomicrostroma juglandis is a yeast-like fungus found on walnut but is not a recognized pathogen; it represents a genus/species name rather than a documented disease.

  ~ SIMILAR: Neonectria Canker | Thousand Cankers Disease | Butternut Canker
    All three are canker diseases of Juglans species and may be confused due to overlapping symptoms of bark cankers and dieback.

  ~ SIMILAR: Ophiognomonia Leptostyla | Walnut Blight
    Both cause leaf and fruit lesions on walnut and can be confused visually, though one is fungal anthracnose and the other is bacterial blight.

  SUMMARY: The label set mixes well-established walnut diseases (Walnut Blight, Thousand Cankers Disease, Phytophthora Crown Rot, Neonectria Canker) with entries that are pathogen names rather than disease names (Ophiognomonia Leptostyla, Pseudomicrostroma Juglandis, Cylindrocladium Root Diseases) and one disease primarily associated with butternut rather than walnut. Normalization is needed to convert pathogen genus/species entries into their proper disease names (e.g., walnut anthracnose) and to clarify host specificity. Overall quality is moderate, with roughly half the labels requiring correction or clarification.

######################################################################
# [514/544]  Walnut Sphinx Moth
# LAYER 1 — Crop Validation
######################################################################

──────────────────────────────────────────────────────────────────────
[514/544]  CROP: Walnut Sphinx Moth
──────────────────────────────────────────────────────────────────────
  Node A (real plant?)     : NO
  Node B (cultivated crop?): N/A
  Node C (name correct?)   : N/A
  Verdict   : INVALID
  Category  : other
  Notes     : This is an insect (Amorpha juglandis), not a plant or crop.

  → Skipping disease check (crop verdict: INVALID)

######################################################################
# [515/544]  Western Grisette
# LAYER 1 — Crop Validation
######################################################################

──────────────────────────────────────────────────────────────────────
[515/544]  CROP: Western Grisette
──────────────────────────────────────────────────────────────────────
  Node A (real plant?)     : YES
  Node B (cultivated crop?): NO
  Node C (name correct?)   : N/A
  Verdict   : NON_CROP
  Category  : other
  Canonical : Amanita pachycolea
  Notes     : Western Grisette (Amanita pachycolea) is a wild mushroom, not a cultivated agricultural or horticultural crop.

  → Skipping disease check (crop verdict: NON_CROP)

######################################################################
# [516/544]  Western Tent Caterpillar
# LAYER 1 — Crop Validation
######################################################################

──────────────────────────────────────────────────────────────────────
[516/544]  CROP: Western Tent Caterpillar
──────────────────────────────────────────────────────────────────────
  Node A (real plant?)     : NO
  Node B (cultivated crop?): N/A
  Node C (name correct?)   : N/A
  Verdict   : INVALID
  Category  : other
  Notes     : This is an insect pest (Malacosoma californicum), not a plant or crop.

  → Skipping disease check (crop verdict: INVALID)

######################################################################
# [517/544]  Wheat
# LAYER 1 — Crop Validation
######################################################################

──────────────────────────────────────────────────────────────────────
[517/544]  CROP: Wheat
──────────────────────────────────────────────────────────────────────
  Node A (real plant?)     : YES
  Node B (cultivated crop?): YES
  Node C (name correct?)   : YES
  Verdict   : VALID
  Category  : cereal

# LAYER 2 — Disease Label Check
  Judging 49 diseases... done

======================================================================
[517/544]  DISEASES — CROP: Wheat
======================================================================
  Total: 49  |  CORRECT: 30  QUESTIONABLE: 15  INCORRECT: 4

  INCORRECT:
    x  Bacterial Brown Spot Of Beancanker Of Stone Fruit: Describes diseases of bean and stone fruit, not wheat; label is also garbled.
    x  Fusarium Wilts: Fusarium wilts are vascular diseases of dicots; wheat is affected by Fusarium head blight/crown rot, not a Fusarium wilt.
    x  Phytophthora Root And Crown Rots: Phytophthora root/crown rots are not established diseases of wheat; wheat is not a typical Phytophthora host.
    x  Resistance Phenotype: This is a plant trait/term, not a disease.

  QUESTIONABLE:
    ?  Alternaria Black Molds Stem Cankers: Confused label conflating Alternaria black mold (a minor head/grain mold) with stem cankers, which are not a standard wheat disease name.
    ?  Blumeria Graminis F: Names the pathogen (Blumeria graminis f. sp. tritici) rather than the disease (powdery mildew), and the label is truncated.
    ?  Cochliobolus Leaf Spot: Cochliobolus (Bipolaris) spot blotch affects wheat but is more prominent in barley; label is genus-based and vague.
    ?  Downy Mildew: Downy mildew (Sclerophthora macrospora) of wheat exists but is very rare and generally not a major wheat disease.
    ?  Fusarium Disease: Too generic; Fusarium causes multiple distinct wheat diseases (head blight, crown rot, foot rot).
    ?  Fusarium Graminearum Schwabe: Names the pathogen (with author citation) rather than the disease (Fusarium head blight/scab).
    ?  Leaf Spot: Generic label; wheat has multiple leaf spot diseases (Septoria, tan spot, Stagonospora) that should be specified.
    ?  Parastagonospora Nodorum: Names the pathogen instead of the disease (Stagonospora nodorum blotch / glume blotch).
    ?  Penicillium Fungi: Penicillium is mainly a post-harvest grain storage mold, not a field disease of wheat; label names a fungal genus.
    ?  Root Rot: Generic label; wheat root rots are caused by many pathogens (Fusarium, Pythium, Rhizoctonia, Gaeumannomyces).
    ?  Rust: Vague; wheat has three distinct rust diseases (stem, leaf, stripe) that should be specified.
    ?  Septoria Leaf Spot And Cankers: Septoria leaf spot occurs in wheat but 'cankers' are not a feature of Septoria on wheat; label appears conflated with tree Septoria diseases.
    ?  Smut: Generic; wheat smuts include loose smut, flag smut, and the bunts, which should be specified.
    ?  Sooty Mold: Sooty molds on wheat heads (sooty head molds by Alternaria, Cladosporium, etc.) are minor saprophytic issues, not primary diseases.
    ?  Zymoseptoria Tritici: Names the pathogen rather than the disease (Septoria tritici blotch).

  ~ SIMILAR: Bacterial Leaf Streak Black Chaff | Bacterial Streak | Leaf Streakblack Chaff
    All three refer to bacterial leaf streak / black chaff caused by Xanthomonas translucens.

  ~ SIMILAR: Barley Yellow Dwarf Virus | Wheat Barley Yellow Dwarf
    Both name the same BYDV disease on wheat.

  ~ SIMILAR: Powdery Mildew | Blumeria Graminis F
    Pathogen-name label for the same disease (powdery mildew).

  ~ SIMILAR: Septoria Leaf Blotch | Zymoseptoria Tritici
    Same disease (Septoria tritici blotch) named by disease vs. pathogen.

  ~ SIMILAR: Glume Blotch | Parastagonospora Nodorum
    Same disease (Stagonospora nodorum / glume blotch) named by disease vs. pathogen.

  ~ SIMILAR: Head Scab | Fusarium Disease | Fusarium Graminearum Schwabe
    All overlap with Fusarium head blight (head scab) caused by F. graminearum.

  ~ SIMILAR: Cephalosporium Stripe | Wheat Cephalosporium Stripe
    Identical disease, duplicate entry.

  ~ SIMILAR: Stem Rust | Wheat Stem Rust
    Same disease, duplicate entry.

  ~ SIMILAR: Stripe Rust | Wheat Stripe Rust
    Same disease, duplicate entry.

  ~ SIMILAR: Rust | Wheat Leaf Rust | Wheat Stem Rust | Wheat Stripe Rust | Stem Rust | Stripe Rust
    Generic 'Rust' subsumes the three specific wheat rusts also listed separately.

  ~ SIMILAR: Common Bunt | Dwarf Bunt | Karnal Bunt | Wheat Bunt
    'Wheat Bunt' is a generic umbrella for the specific bunt diseases also listed.

  ~ SIMILAR: Smut | Loose Smut | Common Bunt | Dwarf Bunt | Karnal Bunt
    Generic 'Smut' overlaps with the specific smut/bunt diseases listed.

  ~ SIMILAR: Eyespot | Sharp Eyespot | Foot Rot
    All are stem-base diseases of wheat with overlapping symptoms and partly overlapping causal agents.

  ~ SIMILAR: Root Rot | Take-All Root Rot | Rhizoctonia Damping-Off | Pythium Diseases | Phytophthora Root And Crown Rots
    Generic 'Root Rot' overlaps with the specific root-rot diseases listed.

  ~ SIMILAR: Alternaria Blight | Alternaria Black Molds Stem Cankers
    Both invoke Alternaria on wheat; the second label is a garbled/conflated variant.

  SUMMARY: The list captures most of the major wheat diseases (rusts, bunts/smuts, Fusarium head blight, Septoria/Stagonospora blotches, tan spot, powdery mildew, BYDV, WSMV, take-all, eyespot, Cephalosporium stripe) but is noisy. Several entries duplicate one another (rusts, bunts, Cephalosporium stripe, bacterial streak/black chaff) or name pathogens instead of diseases (Blumeria graminis, Zymoseptoria tritici, Parastagonospora nodorum, Fusarium graminearum). A few entries are incorrect for wheat (Phytophthora root/crown rots, Fusarium wilts, the bean/stone-fruit bacterial entry, 'Resistance Phenotype') and several are overly generic (Rust, Smut, Leaf Spot, Root Rot, Fusarium Disease) and should be resolved to specific diseases.

######################################################################
# [518/544]  White King Bolete
# LAYER 1 — Crop Validation
######################################################################

──────────────────────────────────────────────────────────────────────
[518/544]  CROP: White King Bolete
──────────────────────────────────────────────────────────────────────
  Node A (real plant?)     : YES
  Node B (cultivated crop?): NO
  Node C (name correct?)   : N/A
  Verdict   : NON_CROP
  Category  : other
  Canonical : White King Bolete (Boletus barrowsii)
  Notes     : Wild edible mushroom foraged from coniferous forests, not cultivated as an agricultural or horticultural crop.

  → Skipping disease check (crop verdict: NON_CROP)

######################################################################
# [519/544]  White Mulberry
# LAYER 1 — Crop Validation
######################################################################

──────────────────────────────────────────────────────────────────────
[519/544]  CROP: White Mulberry
──────────────────────────────────────────────────────────────────────
  Node A (real plant?)     : YES
  Node B (cultivated crop?): YES
  Node C (name correct?)   : YES
  Verdict   : VALID
  Category  : tree_crop

# LAYER 2 — Disease Label Check
  Judging 3 diseases... done

======================================================================
[519/544]  DISEASES — CROP: White Mulberry
======================================================================
  Total: 3  |  CORRECT: 2  QUESTIONABLE: 1  INCORRECT: 0

  QUESTIONABLE:
    ?  Nattrassia Fungus: Names a fungal genus (Nattrassia, syn. Neoscytalidium) rather than a specific disease; while it can cause dieback/canker on mulberry, the label is vague and improperly formatted.

  SUMMARY: Two of the three labels (Bacterial Leaf Scorch and Phloeospora Leaf Spot) are legitimate, well-documented diseases of white mulberry. The 'Nattrassia Fungus' entry is questionable because it names a pathogen genus rather than a defined disease, and should be reformatted (e.g., 'Nattrassia Dieback' or 'Scytalidium Canker') for clarity.

######################################################################
# [520/544]  White Wood Aster
# LAYER 1 — Crop Validation
######################################################################

──────────────────────────────────────────────────────────────────────
[520/544]  CROP: White Wood Aster
──────────────────────────────────────────────────────────────────────
  Node A (real plant?)     : YES
  Node B (cultivated crop?): NO
  Node C (name correct?)   : N/A
  Verdict   : NON_CROP
  Category  : other
  Notes     : Eurybia divaricata is a wild native woodland wildflower, not cultivated as an agricultural or horticultural crop.

  → Skipping disease check (crop verdict: NON_CROP)

######################################################################
# [521/544]  Widow S-Thrill
# LAYER 1 — Crop Validation
######################################################################

──────────────────────────────────────────────────────────────────────
[521/544]  CROP: Widow S-Thrill
──────────────────────────────────────────────────────────────────────
  Node A (real plant?)     : NO
  Node B (cultivated crop?): N/A
  Node C (name correct?)   : N/A
  Verdict   : INVALID
  Category  : other
  Notes     : Not a recognised plant or crop name; appears to be a non-plant label or unrelated string.

  → Skipping disease check (crop verdict: INVALID)

######################################################################
# [522/544]  Wildginger
# LAYER 1 — Crop Validation
######################################################################

──────────────────────────────────────────────────────────────────────
[522/544]  CROP: Wildginger
──────────────────────────────────────────────────────────────────────
  Node A (real plant?)     : YES
  Node B (cultivated crop?): NO
  Node C (name correct?)   : N/A
  Verdict   : NON_CROP
  Category  : other
  Canonical : Wild Ginger (Asarum spp.)
  Notes     : Wild ginger (Asarum) is a woodland understory plant, not cultivated as an agricultural crop; it is occasionally grown as an ornamental groundcover but is not a standard horticultural crop.

  → Skipping disease check (crop verdict: NON_CROP)

######################################################################
# [523/544]  Willow
# LAYER 1 — Crop Validation
######################################################################

──────────────────────────────────────────────────────────────────────
[523/544]  CROP: Willow
──────────────────────────────────────────────────────────────────────
  Node A (real plant?)     : YES
  Node B (cultivated crop?): YES
  Node C (name correct?)   : YES
  Verdict   : VALID
  Category  : tree_crop

# LAYER 2 — Disease Label Check
  Judging 4 diseases... done

======================================================================
[523/544]  DISEASES — CROP: Willow
======================================================================
  Total: 4  |  CORRECT: 3  QUESTIONABLE: 1  INCORRECT: 0

  QUESTIONABLE:
    ?  Cercospora Fungi: Names a fungal genus rather than a specific disease; Cercospora leaf spot is only a minor/rare issue on willow.

  SUMMARY: Three of the four labels are well-established willow diseases (Cytospora canker, Marssonina leaf spot, and Melampsora rust). 'Cercospora Fungi' is weak — it names a genus rather than a disease and Cercospora is not a notable pathogen of willow, so it should be reworded or removed. Overall label quality is acceptable but would improve with consistent disease-level naming.

######################################################################
# [524/544]  Winged Burning Bush
# LAYER 1 — Crop Validation
######################################################################

──────────────────────────────────────────────────────────────────────
[524/544]  CROP: Winged Burning Bush
──────────────────────────────────────────────────────────────────────
  Node A (real plant?)     : YES
  Node B (cultivated crop?): YES
  Node C (name correct?)   : YES
  Verdict   : VALID
  Category  : ornamental

# LAYER 2 — Disease Label Check
  Judging 1 diseases... done

======================================================================
[524/544]  DISEASES — CROP: Winged Burning Bush
======================================================================
  Total: 1  |  CORRECT: 1  QUESTIONABLE: 0  INCORRECT: 0

  SUMMARY: The single label provided is a legitimate and recognized disease of winged burning bush. No duplicates or overlapping entries exist in this short list. Overall label quality is acceptable.

######################################################################
# [525/544]  Winter-Flowering Begonia
# LAYER 1 — Crop Validation
######################################################################

──────────────────────────────────────────────────────────────────────
[525/544]  CROP: Winter-Flowering Begonia
──────────────────────────────────────────────────────────────────────
  Node A (real plant?)     : YES
  Node B (cultivated crop?): YES
  Node C (name correct?)   : YES
  Verdict   : VALID
  Category  : ornamental

# LAYER 2 — Disease Label Check
  Judging 1 diseases... done

======================================================================
[525/544]  DISEASES — CROP: Winter-Flowering Begonia
======================================================================
  Total: 1  |  CORRECT: 0  QUESTIONABLE: 1  INCORRECT: 0

  QUESTIONABLE:
    ?  Bacterial Streak: Bacterial Streak is typically associated with grasses and cereals (e.g., rice, wheat) caused by Xanthomonas species; the common bacterial disease of begonias is Bacterial Leaf Spot/Blight caused by Xanthomonas axonopodis pv. begoniae, so this label is likely a misnomer for that disease.

  SUMMARY: The single label 'Bacterial Streak' is not a standard disease name for Winter-Flowering Begonia and most likely conflates the well-known Bacterial Leaf Spot/Blight caused by Xanthomonas axonopodis pv. begoniae. The label should be renamed to the accepted disease name for clarity and accuracy.

######################################################################
# [526/544]  Wisterias
# LAYER 1 — Crop Validation
######################################################################

──────────────────────────────────────────────────────────────────────
[526/544]  CROP: Wisterias
──────────────────────────────────────────────────────────────────────
  Node A (real plant?)     : YES
  Node B (cultivated crop?): YES
  Node C (name correct?)   : NO
  Verdict   : MISSPELLED_OR_UNSTANDARDISED
  Category  : ornamental
  Canonical : Wisteria
  Notes     : Plural form; standard common name is 'Wisteria', a cultivated ornamental flowering vine.

# LAYER 2 — Disease Label Check
  Judging 2 diseases... done

======================================================================
[526/544]  DISEASES — CROP: Wisterias
======================================================================
  Total: 2  |  CORRECT: 2  QUESTIONABLE: 0  INCORRECT: 0

  SUMMARY: Both labels are legitimate, well-documented diseases of wisteria covering distinct etiologies (fungal canker and viral infection). No duplicates or overlapping entries are present, and the list is accurate though limited in scope.

######################################################################
# [527/544]  Witch S Butter
# LAYER 1 — Crop Validation
######################################################################

──────────────────────────────────────────────────────────────────────
[527/544]  CROP: Witch S Butter
──────────────────────────────────────────────────────────────────────
  Node A (real plant?)     : YES
  Node B (cultivated crop?): NO
  Node C (name correct?)   : N/A
  Verdict   : NON_CROP
  Category  : other
  Canonical : Witch's Butter
  Notes     : Witch's Butter refers to jelly fungi (Tremella mesenterica or Exidia species), not a cultivated agricultural or horticultural crop.

  → Skipping disease check (crop verdict: NON_CROP)

######################################################################
# [528/544]  Witch-Hazel
# LAYER 1 — Crop Validation
######################################################################

──────────────────────────────────────────────────────────────────────
[528/544]  CROP: Witch-Hazel
──────────────────────────────────────────────────────────────────────
  Node A (real plant?)     : YES
  Node B (cultivated crop?): YES
  Node C (name correct?)   : YES
  Verdict   : VALID
  Category  : ornamental
  Notes     : Hamamelis spp.; cultivated as an ornamental shrub and for medicinal extract production.

# LAYER 2 — Disease Label Check
  Judging 3 diseases... done

======================================================================
[528/544]  DISEASES — CROP: Witch-Hazel
======================================================================
  Total: 3  |  CORRECT: 1  QUESTIONABLE: 2  INCORRECT: 0

  QUESTIONABLE:
    ?  Gonatobotryum Fungus: Names a fungal genus rather than a specific disease; Gonatobotryum species have been recorded on Hamamelis but the label is vague.
    ?  Seimatosporium Fungi: Names a fungal genus rather than a defined disease; Seimatosporium species can cause twig/leaf lesions on Hamamelis but the label is non-specific.

  ~ SIMILAR: Gonatobotryum Fungus | Seimatosporium Fungi
    Both labels identify a fungal genus rather than a named disease, reflecting the same labeling issue of pathogen-genus-as-disease.

  SUMMARY: One entry (Phyllosticta Leaf Spot) is a properly named witch-hazel disease, while the other two labels name fungal genera rather than defined diseases and should be re-labeled with the specific disease or pathogen species. Overall the list is thin and inconsistently formatted, mixing disease names with genus-level descriptors.

######################################################################
# [529/544]  Wood Decay
# LAYER 1 — Crop Validation
######################################################################

──────────────────────────────────────────────────────────────────────
[529/544]  CROP: Wood Decay
──────────────────────────────────────────────────────────────────────
  Node A (real plant?)     : NO
  Node B (cultivated crop?): N/A
  Node C (name correct?)   : N/A
  Verdict   : INVALID
  Category  : other
  Notes     : Wood decay is a process/disease condition caused by fungi, not a plant or crop.

  → Skipping disease check (crop verdict: INVALID)

######################################################################
# [530/544]  Wood Ears
# LAYER 1 — Crop Validation
######################################################################

──────────────────────────────────────────────────────────────────────
[530/544]  CROP: Wood Ears
──────────────────────────────────────────────────────────────────────
  Node A (real plant?)     : YES
  Node B (cultivated crop?): YES
  Node C (name correct?)   : YES
  Verdict   : VALID
  Category  : other
  Canonical : Wood Ear Mushroom
  Notes     : Edible cultivated fungus (Auricularia auricula-judae), not a true plant but grown as a horticultural crop.

# LAYER 2 — Disease Label Check
  Judging 1 diseases... done

======================================================================
[530/544]  DISEASES — CROP: Wood Ears
======================================================================
  Total: 1  |  CORRECT: 0  QUESTIONABLE: 0  INCORRECT: 1

  INCORRECT:
    x  Wood Ear: Wood Ear (Auricularia auricula-judae) is an edible mushroom, not a plant disease, and 'Wood Ears' is not a crop with documented diseases in the phytopathology sense.

  SUMMARY: The submission is not valid for plant disease quality-checking: 'Wood Ears' refers to an edible fungus (Auricularia spp.), and the single label 'Wood Ear' names the organism itself rather than any disease affecting it. No legitimate crop-disease pairings are present.

######################################################################
# [531/544]  Woody Debris
# LAYER 1 — Crop Validation
######################################################################

──────────────────────────────────────────────────────────────────────
[531/544]  CROP: Woody Debris
──────────────────────────────────────────────────────────────────────
  Node A (real plant?)     : NO
  Node B (cultivated crop?): N/A
  Node C (name correct?)   : N/A
  Verdict   : INVALID
  Category  : other
  Notes     : Woody debris refers to fallen branches and dead wood, not a plant or crop.

  → Skipping disease check (crop verdict: INVALID)

######################################################################
# [532/544]  Woolly Chanterelle
# LAYER 1 — Crop Validation
######################################################################

──────────────────────────────────────────────────────────────────────
[532/544]  CROP: Woolly Chanterelle
──────────────────────────────────────────────────────────────────────
  Node A (real plant?)     : NO
  Node B (cultivated crop?): N/A
  Node C (name correct?)   : N/A
  Verdict   : INVALID
  Category  : other
  Notes     : Woolly Chanterelle (Turbinellus floccosus) is a wild fungus, not a plant or plant-based crop.

  → Skipping disease check (crop verdict: INVALID)

######################################################################
# [533/544]  Wrinkly Stinkhorn
# LAYER 1 — Crop Validation
######################################################################

──────────────────────────────────────────────────────────────────────
[533/544]  CROP: Wrinkly Stinkhorn
──────────────────────────────────────────────────────────────────────
  Node A (real plant?)     : YES
  Node B (cultivated crop?): NO
  Node C (name correct?)   : N/A
  Verdict   : NON_CROP
  Category  : other
  Canonical : Wrinkly Stinkhorn (Phallus rugulosus)
  Notes     : Wild saprophytic fungus (stinkhorn mushroom), not a cultivated agricultural or horticultural crop.

  → Skipping disease check (crop verdict: NON_CROP)

######################################################################
# [534/544]  Yarrow
# LAYER 1 — Crop Validation
######################################################################

──────────────────────────────────────────────────────────────────────
[534/544]  CROP: Yarrow
──────────────────────────────────────────────────────────────────────
  Node A (real plant?)     : YES
  Node B (cultivated crop?): YES
  Node C (name correct?)   : YES
  Verdict   : VALID
  Category  : herb_spice
  Notes     : Cultivated as a medicinal/culinary herb (Achillea millefolium) and also used as an ornamental.

# LAYER 2 — Disease Label Check
  Judging 1 diseases... done

======================================================================
[534/544]  DISEASES — CROP: Yarrow
======================================================================
  Total: 1  |  CORRECT: 0  QUESTIONABLE: 1  INCORRECT: 0

  QUESTIONABLE:
    ?  Bacterial Leaf Spot: Bacterial leaf spot is a generic label; yarrow (Achillea) is rarely reported with a well-documented bacterial leaf spot, and the specific pathogen is not identified.

  SUMMARY: The single label provided is a vague, generic disease name rather than a specific, well-documented disease of yarrow. Yarrow is generally more susceptible to fungal issues (e.g., powdery mildew, rust, Botrytis) than bacterial leaf spot, so this entry should be clarified with a specific pathogen or reconsidered.

######################################################################
# [535/544]  Yellow Fairy Cups
# LAYER 1 — Crop Validation
######################################################################

──────────────────────────────────────────────────────────────────────
[535/544]  CROP: Yellow Fairy Cups
──────────────────────────────────────────────────────────────────────
  Node A (real plant?)     : YES
  Node B (cultivated crop?): NO
  Node C (name correct?)   : N/A
  Verdict   : NON_CROP
  Category  : other
  Canonical : Yellow Fairy Cups (Bisporella citrina)
  Notes     : Yellow Fairy Cups refers to Bisporella citrina, a wild saprobic fungus — not a cultivated plant or agricultural crop.

  → Skipping disease check (crop verdict: NON_CROP)

######################################################################
# [536/544]  Yellow Morel
# LAYER 1 — Crop Validation
######################################################################

──────────────────────────────────────────────────────────────────────
[536/544]  CROP: Yellow Morel
──────────────────────────────────────────────────────────────────────
  Node A (real plant?)     : YES
  Node B (cultivated crop?): NO
  Node C (name correct?)   : N/A
  Verdict   : NON_CROP
  Category  : other
  Canonical : Yellow Morel (Morchella esculenta)
  Notes     : Yellow morel is a wild edible fungus, not a plant or cultivated agricultural crop.

  → Skipping disease check (crop verdict: NON_CROP)

######################################################################
# [537/544]  Yellow Pitcherplant
# LAYER 1 — Crop Validation
######################################################################

──────────────────────────────────────────────────────────────────────
[537/544]  CROP: Yellow Pitcherplant
──────────────────────────────────────────────────────────────────────
  Node A (real plant?)     : YES
  Node B (cultivated crop?): YES
  Node C (name correct?)   : YES
  Verdict   : VALID
  Category  : ornamental
  Notes     : Sarracenia flava, a carnivorous plant cultivated as an ornamental.

# LAYER 2 — Disease Label Check
  Judging 1 diseases... done

======================================================================
[537/544]  DISEASES — CROP: Yellow Pitcherplant
======================================================================
  Total: 1  |  CORRECT: 0  QUESTIONABLE: 1  INCORRECT: 0

  QUESTIONABLE:
    ?  Anthracnose: Anthracnose (often Colletotrichum spp.) has been reported on Sarracenia in cultivation, but it is a generic fungal label rather than a well-characterized disease specifically documented for Sarracenia flava in the literature.

  SUMMARY: The single label 'Anthracnose' is a real fungal disease category and can occur on Sarracenia pitcher plants in cultivation, but it is vague and not a crop-specific, well-documented disease of Yellow Pitcherplant. The list is too sparse to assess coverage, and the label would benefit from pathogen-level specificity (e.g., Colletotrichum leaf spot).

######################################################################
# [538/544]  Yellow Spindle Coral
# LAYER 1 — Crop Validation
######################################################################

──────────────────────────────────────────────────────────────────────
[538/544]  CROP: Yellow Spindle Coral
──────────────────────────────────────────────────────────────────────
  Node A (real plant?)     : YES
  Node B (cultivated crop?): NO
  Node C (name correct?)   : N/A
  Verdict   : NON_CROP
  Category  : other
  Notes     : Yellow Spindle Coral (Clavulinopsis fusiformis) is a wild fungus, not a cultivated crop.

  → Skipping disease check (crop verdict: NON_CROP)

######################################################################
# [539/544]  Yellow Starthistle
# LAYER 1 — Crop Validation
######################################################################

──────────────────────────────────────────────────────────────────────
[539/544]  CROP: Yellow Starthistle
──────────────────────────────────────────────────────────────────────
  Node A (real plant?)     : YES
  Node B (cultivated crop?): NO
  Node C (name correct?)   : N/A
  Verdict   : NON_CROP
  Category  : other
  Canonical : Yellow Starthistle (Centaurea solstitialis)
  Notes     : Invasive weed, not cultivated as a crop.

  → Skipping disease check (crop verdict: NON_CROP)

######################################################################
# [540/544]  Yellow-Cedar Decline
# LAYER 1 — Crop Validation
######################################################################

──────────────────────────────────────────────────────────────────────
[540/544]  CROP: Yellow-Cedar Decline
──────────────────────────────────────────────────────────────────────
  Node A (real plant?)     : NO
  Node B (cultivated crop?): N/A
  Node C (name correct?)   : N/A
  Verdict   : INVALID
  Category  : other
  Notes     : This is the name of a forest decline syndrome affecting yellow-cedar (Callitropsis nootkatensis), not a crop itself.

  → Skipping disease check (crop verdict: INVALID)

######################################################################
# [541/544]  Yew
# LAYER 1 — Crop Validation
######################################################################

──────────────────────────────────────────────────────────────────────
[541/544]  CROP: Yew
──────────────────────────────────────────────────────────────────────
  Node A (real plant?)     : YES
  Node B (cultivated crop?): YES
  Node C (name correct?)   : YES
  Verdict   : VALID
  Category  : ornamental
  Notes     : Grown as an ornamental and hedging shrub/tree; also cultivated for taxane (anticancer) compound extraction.

# LAYER 2 — Disease Label Check
  Judging 3 diseases... done

======================================================================
[541/544]  DISEASES — CROP: Yew
======================================================================
  Total: 3  |  CORRECT: 2  QUESTIONABLE: 1  INCORRECT: 0

  QUESTIONABLE:
    ?  Pestalotiopsis Leaf Spot: Pestalotiopsis species can infect yew needles but are typically weak/secondary pathogens and the label names the genus rather than a specific disease.

  SUMMARY: The list contains two well-documented yew diseases (Cryptocline needle blight and Phytophthora root rot) and one questionable entry naming a pathogen genus (Pestalotiopsis) rather than a defined disease. Overall the set is accurate but narrow, and the Pestalotiopsis entry would benefit from a more specific disease name. No overlapping or duplicate labels are present.

######################################################################
# [542/544]  Yucca
# LAYER 1 — Crop Validation
######################################################################

──────────────────────────────────────────────────────────────────────
[542/544]  CROP: Yucca
──────────────────────────────────────────────────────────────────────
  Node A (real plant?)     : YES
  Node B (cultivated crop?): YES
  Node C (name correct?)   : YES
  Verdict   : VALID
  Category  : ornamental
  Notes     : Commonly refers to the ornamental Yucca genus (Asparagaceae); if the intent was the edible root crop, the correct name is 'Yuca' or 'Cassava' (Manihot esculenta).

# LAYER 2 — Disease Label Check
  Judging 1 diseases... done

======================================================================
[542/544]  DISEASES — CROP: Yucca
======================================================================
  Total: 1  |  CORRECT: 0  QUESTIONABLE: 1  INCORRECT: 0

  QUESTIONABLE:
    ?  Microsphaeropsis Concentrica: Names a fungal genus/species rather than a disease, and its association with Yucca as a primary pathogen is poorly documented.

  SUMMARY: The single label provided names a fungal organism (Microsphaeropsis concentrica) rather than a recognized disease of Yucca. While Microsphaeropsis species can cause leaf spots on various hosts, its specific association with Yucca is not well-established in standard plant pathology references. The label should be reformulated as a disease name (e.g., 'Microsphaeropsis leaf spot') with clearer host verification.

######################################################################
# [543/544]  Zinnia
# LAYER 1 — Crop Validation
######################################################################

──────────────────────────────────────────────────────────────────────
[543/544]  CROP: Zinnia
──────────────────────────────────────────────────────────────────────
  Node A (real plant?)     : YES
  Node B (cultivated crop?): YES
  Node C (name correct?)   : YES
  Verdict   : VALID
  Category  : ornamental

# LAYER 2 — Disease Label Check
  Judging 6 diseases... done

======================================================================
[543/544]  DISEASES — CROP: Zinnia
======================================================================
  Total: 6  |  CORRECT: 3  QUESTIONABLE: 3  INCORRECT: 0

  QUESTIONABLE:
    ?  Berkeleyomyces Basicola: Names the pathogen (cause of black root rot) rather than the disease; zinnia is a known host but the label is not a disease name.
    ?  Cladosporium Fungi: Refers to a fungal genus rather than a specific disease; Cladosporium leaf spot can occur on zinnia but the label is vague.
    ?  Flower Blights: Generic symptom category rather than a specific disease; multiple pathogens can cause flower blight on zinnia.

  ~ SIMILAR: Alternaria Blight | Flower Blights
    Alternaria blight on zinnia prominently affects flowers, so 'Flower Blights' overlaps with and partially duplicates the Alternaria entry.

  SUMMARY: The list mixes well-established zinnia diseases (Alternaria blight, powdery mildew, TSWV) with vague or pathogen-named entries that are not proper disease labels. 'Berkeleyomyces basicola' and 'Cladosporium fungi' should be reframed as diseases (black root rot, Cladosporium leaf spot), and 'Flower Blights' is too generic and overlaps with Alternaria blight. Overall label quality is inconsistent and would benefit from standardization to disease names.

######################################################################
# [544/544]  Zucchini
# LAYER 1 — Crop Validation
######################################################################

──────────────────────────────────────────────────────────────────────
[544/544]  CROP: Zucchini
──────────────────────────────────────────────────────────────────────
  Node A (real plant?)     : YES
  Node B (cultivated crop?): YES
  Node C (name correct?)   : YES
  Verdict   : VALID
  Category  : vegetable

# LAYER 2 — Disease Label Check
  Judging 6 diseases... done

======================================================================
[544/544]  DISEASES — CROP: Zucchini
======================================================================
  Total: 6  |  CORRECT: 5  QUESTIONABLE: 1  INCORRECT: 0

  QUESTIONABLE:
    ?  Yellow Mosaic Virus: The label is vague; zucchini is affected by Zucchini Yellow Mosaic Virus (ZYMV) specifically, and 'Yellow Mosaic Virus' alone could ambiguously refer to other mosaic viruses.

  SUMMARY: The disease list is largely accurate and represents major documented diseases of zucchini, with five clear CORRECT entries covering bacterial, fungal, oomycete, and viral pathogens. Only 'Yellow Mosaic Virus' is imprecise and should be clarified to 'Zucchini Yellow Mosaic Virus (ZYMV)' to avoid ambiguity with unrelated mosaic viruses. No overlapping or duplicate labels were detected.


Full JSON report saved to: /Users/tirthoroy/Desktop/CyberVisionAg/SageQualityChecker/disease_label_full_report.json

======================================================================
OVERALL DATASET QUALITY SUMMARY
======================================================================
  LAYER 1 — Crop Labels
    Total crops        : 544
    Invalid / Non-crop : 172
    Misspelled         : 43
    Valid              : 329

  LAYER 2 — Disease Labels (valid crops only)
    Total diseases     : 1843
    Incorrect          : 126  (6.8%)
    Questionable       : 699  (37.9%)
    Similar groups     : 326

