class,filename,match,part,split,reason
Anthracnose_Leaf_Spot_And_Top_Dieback,Corn_Disease_52.jpeg,yes,leaf,ref,"The leaf displays elongated necrotic lesions with dark brown/purple margins and yellowing (chlorosis) along the midrib; consistent with anthracnose leaf spot symptoms including coalescing lesions that blight large areas of the leaf tissue."
Anthracnose_Leaf_Spot_And_Top_Dieback,Corn_Disease_107.jpg,no,seed,rejected,"The image shows a healthy; mature corn ear with yellow kernels and no visible lesions; dark margins; or fungal fruiting structures characteristic of Anthracnose Leaf Spot and Top Dieback."
Anthracnose_Leaf_Spot_And_Top_Dieback,Corn_Disease_10.jpg,yes,stem,ref,"The stems show dark black lesions and necrotic tissue with internal browning and discoloration consistent with anthracnose stalk/top dieback symptoms caused by Colletotrichum graminicola."
Anthracnose_Leaf_Spot_And_Top_Dieback,Corn_Disease_42.jpg,no,pod,rejected,"The image shows a mature corn ear (pod/cob) with dried husks in a post-harvest field; displaying no leaf lesions; stem dieback; or the characteristic oval/spindle-shaped tan lesions with dark margins and black acervuli associated with Anthracnose Leaf Spot and Top Dieback."
Anthracnose_Leaf_Spot_And_Top_Dieback,Corn_Disease_93.jpg,yes,whole_plant,ref,"The image shows corn plants with extensive brown to reddish-purple discoloration and blighting of upper leaves and stem consistent with anthracnose top dieback; where the dark purplish-brown necrosis progresses up the stalk and causes leaf blight as described."
Anthracnose_Leaf_Spot_And_Top_Dieback,Corn_Disease_112.jpg,no,whole_plant,rejected,"The image shows a field of severely lodged; dry; and senescent corn plants with no visible anthracnose-specific symptoms such as oval/spindle-shaped lesions with dark margins or black acervuli on leaf tissue."
Anthracnose_Leaf_Spot_And_Top_Dieback,Corn_Disease_48.jpg,no,whole_plant,rejected,"The image shows a field of completely dead; dried corn stalks and leaves (likely post-harvest residue or severe drought damage) without the characteristic oval/spindle-shaped lesions with dark margins or black spiny acervuli associated with Anthracnose Leaf Spot and Top Dieback."
Anthracnose_Leaf_Spot_And_Top_Dieback,Corn_Disease_59.jpg,yes,stem,ref,"The microscopic image shows black; spiny acervuli with setae (characteristic fruiting structures of anthracnose) embedded in orange-brown necrotic plant tissue; consistent with the described black spiny fruiting structures developing on dead tissue in Anthracnose Leaf Spot and Top Dieback."
Anthracnose_Leaf_Spot_And_Top_Dieback,Corn_Disease_66.jpg,yes,whole_plant,ref,"The image shows severely blighted corn plants with widespread tan/brown necrotic leaves that have withered and dried; consistent with advanced anthracnose leaf blight where lesions have merged and caused extensive leaf death progressing up the plant."
Anthracnose_Leaf_Spot_And_Top_Dieback,Corn_Disease_18.jpg,yes,stem,ref,"The image shows a corn stem with brown discoloration; necrotic lesions; and dark margins characteristic of anthracnose stalk rot/top dieback; consistent with Colletotrichum graminicola infection; along with yellowing/bleaching of adjacent leaf tissue."
Anthracnose_Leaf_Spot_And_Top_Dieback,Corn_Disease_89.jpg,yes,whole_plant,ref,"The image shows corn plants with characteristic anthracnose top dieback symptoms; including brown/tan withered leaves and stalk death in the upper canopy consistent with Colletotrichum graminicola infection causing top dieback while surrounding plants remain green."
Anthracnose_Leaf_Spot_And_Top_Dieback,Corn_Disease_60.jpg,yes,stem,ref,"The stems display extensive black necrotic lesions with yellow-tan mottling consistent with anthracnose top dieback; where dark fungal lesions colonize and blacken the stalk tissue as described for this disease."
Anthracnose_Leaf_Spot_And_Top_Dieback,Corn_Disease_21.jpg,no,leaf,rejected,"The leaf shows yellowing margins; water-soaked necrosis along the edge; and scattered brown spots; but lacks the characteristic oval/spindle-shaped tan lesions with dark brown or purple margins and black spiny acervuli (setae) associated with Anthracnose Leaf Spot; the symptoms are more consistent with another disease such as bacterial leaf streak or Goss's wilt."
Anthracnose_Leaf_Spot_And_Top_Dieback,Corn_Disease_24.jpg,yes,stem,ref,"The image shows corn stalks with dark discoloration and lesions at the nodes consistent with anthracnose stalk rot/top dieback; where dark black discoloration at the nodes and tan-to-brown streaking on the internodes are characteristic symptoms of Colletotrichum graminicola infection causing anthracnose top dieback."
Anthracnose_Leaf_Spot_And_Top_Dieback,Corn_Disease_54.jpg,yes,leaf,ref,"The corn leaf displays oval to spindle-shaped necrotic lesions with dark brown to purple margins scattered along the leaf edge; which is consistent with the anthracnose leaf spot symptoms described."
Anthracnose_Leaf_Spot_And_Top_Dieback,Corn_Disease_5.jpg,yes,stem,test,"The close-up image shows black; spiny fruiting structures (acervuli with setae) on a reddish-brown necrotic plant surface; consistent with the described anthracnose black spiny fruiting bodies visible on dead tissue."
Anthracnose_Leaf_Spot_And_Top_Dieback,Corn_Disease_53.jpg,yes,whole_plant,ref,"The young corn plants show small oval to irregular brown lesions with darker margins on the leaves; consistent with early anthracnose leaf spot symptoms; along with browning at the leaf bases and stem areas typical of Colletotrichum graminicola infection."
Anthracnose_Leaf_Spot_And_Top_Dieback,Corn_Disease_73.jpg,yes,leaf,ref,"The young corn leaf displays oval to irregular necrotic lesions with dark brown margins on a green background; consistent with anthracnose leaf spot caused by Colletotrichum graminicola."
Anthracnose_Leaf_Spot_And_Top_Dieback,Corn_Disease_47.jpg,yes,stem,test,"The sugarcane stems show dark blackish-brown necrotic lesions with yellow discoloration consistent with anthracnose top dieback symptoms affecting stem tissue."
Anthracnose_Leaf_Spot_And_Top_Dieback,Corn_Disease_44.jpg,yes,leaf,ref,"The corn leaf displays oval to spindle-shaped tan/brown lesions with dark brown to purple margins on an otherwise green leaf; consistent with anthracnose leaf spot caused by Colletotrichum graminicola."
Aspergillus_Ear_Rot,Corn_Disease_24.jpg,yes,seed,ref,"The image shows olive-green to gray-green powdery mold growth on corn kernels consistent with Aspergillus ear rot; with discolored and deteriorating kernels characteristic of this disease."
Aspergillus_Ear_Rot,Corn_Disease_20.jpg,yes,seed,ref,"The corn ear displays the characteristic olive-green to gray-green powdery mold covering the kernels; consistent with Aspergillus ear rot; with spore masses visible across multiple kernel rows."
Aspergillus_Ear_Rot,Corn_Disease_18.jpg,yes,seed,ref,"The corn ear displays the characteristic olive-green to gray-green powdery mold coating the kernels consistent with Aspergillus ear rot; with visible spore masses and discolored; shriveled kernels typical of this disease."
Aspergillus_Ear_Rot,Corn_Disease_4.jpg,no,seed,rejected,"The image shows black/dark-colored mold growth between kernel rows rather than the characteristic olive-green to gray-green powdery Aspergillus mold; this discoloration pattern is more consistent with a different ear rot (possibly Cladosporium or another dark-pigmented fungal rot)."
Aspergillus_Ear_Rot,Corn_Disease_3.jpg,yes,seed,ref,"The image shows corn kernels under UV light with bright green fluorescence; which is characteristic of aflatoxin contamination from Aspergillus species; consistent with Aspergillus Ear Rot diagnosis."
Aspergillus_Ear_Rot,Corn_Disease_15.jpg,yes,seed,ref,"The image shows olive-green to gray-green powdery mold coating corn kernels on the ear; consistent with Aspergillus ear rot characterized by dusty fungal spores spreading across the kernel surface."
Aspergillus_Ear_Rot,Corn_Disease_14.jpg,yes,seed,test,"The corn ear displays olive-green to gray-green powdery mold on the kernels; particularly concentrated in bands across the ear and at the tip; consistent with Aspergillus ear rot symptoms described."
Aspergillus_Ear_Rot,Corn_Disease_19.jpg,yes,seed,test,"The corn ear tip shows discolored; shriveled kernels with olive-green to dark powdery mold growth concentrated at the tip; consistent with Aspergillus ear rot symptoms including kernel discoloration and fungal spore mass typical of Aspergillus species."
Aspergillus_Ear_Rot,Corn_Disease_23.jpg,yes,seed,test,"The corn ear displays the characteristic olive-green to gray-green powdery mold coating the kernels; consistent with Aspergillus ear rot; with spore masses visible across the exposed kernels and discoloration typical of aflatoxin-producing Aspergillus flavus infection."
Aspergillus_Ear_Rot,Corn_Disease_6.jpg,no,seed,rejected,"The image is a newspaper article about aflatoxin in corn and does not show any visual plant disease symptoms such as olive-green mold on kernels consistent with Aspergillus Ear Rot."
Aspergillus_Ear_Rot,Corn_Disease_2.jpg,yes,seed,skipped,"The corn ear displays olive-green to gray-green powdery mold coating the kernels; particularly concentrated in patches across the ear consistent with Aspergillus ear rot symptoms including discolored and shriveled kernels."
Aspergillus_Ear_Rot,Corn_Disease_25.jpg,yes,seed,skipped,"The corn ear displays olive-green to gray-green powdery mold on the kernels; particularly in band-like patches across the ear and at the tip; consistent with Aspergillus ear rot symptoms described."
Aspergillus_Ear_Rot,Corn_Disease_10.jpg,yes,seed,skipped,"The image shows corn kernels with a white-to-grayish powdery mold growth on one kernel; consistent with Aspergillus ear rot infection at a localized site on the ear."
Aspergillus_Ear_Rot,Corn_Disease_22.jpg,yes,seed,skipped,"The corn ear displays the characteristic olive-green to gray-green powdery mold on the kernels consistent with Aspergillus ear rot; with the fungal growth spread across multiple kernel rows as described."
Aspergillus_Ear_Rot,Corn_Disease_7.jpg,no,root,rejected,"The image shows a potted corn plant with darkened; rotting roots/base and soil mix; not olive-green powdery mold on corn kernels characteristic of Aspergillus ear rot."
Aspergillus_Ear_Rot,Corn_Disease_21.jpg,yes,seed,skipped,"The corn ear displays the characteristic olive-green to gray-green powdery mold (Aspergillus spores) covering the kernels; consistent with Aspergillus ear rot symptoms described; including discolored and partially shriveled kernels with dusty fungal growth spread across the ear."
Aspergillus_Ear_Rot,Corn_Disease_11.jpg,yes,seed,skipped,"The corn ear displays characteristic olive-green to gray-green powdery mold covering the kernels; consistent with Aspergillus ear rot; with visible spore masses and discolored/shriveled kernels typical of Aspergillus flavus infection."
Aspergillus_Ear_Rot,Corn_Disease_8.jpg,yes,seed,skipped,"The corn ear shows olive-green to gray-green powdery mold coating the kernels; particularly concentrated toward the tip of the ear; which is characteristic of Aspergillus ear rot as described."
Aspergillus_Ear_Rot,Corn_Disease_13.jpg,yes,seed,skipped,"The exposed corn ear shows olive-green to gray-green powdery mold patches on the kernels; consistent with Aspergillus ear rot symptoms described as olive-green mold scattered on the kernels."
Aspergillus_Ear_Rot,Corn_Disease_9.jpg,no,seed,rejected,"The image shows dark black/sooty mold growth between kernel rows rather than the characteristic olive-green to gray-green powdery Aspergillus mold; suggesting a different fungal pathogen such as Cladosporium or a sooty mold rather than Aspergillus ear rot."
Bacterial_Stalk_Rot,Corn_Disease_51.jpg,yes,whole_plant,ref,"The image shows a corn plant with severely wilted; tan-to-brown dried upper leaves and stalk collapse while surrounding plants remain green; consistent with bacterial stalk rot causing sudden plant collapse with intact vascular strands."
Bacterial_Stalk_Rot,Corn_Disease_26.jpg,yes,stem,ref,"The image shows a broken corn stalk with soft; mushy; discolored (tan to brown) internal tissue and dark rotted areas at the base consistent with bacterial stalk rot symptoms including stalk collapse and decay of lower internodes."
Bacterial_Stalk_Rot,Corn_Disease_42.jpg,yes,whole_plant,ref,"The image shows a corn plant with collapsed; brown; withered stalk and leaves consistent with bacterial stalk rot; where the lower internodes have rotted causing the plant to wilt and twist while surrounding plants remain green."
Bacterial_Stalk_Rot,Corn_Disease_17.jpg,yes,stem,ref,"The image shows a corn stalk with dark brown; rotted; and necrotic tissue at an internode with characteristic soft; disintegrating pith consistent with bacterial stalk rot symptoms described."
Bacterial_Stalk_Rot,Corn_Disease_16.jpg,yes,stem,ref,"The image shows maize stalks with brown; water-soaked; and rotting lower internodes with soft; discolored tissue consistent with Bacterial Stalk Rot symptoms including tan-to-brown necrosis and tissue breakdown."
Bacterial_Stalk_Rot,Corn_Disease_63.jpg,yes,stem,ref,"The image shows corn stalks with brown; soft; rotting lower internodes and dark discoloration consistent with the water-soaked; tan-to-brown mushy tissue decay described for Bacterial Stalk Rot."
Bacterial_Stalk_Rot,Corn_Disease_74.jpg,yes,whole_plant,ref,"The image shows a corn plant with severely wilted; tan-to-brown bleached and dried upper leaves and stalk tissue while surrounding plants remain green; consistent with the sudden collapse and straw-colored symptom pattern described for Bacterial Stalk Rot."
Bacterial_Stalk_Rot,Corn_Disease_64.jpg,yes,stem,ref,"The image shows a maize stalk with dark; water-soaked; necrotic tissue at an internode with soft; discolored; mushy pith and rind; consistent with bacterial stalk rot symptoms described."
Bacterial_Stalk_Rot,Corn_Disease_49.jpg,yes,whole_plant,ref,"The image shows corn plants with wilting; browning; and collapsed lower foliage consistent with bacterial stalk rot; where affected plants exhibit soft; tan-to-brown lower stalk tissue causing plant collapse while surrounding plants remain green."
Bacterial_Stalk_Rot,Corn_Disease_45.jpg,yes,whole_plant,ref,"The image shows a corn plant with brown; collapsed; and wilted stalk and leaves amid otherwise green plants; consistent with bacterial stalk rot causing sudden plant collapse with the stalk turning brown while surrounding tissue may remain green."
Bacterial_Stalk_Rot,Corn_Disease_23.jpg,yes,stem,test,"The image shows a green stalk with a brown; water-soaked; necrotic lesion at a node with soft; discolored tissue consistent with bacterial stalk rot symptoms including browning and tissue breakdown at the internode."
Bacterial_Stalk_Rot,Corn_Disease_69.jpg,yes,whole_plant,test,"The image shows a corn plant with completely wilted; brown; and desiccated leaves wrapping around a collapsed stalk standing among healthy green plants; consistent with the sudden plant collapse and stalk rot symptoms described for Bacterial Stalk Rot."
Bacterial_Stalk_Rot,Corn_Disease_61.jpg,yes,whole_plant,test,"The image shows a corn plant with severely wilted; tan-to-brown dried and collapsed upper leaves and stalk tissue consistent with bacterial stalk rot's sudden plant collapse; while surrounding plants remain green."
Bacterial_Stalk_Rot,Corn_Disease_37.jpg,yes,whole_plant,skipped,"The image shows a corn plant with collapsed; dried; tan-to-brown stalk with wilted and dead leaves consistent with bacterial stalk rot causing sudden plant collapse while surrounding plants remain green."
Bacterial_Stalk_Rot,Corn_Disease_6.jpg,yes,whole_plant,skipped,"The image shows a corn plant with completely wilted; brown; and collapsed stalk with dead leaves while surrounding plants remain green; consistent with the sudden plant collapse and stalk rot symptoms described for Bacterial Stalk Rot."
Bacterial_Stalk_Rot,Corn_Disease_36.jpg,yes,whole_plant,skipped,"The image shows a corn plant with sudden whole-plant collapse and complete browning/desiccation of leaves and stalk consistent with bacterial stalk rot; contrasting sharply with the healthy green plants surrounding it; which is characteristic of the sudden collapse pattern described."
Bacterial_Stalk_Rot,Corn_Disease_54.jpg,yes,stem,skipped,"The image shows a cross-sectioned maize stalk with soft; mushy; discolored (tan to brown) internal tissue and white mycelium/bacterial growth consistent with bacterial stalk rot; along with the characteristic rotted lower internode and intact vascular strands."
Bacterial_Stalk_Rot,Corn_Disease_57.jpg,yes,stem,skipped,"The image shows multiple stalks with brown; discolored; and deteriorating internodes with soft; rotted tissue consistent with the water-soaked; tan-to-brown mushy stalk symptoms described for Bacterial Stalk Rot."
Bacterial_Stalk_Rot,Corn_Disease_67.jpg,yes,stem,skipped,"The image shows a corn stalk with soft; mushy; discolored lower internode tissue and dark brown rotted areas consistent with bacterial stalk rot symptoms including tissue collapse and decay at the stalk base."
Bacterial_Stalk_Rot,Corn_Disease_27.jpg,yes,stem,skipped,"The image shows multiple stalks with brown; rotted; and collapsed tissue with dark discoloration consistent with the soft; mushy; tan-to-brown internode decay described for Bacterial Stalk Rot."
Barley_Yellow_Dwarf_Virus,Corn_Disease_2.jpg,yes,leaf,ref,"The corn leaves display yellowing and purpling/reddish-brown discoloration along the leaf margins running the length of the leaf; consistent with Barley Yellow Dwarf Virus symptoms described."
Barley_Yellow_Dwarf_Virus,Corn_Disease_4.jpg,yes,whole_plant,ref,"The image shows corn plants with purpling/reddening along leaf margins and general discoloration consistent with Barley Yellow Dwarf Virus symptoms; including the characteristic purpling visible on stems and leaf edges throughout the plant."
Barley_Yellow_Dwarf_Virus,Corn_Disease_5.jpg,yes,leaf,ref,"The corn leaves display characteristic purpling/reddish discoloration along the leaf margins and surfaces consistent with Barley Yellow Dwarf Virus symptoms; along with some yellowing and necrosis visible on the lower leaves."
Barley_Yellow_Dwarf_Virus,Corn_Disease_3.jpg,yes,whole_plant,ref,"The corn plants display prominent purpling and reddish-yellow discoloration along leaf margins running the full length of the leaves; consistent with Barley Yellow Dwarf Virus symptoms described as purpling or yellowing along leaf margins in maize."
Barley_Yellow_Dwarf_Virus,Corn_Disease_7.jpg,no,seed,rejected,"The image shows a corn cob with missing/blanked tip kernels which could suggest early infection effects; but there are no visible foliar symptoms such as purpling or yellowing along leaf margins characteristic of Barley Yellow Dwarf Virus; and the primary focus is on the seed/ear rather than leaf tissue."
Barley_Yellow_Dwarf_Virus,Corn_Disease_1.jpg,yes,whole_plant,ref,"The image shows corn/maize plants with yellowing and browning along leaf margins and general discoloration consistent with Barley Yellow Dwarf Virus symptoms; including the characteristic leaf margin discoloration running the length of the leaves."
Barley_Yellow_Dwarf_Virus,Corn_Disease_6.jpg,yes,whole_plant,ref,"The image shows corn/maize plants with characteristic purpling/reddish discoloration along leaf margins and overall plant stunting; consistent with Barley Yellow Dwarf Virus symptoms described."
Carbonum_Leaf_Spot,Corn_Disease_27.jpg,yes,leaf,ref,"The corn leaf displays elongated; grayish-tan lesions with darker borders arranged along the leaf veins; consistent with the oblong Race 2 lesions of Carbonum Leaf Spot (Helminthosporium carbonum) described for lower leaves of maturing plants."
Carbonum_Leaf_Spot,Corn_Disease_22.jpg,yes,leaf,ref,"The image shows a corn leaf with an oblong; grayish-tan lesion surrounded by a darker border on the lower leaf blade; consistent with Race 2 of Carbonum Leaf Spot as described."
Carbonum_Leaf_Spot,Corn_Disease_19.jpg,yes,leaf,ref,"The corn leaf displays numerous small; scattered tan-to-brown lesions with darker borders arranged along the leaf veins; consistent with Carbonum Leaf Spot's characteristic lesion pattern including the 'string of pearls' appearance."
Carbonum_Leaf_Spot,Corn_Disease_6.jpg,yes,leaf,ref,"The image shows oblong to elliptical grayish-tan lesions with darker borders on a corn leaf; consistent with Carbonum Leaf Spot (Race 2) which produces oblong lesions with a darker surrounding border on lower leaves."
Carbonum_Leaf_Spot,Corn_Disease_3.jpg,yes,leaf,ref,"The corn leaf displays elongated; oblong tan-to-grayish lesions with darker borders arranged along the leaf veins; consistent with the Race 2 description of Carbonum Leaf Spot (Helminthosporium carbonum)."
Carbonum_Leaf_Spot,Corn_Disease_15.jpg,yes,leaf,test,"The image shows circular to oval tan-brown lesions with yellow halos scattered across corn leaves; consistent with the Carbonum Leaf Spot description of circular tan to brown lesions with darker borders on leaf blades."
Carbonum_Leaf_Spot,Corn_Disease_14.jpg,no,leaf,rejected,"The image shows a microscopic view of multicellular; septate; golden-brown fungal conidia (spores); not macroscopic leaf lesions characteristic of Carbonum Leaf Spot's 'string of pearls' tan-to-brown circular lesions on leaf tissue."
Carbonum_Leaf_Spot,Corn_Disease_20.jpg,no,leaf,rejected,"The image shows large; elongated elliptical lesions with yellow halos more consistent with Northern Corn Leaf Blight (Exserohilum turcicum) or a similar disease; rather than the small circular tan-to-brown 'string of pearls' lesions or narrow linear lesions characteristic of Carbonum Leaf Spot."
Carbonum_Leaf_Spot,Corn_Disease_2.jpg,no,leaf,rejected,"The image shows a microscopic view of dark; multi-septate fungal conidia (spores) on hyphae; which is a laboratory specimen rather than macroscopic leaf symptoms such as the 'string of pearls' tan-to-brown lesions characteristic of Carbonum Leaf Spot."
Carbonum_Leaf_Spot,Corn_Disease_23.jpg,yes,leaf,test,"The corn leaf shows multiple circular to oval brown lesions with yellow halos arranged along the leaf veins; consistent with the 'string of pearls' pattern and tan-to-brown lesions with darker borders described for Carbonum Leaf Spot."
Carbonum_Leaf_Spot,Corn_Disease_18.jpg,no,leaf,rejected,"The image shows a single large circular lesion with a dark brown center surrounded by a yellow halo on a corn leaf; which is more consistent with a disease like eyespot or another fungal lesion rather than the characteristic 'string of pearls' pattern of small circular lesions along leaf veins described for Carbonum Leaf Spot."
Carbonum_Leaf_Spot,Corn_Disease_5.jpg,no,leaf,rejected,"The image shows a single oval lesion with a bright yellow halo on a corn leaf; which is more consistent with a bacterial or fungal spot disease (such as Goss's wilt or a fungal leaf spot with yellow halo); rather than the characteristic circular tan-brown 'string of pearls' lesions arranged along leaf veins typical of Carbonum Leaf Spot."
Carbonum_Leaf_Spot,Corn_Disease_9.jpg,no,leaf,rejected,"The lesion shown is a single large elliptical/diamond-shaped necrotic spot with a grayish-tan center; reddish-brown border; and yellow halo; more consistent with Gray Leaf Spot or Northern Corn Leaf Blight rather than the characteristic small circular lesions arranged in a 'string of pearls' pattern along the vein described for Carbonum Leaf Spot."
Carbonum_Leaf_Spot,Corn_Disease_29.jpg,no,root,rejected,"The image shows corn seedling roots and crowns with progressive root rot and crown discoloration; not the foliar 'string of pearls' circular tan-to-brown lesions along leaf veins characteristic of Carbonum Leaf Spot."
Carbonum_Leaf_Spot,Corn_Disease_24.jpg,no,seed,rejected,"The image shows a corn ear (cob) with dark; sooty-black discoloration of the kernels at the tip; which is consistent with a kernel/ear rot (such as Aspergillus or Nigrospora) rather than Carbonum Leaf Spot; which affects foliar tissues; leaf sheaths; and husks with characteristic tan-to-brown 'string of pearls' lesions."
Carbonum_Leaf_Spot,Corn_Disease_7.jpg,no,leaf,rejected,"The lesion shown is a single large elliptical/spindle-shaped lesion with a yellow halo and dark border; more consistent with Northern Corn Leaf Blight or another foliar disease; rather than the small circular tan-to-brown lesions arranged in a 'string of pearls' pattern characteristic of Carbonum Leaf Spot."
Carbonum_Leaf_Spot,Corn_Disease_10.jpg,no,whole_plant,rejected,"The image shows two uprooted corn seedlings—one severely wilted and necrotic (likely damping-off or root rot) and one with yellowing leaves—rather than the characteristic circular tan-to-brown 'string of pearls' lesions along leaf veins associated with Carbonum Leaf Spot."
Carbonum_Leaf_Spot,Corn_Disease_21.jpg,no,seed,rejected,"The image shows corn ears (cobs) with dark; sooty mold-like discoloration at the tip end of the kernels; which is inconsistent with Carbonum Leaf Spot's characteristic 'string of pearls' lesions on foliar; leaf sheath; or husk tissue."
Carbonum_Leaf_Spot,Corn_Disease_26.jpg,yes,leaf,test,"The image shows a corn leaf with an oblong; grayish-tan lesion surrounded by a yellow halo and darker border; consistent with Carbonum Leaf Spot (Race 2) symptoms described as narrow oblong lesions on lower leaves."
Carbonum_Leaf_Spot,Corn_Disease_11.jpg,yes,leaf,skipped,"The leaf shows numerous small; scattered tan-to-brown lesions with darker borders arranged along the leaf veins; consistent with Carbonum Leaf Spot (Race 2/3) oblong and linear lesion patterns on corn leaves."
Charcoal_Stalk_Rot,Corn_Disease_18.jpg,yes,stem,ref,"The image shows a split corn stalk with shredded; darkened pith and stringy vascular strands with a charred; grey-black interior appearance consistent with charcoal stalk rot sclerotia formation; along with visible whitish fungal material at the nodes."
Charcoal_Stalk_Rot,Corn_Disease_12.jpg,yes,stem,ref,"The split stalks show shredded pith with dark black sclerotia giving a charred/grey appearance to the internal tissue; which is the hallmark symptom of Charcoal Stalk Rot."
Charcoal_Stalk_Rot,Corn_Disease_19.jpg,yes,stem,ref,"The image shows a longitudinally split stalk with shredded; fibrous pith and numerous tiny black sclerotia (small dark specks) visible on the vascular strands; consistent with the charcoal stalk rot description of a charred; deteriorated internal stalk tissue."
Charcoal_Stalk_Rot,Corn_Disease_6.jpg,yes,stem,ref,"The image shows a shredded stalk with numerous tiny black sclerotia scattered across the vascular strands of the pith; giving the characteristic charred or grey appearance consistent with Charcoal Stalk Rot."
Charcoal_Stalk_Rot,Corn_Disease_32.jpg,yes,stem,ref,"The image shows a split/shredded stalk with disintegrated pith; dark brown to black discoloration along vascular strands; and tiny dark sclerotia-like specks giving the internal tissue a charred appearance; consistent with Charcoal Stalk Rot symptoms."
Charcoal_Stalk_Rot,Corn_Disease_31.jpg,yes,stem,test,"The image shows shredded; split stalks with fibrous vascular strands exposed and a tan-to-brown discoloration consistent with rotted pith tissue; matching the characteristic shredded stalk appearance of Charcoal Stalk Rot."
Charcoal_Stalk_Rot,Corn_Disease_37.jpg,yes,stem,test,"The image shows shredded maize stalks with disintegrated pith leaving only stringy vascular strands; consistent with the charcoal stalk rot description of rotted pith with exposed vascular tissue."
Charcoal_Stalk_Rot,Corn_Disease_2.jpg,yes,stem,test,"The image shows a split/shredded maize stalk with darkened; rotted internal pith tissue and stringy vascular strands remaining; consistent with the charcoal stalk rot description of shredded stalks with rotted pith leaving vascular strands with a charred/grey appearance."
Charcoal_Stalk_Rot,Corn_Disease_13.jpg,yes,stem,skipped,"The image shows shredded stalk tissue covered with numerous tiny black sclerotia on the vascular strands; giving the characteristic charred/grey appearance inside the stalk consistent with Charcoal Stalk Rot."
Charcoal_Stalk_Rot,Corn_Disease_39.jpg,yes,stem,skipped,"The image shows a split stalk with shredded; rotted pith and dark black sclerotia giving the interior a charred appearance; which is characteristic of Charcoal Stalk Rot."
Charcoal_Stalk_Rot,Corn_Disease_29.jpg,yes,stem,skipped,"The image shows a shredded corn stalk base with disintegrated pith leaving only stringy vascular strands and a grey/charred internal appearance consistent with charcoal stalk rot caused by Macrophomina phaseolina."
Charcoal_Stalk_Rot,Corn_Disease_35.jpg,yes,stem,skipped,"The image shows a longitudinally split stalk with shredded; fibrous pith and visible dark speckling consistent with tiny black sclerotia on vascular strands; giving the interior a charred appearance characteristic of Charcoal Stalk Rot."
Charcoal_Stalk_Rot,Corn_Disease_30.jpg,yes,stem,skipped,"The image shows split corn stalks with shredded pith; disintegrated internal tissue; and fibrous vascular strands with a greyish-charred appearance consistent with Charcoal Stalk Rot caused by Macrophomina phaseolina."
Charcoal_Stalk_Rot,Corn_Disease_26.jpg,yes,stem,skipped,"The image shows a split corn stalk with shredded pith; darkened/charred internal tissue; and visible stringy vascular strands consistent with the charcoal stalk rot description of rotted pith leaving only vascular strands with a grey-charred appearance."
Charcoal_Stalk_Rot,Corn_Disease_20.jpg,yes,stem,skipped,"The image shows a shredded corn stalk with the pith rotted away; leaving only stringy vascular strands; which is characteristic of Charcoal Stalk Rot caused by Macrophomina phaseolina."
Charcoal_Stalk_Rot,Corn_Disease_40.jpg,yes,stem,skipped,"The image shows shredded maize stalks with the pith rotted away; leaving only fibrous vascular strands—consistent with the charcoal stalk rot description of shredded stalks with rotted pith leaving stringy vascular tissue."
Charcoal_Stalk_Rot,Corn_Disease_5.jpg,yes,stem,skipped,"The image shows shredded corn stalks with disintegrated pith leaving only fibrous vascular strands; which is consistent with the charcoal stalk rot description of rotted pith with stringy vascular tissue remaining."
Charcoal_Stalk_Rot,Corn_Disease_33.jpg,yes,stem,skipped,"The image shows a split stalk with shredded pith; stringy vascular strands; and numerous tiny black sclerotia scattered throughout the internal tissue; giving the characteristic charred appearance consistent with Charcoal Stalk Rot."
Charcoal_Stalk_Rot,Corn_Disease_21.jpg,yes,stem,skipped,"The image shows a shredded maize stalk with rotted pith leaving only stringy vascular strands; which is consistent with the characteristic symptom of charcoal stalk rot where the internal pith disintegrates leaving fibrous vascular tissue."
Charcoal_Stalk_Rot,Corn_Disease_3.jpg,yes,stem,skipped,"The image shows split/sectioned stalks with shredded pith; stringy vascular strands; and dark grey-to-black discoloration internally consistent with the tiny black sclerotia giving the charred appearance characteristic of Charcoal Stalk Rot."
Cladosporium_Ear_Rot,Corn_Disease_4.jpg,yes,seed,ref,"The image shows dark green to black powdery mold growth with black streaks on the corn kernels/ear; consistent with Cladosporium Ear Rot symptoms described."
Cladosporium_Ear_Rot,Corn_Disease_2.jpg,yes,seed,ref,"The corn kernels display the characteristic dark green to black powdery mold growth on and between kernels with dark streaking; consistent with Cladosporium ear rot symptoms as described."
Cladosporium_Ear_Rot,Corn_Disease_3.jpg,yes,seed,ref,"The corn kernels display characteristic dark green to black powdery mold and streaking concentrated at the germ/attachment end; consistent with Cladosporium Ear Rot symptoms as described."
Cladosporium_Ear_Rot,Corn_Disease_5.jpg,yes,seed,ref,"The corn kernels display characteristic dark black streaks and powdery dark mold concentrated at the germ/attachment end of the kernels; consistent with Cladosporium Ear Rot symptoms described."
Cladosporium_Ear_Rot,Corn_Disease_1.jpg,yes,seed,ref,"The corn kernels display characteristic dark green to black powdery mold and black streaks; particularly concentrated at the germ/attachment end of the kernels; consistent with Cladosporium Ear Rot symptoms."
Common_Rust,Corn_Disease_139.jpg,yes,leaf,ref,"The image shows small; oval to elongate reddish-brown pustules scattered on the surface of a corn leaf; consistent with the uredinia of Common Rust (Puccinia sorghi) as described."
Common_Rust,Corn_Disease_107.jpg,yes,leaf,ref,"The corn leaf displays multiple circular to oval reddish-brown pustules (uredinia) scattered across both surfaces with surrounding yellowish-green halos; consistent with Common Rust (Puccinia sorghi) infection on maize."
Common_Rust,Corn_Disease_165.jpg,no,leaf,rejected,"The corn leaf shown appears largely healthy and green with only minor speckling; lacking the characteristic dark reddish-brown oval to elongate uredinia pustules surrounded by broken epidermis that define Common Rust."
Common_Rust,Corn_Disease_164.jpg,yes,leaf,ref,"The image shows reddish-brown pustules (uredinia) on a corn leaf surface; consistent with the elongate; dark reddish-brown pustules characteristic of Common Rust (Puccinia sorghi)."
Common_Rust,Corn_Disease_103.jpg,yes,leaf,ref,"The image shows a corn leaf with numerous dark reddish-brown oval pustules (uredinia) scattered across the leaf surface with surrounding broken epidermis; along with coalescing reddish-purple discoloration; all consistent with Common Rust (Puccinia sorghi) symptoms as described."
Common_Rust,Corn_Disease_14.jpg,yes,leaf,ref,"The image shows dark reddish-brown to orange oval pustules (uredinia) scattered on the corn leaf surface; consistent with the described Common Rust symptoms; along with what appear to be spores and broken epidermis around the pustules."
Common_Rust,Corn_Disease_211.jpg,yes,leaf,test,"The image shows numerous small; reddish-brown to orange pustules (uredinia) scattered across both surfaces of what appears to be a corn leaf; consistent with the description of Common Rust caused by Puccinia sorghi; with some darker brownish areas indicating maturing pustules."
Common_Rust,Corn_Disease_34.jpg,no,leaf,rejected,"The lesions visible are large; irregular tan/necrotic spots with brown borders rather than the small; dark reddish-brown oval pustules (uredinia) characteristic of Common Rust; suggesting a different disease such as Northern Corn Leaf Blight or a bacterial/fungal leaf spot."
Common_Rust,Corn_Disease_24.jpg,yes,leaf,test,"The image shows numerous dark reddish-brown pustules (uredinia) scattered across both surfaces of a corn leaf; consistent with the described symptoms of Common Rust caused by Puccinia sorghi."
Common_Rust,Corn_Disease_216.jpg,yes,leaf,test,"The image shows dark reddish-brown oval to elongate pustules (uredinia) erupting through the leaf epidermis on corn leaves; consistent with Common Rust caused by Puccinia sorghi; with the characteristic broken epidermal layer surrounding the pustules visible on both leaf surfaces."
Common_Rust,Corn_Disease_71.jpg,yes,leaf,skipped,"The image shows a corn leaf with numerous small; oval to elongate reddish-brown pustules (uredinia) scattered across both surfaces; consistent with Common Rust caused by Puccinia sorghi as described."
Common_Rust,Corn_Disease_101.jpg,yes,leaf,skipped,"The image shows numerous dark reddish-brown oval pustules (uredinia) scattered across the leaf surface on both upper and lower surfaces; consistent with the description of Common Rust caused by Puccinia sorghi; along with surrounding broken epidermis and areas of chlorosis."
Common_Rust,Corn_Disease_145.jpg,yes,leaf,skipped,"The image shows oval to elongate dark reddish-brown pustules surrounded by yellow chlorotic halos on a corn leaf; consistent with Common Rust (Puccinia sorghi) uredinia as described."
Common_Rust,Corn_Disease_125.jpg,yes,leaf,skipped,"The corn leaf displays characteristic dark reddish-brown oval pustules (uredinia) scattered across the leaf surface with surrounding broken epidermis; along with yellowing (chlorosis) around lesion clusters; consistent with Common Rust caused by Puccinia sorghi."
Common_Rust,Corn_Disease_17.jpg,yes,leaf,skipped,"The image shows dark reddish-brown oval to elongate pustules (uredinia) scattered across the corn leaf surface; consistent with Common Rust as described."
Common_Rust,Corn_Disease_62.jpg,yes,leaf,skipped,"The image shows oval to elongate reddish-brown pustules (uredinia) scattered on the corn leaf surface; consistent with the described symptoms of Common Rust caused by Puccinia sorghi."
Common_Rust,Corn_Disease_248.jpg,yes,leaf,skipped,"The image shows numerous small; reddish-brown pustules (uredinia) scattered across both corn leaf surfaces; consistent with the characteristic symptoms of Common Rust caused by Puccinia sorghi."
Common_Rust,Corn_Disease_75.jpg,no,leaf,rejected,"The corn leaf shown appears healthy and green with no visible dark reddish-brown pustules (uredinia) characteristic of Common Rust; only a tiny insect or speck is visible; with no disease symptoms present."
Common_Rust,Corn_Disease_219.jpg,yes,leaf,skipped,"The image shows dark reddish-brown powdery pustules (uredinia) scattered on a green corn leaf surface; consistent with the oval to elongate uredinia of Common Rust as described."
Common_Rust,Corn_Disease_51.jpg,yes,leaf,skipped,"The corn leaf displays numerous dark reddish-brown oval to elongate pustules (uredinia) scattered across the leaf surface with surrounding chlorotic halos; consistent with the described symptoms of Common Rust caused by Puccinia sorghi."
Common_Smut,Corn_Disease_14.jpg,yes,whole_plant,ref,"The image shows corn plants with white to silvery gall-like growths visible on the stalk and ear area; consistent with Common Smut galls caused by Ustilago maydis; along with leaf damage characteristic of the disease."
Common_Smut,Corn_Disease_200.jpg,yes,seed,ref,"The image shows a corn ear with large; white-to-silvery galls replacing the kernels; which is characteristic of Common Smut (Ustilago maydis) infection as described."
Common_Smut,Corn_Disease_107.jpg,yes,stem,ref,"The image shows a dark black gall mass on the corn stem/stalk node area; consistent with Common Smut's characteristic dark spore-filled galls appearing on above-ground plant parts."
Common_Smut,Corn_Disease_176.jpg,yes,stem,ref,"The image shows large galls on the corn stalk/ear area that are covered with white to silvery tissue and contain dark masses of spores; which is characteristic of Common Smut (Ustilago maydis)."
Common_Smut,Corn_Disease_194.jpg,yes,seed,ref,"The image shows a corn ear with characteristic white to silvery galls that are beginning to rupture and reveal dark masses of teliospores; which is classic for Ustilago maydis (common corn smut)."
Common_Smut,Corn_Disease_6.jpg,no,stem,rejected,"The image shows what appears to be a corn tassel or flower head with swollen; pale green structures; but there are no characteristic white-to-silvery galls filling with dark spore masses typical of common smut (Ustilago maydis)."
Common_Smut,Corn_Disease_70.jpg,yes,seed,ref,"The corn ear displays characteristic Common Smut galls—large; white-to-silvery fungal growths turning dark with spore masses—replacing normal kernels on the cob; consistent with the described symptoms."
Common_Smut,Corn_Disease_218.jpg,yes,seed,ref,"The corn ear displays classic Common Smut symptoms with large white-to-silvery galls that have ruptured to reveal dark masses of teliospores (Ustilago maydis) on the kernels; consistent with the disease description."
Common_Smut,Corn_Disease_89.jpg,yes,stem,ref,"A white to silvery gall consistent with common smut (Ustilago maydis) is visible at the base of the corn stalk; matching the described symptom of galls covered with white/silvery tissue on above-ground plant parts."
Common_Smut,Corn_Disease_139.jpg,yes,seed,ref,"The image shows characteristic common smut galls on what appears to be a grain head (seed/ear); with the classic white-to-silvery outer tissue that has ruptured to reveal dark masses of teliospores inside; consistent with Ustilago maydis infection."
Common_Smut,Corn_Disease_212.jpg,yes,stem,ref,"The image shows abnormal gall-like growths with white to yellowish-green tissue on the corn stem/ear base; consistent with Common Smut (Ustilago maydis) galls in their early to developing stage before darkening with spore masses."
Common_Smut,Corn_Disease_65.jpg,yes,seed,test,"The image shows a corn ear with characteristic common smut galls—white to silvery tissue transitioning to dark masses of teliospores—alongside otherwise normal-appearing kernels; consistent with Ustilago maydis infection."
Common_Smut,Corn_Disease_125.jpg,yes,seed,test,"The image shows corn ears with large; dark brown gall masses characteristic of common smut (Ustilago maydis); where the abnormal growths have matured and turned dark with spore masses consistent with the disease description."
Common_Smut,Corn_Disease_17.jpg,yes,stem,ref,"The image shows a large gall on the corn stalk with characteristic dark masses of spores and remnants of the white-to-silvery outer tissue; consistent with Common Smut (Ustilago maydis) symptoms on the stem."
Common_Smut,Corn_Disease_202.jpeg,yes,stem,test,"The image shows large white-to-silvery galls emerging from the corn stalk node; which is characteristic of common smut (Ustilago maydis) with the galls still in their early pale stage before darkening with spore masses."
Common_Smut,Corn_Disease_225.jpg,yes,stem,skipped,"The image clearly shows large; characteristic smut galls on the corn stem/ear area with the classic white-to-silvery outer tissue that has ruptured to reveal dark masses of teliospores inside; consistent with Common Smut (Ustilago maydis)."
Common_Smut,Corn_Disease_118.jpg,no,seed,rejected,"The image shows a microscopic view of fungal structures with dark teliospore clusters and elongated conidia/spores; not the macroscopic white-to-silvery galls or dark spore masses on plant tissue characteristic of common smut symptoms described."
Common_Smut,Corn_Disease_21.jpg,yes,stem,skipped,"The image shows large; characteristic white-to-silvery galls with developing dark spore masses on the corn stalk/ear region; which is classic of Ustilago maydis (common smut) infection."
Common_Smut,Corn_Disease_53.jpeg,yes,leaf,ref,"The image shows corn leaves covered with characteristic white-to-silvery galls consistent with Common Smut (Ustilago maydis); some of which are beginning to darken as the spore masses mature inside."
Common_Smut,Corn_Disease_68.jpg,yes,seed,skipped,"The image shows large white-to-silvery galls on the corn ear (kernels replaced by abnormal swollen growths); consistent with Common Smut caused by Ustilago maydis; which replaces normal seed tissue with characteristic galls that will later darken with spores."
Corn_Stunt_Spiroplasma,Corn_Disease_26.jpg,yes,stem,ref,"The image shows corn stalk/leaf tissue with reddening/purpling discoloration and scattered black fungal-like spots consistent with the reddening and late-season symptoms described for Corn Stunt Spiroplasma infection."
Corn_Stunt_Spiroplasma,Corn_Disease_22.jpg,no,whole_plant,rejected,"The image shows a field of fully mature; dried-down corn with uniformly tan/brown senescent foliage consistent with normal late-season maturity; not the characteristic stunting; reddening; chlorotic striping; shortened internodes; or multiple small ears associated with Corn Stunt Spiroplasma."
Corn_Stunt_Spiroplasma,Corn_Disease_19.jpg,yes,stem,ref,"The image shows corn stalks with reddish/purple discoloration of the leaves and stem tissue; shortened internodes; and multiple small ears consistent with Corn Stunt Spiroplasma symptoms including reddening and stunting."
Corn_Stunt_Spiroplasma,Corn_Disease_3.jpg,no,whole_plant,rejected,"The image shows severely desiccated; dried-out corn plants with tan/straw-colored foliage consistent with drought stress or late-season senescence; but lacks the characteristic reddening/chlorotic striping; stunted internodes; tillering; or multiple small ears associated with Corn Stunt Spiroplasma."
Corn_Stunt_Spiroplasma,Corn_Disease_29.jpg,yes,leaf,ref,"The corn leaf shows characteristic reddening/purpling discoloration and chlorotic streaking consistent with Corn Stunt Spiroplasma symptoms of leaf reddening and chlorotic stripes."
Corn_Stunt_Spiroplasma,Corn_Disease_15.jpg,yes,leaf,ref,"The corn leaf displays characteristic reddening/purpling discoloration and chlorotic streaking along the leaf blade consistent with the spiroplasma-induced leaf symptoms described for Corn Stunt Spiroplasma."
Corn_Stunt_Spiroplasma,Corn_Disease_14.jpg,yes,leaf,ref,"The image shows a corn leaf/husk with reddening/purpling discoloration and scattered dark spots consistent with the reddening and chlorotic symptoms described for Corn Stunt Spiroplasma infection."
Corn_Stunt_Spiroplasma,Corn_Disease_20.jpg,yes,pod,ref,"The image shows corn ears (pods/cobs) with pinkish-red discoloration on the husks and evidence of stunted; abnormal ear development consistent with Corn Stunt Spiroplasma symptoms including reddening and multiple small ears with loose kernels."
Corn_Stunt_Spiroplasma,Corn_Disease_2.jpeg,yes,whole_plant,ref,"The corn plants display classic Corn Stunt Spiroplasma symptoms including severe stunting with shortened internodes; reddening/purpling of leaves; tillering (multiple stalks from base); and overall poor plant development consistent with the described disease."
Corn_Stunt_Spiroplasma,Corn_Disease_23.jpg,yes,whole_plant,ref,"The corn plants show reddening/purpling of leaves; shortened internodes causing stunting; and overall symptomatology consistent with Corn Stunt Spiroplasma infection as described."
Corn_Stunt_Spiroplasma,Corn_Disease_18.jpg,yes,whole_plant,ref,"The corn plant shows characteristic Corn Stunt Spiroplasma symptoms including reddening/pink discoloration of leaves; severe stunting with shortened internodes; and overall plant decline consistent with the disease description."
Corn_Stunt_Spiroplasma,Corn_Disease_5.jpg,yes,leaf,ref,"The corn leaf displays characteristic reddening and chlorotic striping consistent with Corn Stunt Spiroplasma infection; as described by the reddish discoloration and stripe patterns extending along the leaf."
Corn_Stunt_Spiroplasma,Corn_Disease_27.jpg,yes,whole_plant,ref,"The image shows a corn plant with severe stunting; shortened internodes; reddish/pink discoloration of the stalk and leaves; and what appears to be multiple small ears; which are consistent with Corn Stunt Spiroplasma symptoms."
Corn_Stunt_Spiroplasma,Corn_Disease_9.jpg,yes,whole_plant,ref,"The corn plants display characteristic Corn Stunt Spiroplasma symptoms including reddening/purpling and yellowing (chlorosis) of leaves; visible stunting with shortened internodes; and overall abnormal coloration consistent with the disease description."
Corn_Stunt_Spiroplasma,Corn_Disease_24.jpg,yes,leaf,ref,"The image shows a corn leaf with reddish-purple discoloration and chlorotic striping along the leaf surface; consistent with the reddening and chlorotic stripe symptoms described for Corn Stunt Spiroplasma."
Corn_Stunt_Spiroplasma,Corn_Disease_7.jpeg,yes,whole_plant,test,"The corn plants show characteristic Corn Stunt Spiroplasma symptoms including severe stunting with shortened internodes; multiple small ears on a single stalk; and overall reduced plant height consistent with the disease description."
Corn_Stunt_Spiroplasma,Corn_Disease_10.jpg,yes,leaf,test,"The image shows corn leaves with characteristic reddening/purpling discoloration and chlorotic striping along the leaf veins; consistent with the red/purple leaf symptoms described for Corn Stunt Spiroplasma infection."
Corn_Stunt_Spiroplasma,Corn_Disease_21.jpg,yes,leaf,test,"The corn leaf displays characteristic chlorotic stripes and reddish/purplish discoloration extending along the leaf consistent with the chlorotic stripes and reddening symptoms described for Corn Stunt Spiroplasma."
Corn_Stunt_Spiroplasma,Corn_Disease_11.jpg,yes,whole_plant,skipped,"The corn plants show reddening/purpling of leaves; yellowing of leaf tips; and apparent stunting with shortened internodes; which are consistent with Corn Stunt Spiroplasma symptoms."
Corn_Stunt_Spiroplasma,Corn_Disease_25.jpeg,yes,whole_plant,skipped,"The image shows corn plants with multiple small ears forming at several nodes along the stalk and some leaf discoloration; consistent with the multiple ear production and shortened internode stunting characteristic of Corn Stunt Spiroplasma infection."
Crazy_Top,Corn_Disease_12.jpg,yes,whole_plant,ref,"The image shows a corn plant exhibiting classic Crazy Top symptoms including excessive tillering; proliferation of narrow strap-like leaves giving a bushy appearance; and distorted growth at the top of the plant; along with what appears to be an abnormal ear formation."
Crazy_Top,Corn_Disease_33.jpg,yes,whole_plant,ref,"The corn plant shows characteristic Crazy Top symptoms including severe distortion; twisted and proliferating leaves giving a bushy appearance; and abnormal growth architecture consistent with the described disease."
Crazy_Top,Corn_Disease_98.jpg,no,whole_plant,rejected,"The corn plants in the image appear healthy and normal with no visible symptoms of Crazy Top such as bushy proliferation of leaves below the tassel; strap-like leaves; stunting; or excessive tillering."
Crazy_Top,Corn_Disease_107.jpg,yes,whole_plant,ref,"The corn plants display symptoms consistent with Crazy Top; including stunted growth; distorted and proliferated leaves giving a bushy appearance; excessive tillering; and abnormal plant architecture characteristic of this downy mildew-caused disease."
Crazy_Top,Corn_Disease_93.jpg,yes,whole_plant,ref,"The image shows a corn plant with distorted; proliferating leaves and abnormal bushy growth at the top consistent with Crazy Top disease symptoms including leaf proliferation and twisted/deformed tissue."
Crazy_Top,Corn_Disease_113.jpg,yes,whole_plant,ref,"The corn plant on the left shows excessive tillering; stunted growth; and abnormal bushy proliferation of leaves consistent with Crazy Top disease symptoms described."
Crazy_Top,Corn_Disease_43.jpg,yes,whole_plant,test,"The corn plants display a bushy; proliferated appearance at the top with excessive leaf growth and distorted narrow leaves consistent with Crazy Top downy mildew symptoms."
Crazy_Top,Corn_Disease_71.jpeg,yes,whole_plant,test,"The corn plant displays classic Crazy Top symptoms including a severely distorted; bushy proliferation of narrow strap-like leaves at the top of the plant replacing normal tassel development; consistent with the described disease symptoms."
Crazy_Top,Corn_Disease_53.jpg,no,whole_plant,rejected,"The image shows a wide-angle field view of apparently healthy corn plants with no visible symptoms of Crazy Top such as bushy proliferation at the top; strap-like leaves; excessive tillering; or stunting."
Crazy_Top,Corn_Disease_72.jpg,yes,leaf,ref,"The image shows corn leaves with characteristic Crazy Top symptoms including proliferation of narrow; strap-like distorted leaves creating a bushy appearance; consistent with the disease description."
Crazy_Top,Corn_Disease_10.jpeg,no,whole_plant,rejected,"The corn plants in the image show some lower leaf senescence and what appears to be smut on an ear; but lack the characteristic bushy proliferation of leaves below the tassel; strap-like leaves; excessive tillering; and distorted stunted appearance that define Crazy Top disease."
Crazy_Top,Corn_Disease_96.jpg,yes,whole_plant,test,"The corn plant shows classic Crazy Top symptoms including severe proliferation of narrow; strap-like leaves below the tassel creating a bushy; distorted appearance with twisted and tangled foliage consistent with the disease description."
Crazy_Top,Corn_Disease_65.jpg,no,whole_plant,rejected,"The corn plants in the image appear healthy and normal with no signs of Crazy Top disease symptoms such as distortion; bushy proliferation at the top; strap-like leaves; excessive tillering; or stunting."
Crazy_Top,Corn_Disease_68.jpg,yes,whole_plant,skipped,"The image shows a corn plant with proliferation of leafy tissue below the tassel and distorted; bushy growth at the top; which is consistent with the Crazy Top disease description of leaf proliferation and abnormal tassel development."
Crazy_Top,Corn_Disease_36.jpg,yes,whole_plant,skipped,"The corn plant displays classic Crazy Top symptoms including excessive tillering; proliferation of leaves giving a bushy appearance; and distorted plant architecture consistent with the described disease."
Crazy_Top,Corn_Disease_61.jpg,no,whole_plant,rejected,"The corn plants in the image appear generally healthy and upright without the characteristic symptoms of Crazy Top such as bushy proliferation of leaves below the tassel; excessive tillering; narrow strap-like leaves; or distorted/stunted growth."
Crazy_Top,Corn_Disease_77.jpeg,yes,whole_plant,skipped,"The image shows corn plants with distorted; drooping; and proliferating leaves with a bushy; chaotic appearance at the top consistent with Crazy Top disease symptoms."
Crazy_Top,Corn_Disease_127.jpg,no,whole_plant,rejected,"The corn plants in the image appear healthy and uniform with no visible signs of Crazy Top disease such as bushy distorted tops; excessive tillering; strap-like leaves; or stunted/proliferated growth."
Crazy_Top,Corn_Disease_115.jpg,no,whole_plant,rejected,"The corn plants in the image appear healthy and normal with no signs of the characteristic Crazy Top symptoms such as bushy proliferation of leaves below the tassel; strap-like leaves; stunting; or excessive tillering."
Crazy_Top,Corn_Disease_21.jpg,yes,whole_plant,skipped,"The corn plant displays classic Crazy Top symptoms including proliferation of leafy tissue below the tassel; distorted bushy appearance at the top; and abnormal leaf-like structures replacing normal tassel development."
Crown_Rot,Corn_Disease_4.jpg,yes,stem,ref,"The image shows two plant crowns with dark brown to black discoloration at the crown/base tissue and roots; consistent with Crown Rot symptoms including rotted crown interior and darkened root tissue as described."
Crown_Rot,Corn_Disease_2.jpg,yes,root,ref,"The image shows the crown and root system of a plant with dark brown-black discoloration of the crown tissue and roots; consistent with the described Crown Rot symptoms including dark interior discoloration at the crown and rotting root tissue."
Crown_Rot,Corn_Disease_3.jpg,yes,stem,ref,"The image shows dark brown to black discoloration of the crown/stem base tissue with rotted internal tissue and deteriorating roots; consistent with Crown Rot symptoms described."
Crown_Rot,Corn_Disease_5.jpg,yes,root,ref,"The image shows crown and root tissue with dark brown to black discoloration at the crown/root junction; consistent with the described Crown Rot symptoms of dark brown-black discoloration of crown interior and roots."
Crown_Rot,Corn_Disease_1.jpg,yes,stem,ref,"The image shows corn seedling crowns with dark brown to reddish-brown discoloration at the crown/mesocotyl region; consistent with the described Crown Rot symptoms of dark discoloration of crown tissue visible at early growth stages."
Damping_Off,Corn_Disease_4.jpg,yes,whole_plant,ref,"The image shows stunted; poorly emerging corn seedlings with yellowing; necrotic tissue and apparent mesocotyl/stem deterioration at the soil line; consistent with damping-off symptoms in early-stage corn seedlings growing in dry; crusted soil conditions."
Damping_Off,Corn_Disease_2.jpg,yes,whole_plant,ref,"The image shows young corn seedlings with reddish-purple discoloration at the base/mesocotyl area and stunted growth in cracked; compacted soil conditions consistent with damping-off symptoms described."
Damping_Off,Corn_Disease_3.jpg,yes,whole_plant,ref,"The pulled corn seedling shows a rotted; discolored mesocotyl region at the base of the stem with stunted growth; consistent with damping-off symptoms described for corn seedlings in wet; heavy soils."
Damping_Off,Corn_Disease_5.jpg,yes,whole_plant,ref,"The corn seedling shows stunted growth with browning and necrosis at the base consistent with damping-off; displaying the rotted mesocotyl and overall decline described in the disease profile."
Damping_Off,Corn_Disease_1.jpg,yes,whole_plant,ref,"The image shows corn seedlings pulled from wet; heavy soil with rotted; discolored mesocotyl tissue and stunted growth; consistent with damping-off disease symptoms as described."
Diplodia_Ear_Rot,Corn_Disease_42.jpg,yes,pod,ref,"The corn ear shows bleached/brown husks pulled back; rotted discolored kernels with browning from the tip area; and the overall mummified grayish-brown appearance consistent with Diplodia ear rot symptoms described."
Diplodia_Ear_Rot,Corn_Disease_30.jpg,yes,pod,ref,"The image shows a bleached/straw-colored corn husk with numerous small black pycnidia (raised black dots) scattered across the surface and whitish mycelial growth; which are classic symptoms of Diplodia ear rot on husk tissue."
Diplodia_Ear_Rot,Corn_Disease_56.jpg,no,pod,rejected,"The ear shows desiccated; shrunken kernels with a bleached/grey husk but lacks the characteristic white fungal mycelium at the base; raised black pycnidia; or mummified appearance typical of Diplodia ear rot; it appears more consistent with drought stress or normal maturation drying."
Diplodia_Ear_Rot,Corn_Disease_2.jpg,no,seed,rejected,"The ear shows dried; mature kernels with bleached husks but lacks the characteristic white fungal mycelium at the base; grayish-brown mummification; or visible black pycnidia that are hallmarks of Diplodia ear rot; it appears to be a normal mature/dried corn ear."
Diplodia_Ear_Rot,Corn_Disease_24.jpg,no,pod,rejected,"The ear shown displays mature; dry kernels without the characteristic white fungal mycelium at the base; bleached husks; mummified appearance; or black pycnidia that are diagnostic of Diplodia ear rot."
Diplodia_Ear_Rot,Corn_Disease_28.jpg,yes,pod,ref,"The corn ear displays white fungal mycelium covering the upper kernels with a bleached/mummified husk appearance and discolored kernels consistent with Diplodia ear rot symptoms described."
Diplodia_Ear_Rot,Corn_Disease_57.jpg,yes,pod,ref,"The image shows a corn ear with bleached; dried husks and pale/grayish-brown kernels consistent with Diplodia ear rot symptoms; including the premature death of ear leaves and the mummified; lightweight appearance of the ear."
Diplodia_Ear_Rot,Corn_Disease_8.jpg,yes,seed,ref,"The image shows a cross-section of a corn ear with white/grayish fungal mycelium growing between kernels and dark pycnidia visible; consistent with Diplodia ear rot symptoms including mummified; discolored kernels with fungal growth."
Diplodia_Ear_Rot,Corn_Disease_4.jpg,yes,seed,ref,"The image shows a corn ear cross-section with white fungal mycelium growing between kernels; brown discoloration; and visible black pycnidia consistent with Diplodia ear rot symptoms described."
Diplodia_Ear_Rot,Corn_Disease_27.jpg,yes,pod,ref,"The image shows corn ears with bleached/dried husks; premature leaf death; and darkened cob tissue consistent with Diplodia ear rot; along with leaves showing lesions characteristic of the associated disease pressure."
Diplodia_Ear_Rot,Corn_Disease_18.jpg,yes,pod,test,"The image shows a corn ear with bleached/white husks and premature death of ear leaves; consistent with Diplodia ear rot's characteristic bleached husk appearance and white mycelium growth starting from the base of the ear."
Diplodia_Ear_Rot,Corn_Disease_50.jpg,yes,pod,test,"The image shows corn ears with bleached; prematurely dying husks and rotted ear tissue consistent with Diplodia ear rot; along with visible stem discoloration and a mummified-looking ear partially visible at lower right."
Diplodia_Ear_Rot,Corn_Disease_38.jpg,yes,pod,test,"The corn ears display white fungal mycelium covering the kernels from the base; grayish-brown discoloration; and bleached/deteriorated husks; which are characteristic symptoms of Diplodia ear rot."
Diplodia_Ear_Rot,Corn_Disease_41.jpg,yes,seed,ref,"The image shows a cross-section of a corn ear with mummified; grayish-brown discolored kernels covered in powdery fungal material and dark pycnidia-like spots between kernels; consistent with Diplodia ear rot symptoms."
Diplodia_Ear_Rot,Corn_Disease_37.jpg,yes,pod,skipped,"The image shows a corn ear with husks pulled back revealing kernels with brown discoloration at the tip and bleached; dried husk tissue consistent with Diplodia ear rot symptoms; along with prematurely dying ear leaves on a lodged plant."
Diplodia_Ear_Rot,Corn_Disease_47.jpg,yes,pod,skipped,"The image shows a corn ear with bleached/dried husks; premature husk death; and brownish discoloration of the ear consistent with Diplodia ear rot symptoms described; including the mummified appearance and husk bleaching."
Diplodia_Ear_Rot,Corn_Disease_12.jpg,yes,pod,skipped,"The image shows a corn ear with bleached; grayish-brown husks that have died prematurely and dark/blackened silk and husk tissue consistent with Diplodia ear rot symptoms including mummified appearance and discolored husks."
Diplodia_Ear_Rot,Corn_Disease_29.jpg,yes,pod,skipped,"The corn ears display the characteristic white-to-grayish fungal mycelium overgrowth and bleached; mummified kernels consistent with Diplodia ear rot; with discoloration progressing from the tip toward the base."
Diplodia_Ear_Rot,Corn_Disease_53.jpg,yes,seed,ref,"The image shows a cross-section of a corn ear with white fungal mycelium growing between kernels and small black pycnidia visible; which are classic diagnostic features of Diplodia ear rot."
Diplodia_Ear_Rot,Corn_Disease_13.jpg,yes,pod,skipped,"The image shows a corn ear with bleached/mummified husks; grayish-brown discoloration; and shrunken kernels consistent with Diplodia ear rot symptoms; attached to a stalk showing characteristic reddish-brown discoloration."
Diplodia_Stalk_Rot,Corn_Disease_14.jpg,yes,stem,ref,"The image shows dried; discolored lower stalk tissue with browning and degradation at the node region; consistent with Diplodia stalk rot's characteristic tan-to-brown discoloration and maceration of the stalk pith and rind."
Diplodia_Stalk_Rot,Corn_Disease_27.jpg,yes,stem,ref,"The image shows dried corn stalks with brown discoloration at the nodes and rind of the lower stalk; consistent with Diplodia stalk rot's characteristic tan-to-brown discoloration and tissue breakdown of the stalk internodes."
Diplodia_Stalk_Rot,Corn_Disease_28.jpg,yes,stem,ref,"The image shows soybean or corn stalk tissue with numerous small black pycnidia (fungal fruiting bodies) embedded in the tan-to-brown discolored lower stalk rind; which is characteristic of Diplodia stalk rot."
Diplodia_Stalk_Rot,Corn_Disease_20.jpg,yes,stem,ref,"The image shows a plant stalk with tan to brown discoloration and numerous small black pycnidia (fungal structures) embedded within the rind near the node; consistent with Diplodia stalk rot symptoms."
Diplodia_Stalk_Rot,Corn_Disease_31.jpg,yes,stem,ref,"The image shows a dried; discolored maize stalk node with brown to tan discoloration and deteriorated pith tissue consistent with Diplodia stalk rot affecting the lower stalk internodes."
Diplodia_Stalk_Rot,Corn_Disease_4.jpg,yes,stem,test,"The image shows a dried corn stalk with dark discoloration and small black structures (pycnidia) embedded in the lower stalk rind; consistent with Diplodia stalk rot symptoms."
Diplodia_Stalk_Rot,Corn_Disease_23.jpg,no,stem,rejected,"The image shows dried; mechanically broken bamboo/cane stems with fibrous splintering at a joint; but no small black pycnidia embedded in the rind or tan-to-brown pith discoloration characteristic of Diplodia stalk rot."
Diplodia_Stalk_Rot,Corn_Disease_19.jpg,yes,stem,test,"The image shows a broken maize stalk with numerous small black pycnidia (fungal fruiting bodies) embedded within the tan-to-brown discolored rind and pith tissue; which is characteristic of Diplodia stalk rot."
Diplodia_Stalk_Rot,Corn_Disease_24.jpg,yes,stem,test,"The image shows dried maize stalks with tan-to-brown discoloration and small dark (black) embedded structures visible on the stalk rind near the node; consistent with Diplodia stalk rot symptoms."
Diplodia_Stalk_Rot,Corn_Disease_2.jpg,yes,stem,skipped,"The image shows lodged corn stalks with brown to tan discoloration and deterioration of the lower stalk tissue consistent with Diplodia stalk rot; which causes maceration and browning of the pith in lower nodes."
Diplodia_Stalk_Rot,Corn_Disease_33.jpg,no,stem,rejected,"The image shows a dried; broken corn stalk with mechanical damage and desiccation but lacks the characteristic small black pycnidia embedded in the rind or tan-to-brown macerated pith discoloration typical of Diplodia stalk rot."
Diplodia_Stalk_Rot,Corn_Disease_22.jpg,yes,stem,skipped,"The image shows a collapsed/lodged corn stalk with tan-brown discoloration and deterioration of the lower stalk tissue consistent with Diplodia stalk rot; which causes internal pith maceration and stalk breakdown leading to plant lodging."
Diplodia_Stalk_Rot,Corn_Disease_32.jpg,yes,stem,skipped,"The image shows a corn stalk with tan-to-brown discoloration at a node and numerous small black pycnidia (fungal structures) embedded within the stalk rind; which are characteristic symptoms of Diplodia stalk rot."
Diplodia_Stalk_Rot,Corn_Disease_18.jpg,yes,stem,skipped,"The image shows fallen corn stalks with brown discoloration and deterioration of the lower stalk tissue consistent with Diplodia stalk rot; which causes rotting and lodging of corn stems."
Diplodia_Stalk_Rot,Corn_Disease_17.jpg,yes,stem,skipped,"The image shows corn stalks with dark brown to reddish-brown discoloration on the lower stalk internodes and nodes; consistent with the pith maceration and rind discoloration characteristic of Diplodia stalk rot."
Diplodia_Stalk_Rot,Corn_Disease_5.jpg,yes,stem,skipped,"The image shows split maize stalks with small black pycnidia (fruiting bodies) embedded in the stalk rind and brown discoloration of the internal pith tissue; consistent with Diplodia stalk rot symptoms."
Diplodia_Stalk_Rot,Corn_Disease_15.jpg,yes,stem,skipped,"The image shows a split stalk with brown to black discoloration at the node and numerous small black pycnidia (structures) embedded within the stalk rind; consistent with Diplodia stalk rot symptoms."
Diplodia_Stalk_Rot,Corn_Disease_3.jpg,yes,stem,skipped,"The image shows a corn stalk cross-section with numerous small black pycnidia (fruiting bodies) embedded within the stalk rind; which is the hallmark diagnostic feature of Diplodia stalk rot as described."
Diplodia_Stalk_Rot,Corn_Disease_1.jpg,yes,stem,skipped,"The image shows a maize stalk internode with tan-to-brown discoloration; surface cracking; and small dark (black) pycnidia-like structures embedded in the rind near the node; consistent with Diplodia stalk rot symptoms."
Diplodia_Stalk_Rot,Corn_Disease_8.jpg,yes,stem,skipped,"The image shows a plant stem with tan-to-brown discoloration and numerous small black pycnidia (fruiting bodies) embedded within the stalk rind; consistent with Diplodia stalk rot symptoms."
Downy_Mildew,Corn_Disease_5.jpg,yes,leaf,ref,"The corn leaves display characteristic yellow-to-white striping running from the base toward the tip; consistent with downy mildew symptoms described for maize."
Downy_Mildew,Corn_Disease_4.jpg,no,whole_plant,rejected,"The corn plants in the image appear uniformly healthy and green without the characteristic yellow-to-white striping; chlorosis; stunting; leaf narrowing; or white downy mycelium associated with downy mildew."
Downy_Mildew,Corn_Disease_13.jpg,yes,whole_plant,ref,"The young corn plant shows stunted; erect growth with narrow; tightly clustered leaves consistent with downy mildew-induced chlorosis and abnormal leaf development described in the disease profile."
Downy_Mildew,Corn_Disease_18.jpg,no,whole_plant,rejected,"The corn plants appear uniformly green and healthy with no visible yellow-to-white striping; chlorosis; stunting; leaf shredding; or downy mycelium characteristic of Downy Mildew."
Downy_Mildew,Corn_Disease_14.jpg,no,whole_plant,rejected,"The corn plants in the image appear uniformly healthy and green with no visible yellow-to-white striping; chlorosis; stunting; narrowing of leaves; or downy mycelium characteristic of downy mildew."
Downy_Mildew,Corn_Disease_16.jpg,no,whole_plant,rejected,"The corn plants in the image appear healthy and uniformly green with no visible yellow-to-white striping; chlorosis; stunting; or downy mycelium on the leaves consistent with downy mildew symptoms."
Downy_Mildew,Corn_Disease_8.jpg,no,whole_plant,rejected,"The corn plants in the image appear healthy and uniformly green without the characteristic yellow-to-white striping; stunting; chlorosis; narrowed erect leaves; or downy mycelium on leaf surfaces associated with Downy Mildew."
Downy_Mildew,Corn_Disease_15.jpg,no,whole_plant,rejected,"The corn plants appear uniformly green and healthy with no visible yellow-to-white striping; chlorosis; stunting; or downy mycelium on leaf surfaces consistent with Downy Mildew symptoms."
Downy_Mildew,Corn_Disease_2.jpg,yes,whole_plant,ref,"The corn plant shows characteristic downy mildew symptoms including stunted growth; erect and twisted/shredded leaves; and yellow-green chlorotic striping consistent with the described disease."
Downy_Mildew,Corn_Disease_7.jpg,no,whole_plant,rejected,"The corn plants in the image appear uniformly healthy and green with no visible yellow/white striping; chlorosis; stunting; shredding; or downy mycelium that are characteristic of Downy Mildew infection."
Downy_Mildew,Corn_Disease_10.jpg,yes,whole_plant,ref,"The corn plants display yellow-to-white striping on leaves from base toward tip and erect; somewhat shredded foliage consistent with downy mildew symptoms described."
Downy_Mildew,Corn_Disease_3.jpg,no,whole_plant,rejected,"The corn plants appear healthy and uniformly green with no visible yellow-to-white striping; chlorosis; stunting; narrowed erect shredded leaves; or white downy mycelium characteristic of downy mildew."
Downy_Mildew,Corn_Disease_11.jpg,no,whole_plant,rejected,"The corn plants shown appear healthy and uniformly green without the characteristic yellow-to-white striping; chlorosis; stunting; narrowed erect shredded leaves; or white downy mycelium that are diagnostic symptoms of downy mildew."
Downy_Mildew,Corn_Disease_6.jpg,yes,whole_plant,ref,"The young corn plant displays yellow-to-white striping on leaves from the base toward the tip; narrower and erect leaves; and an overall chlorotic appearance consistent with downy mildew symptoms described."
Downy_Mildew,Corn_Disease_9.jpg,no,whole_plant,rejected,"The corn seedlings shown appear healthy and uniformly green with no visible yellow-to-white striping; chlorosis; stunting; shredding; or downy mycelium characteristic of downy mildew."
Downy_Mildew,Corn_Disease_17.jpg,no,whole_plant,rejected,"The corn plants in the image appear healthy and uniformly green without the characteristic yellow-to-white striping; stunting; chlorosis; narrow erect shredded leaves; or downy mycelium associated with Downy Mildew."
Downy_Mildew,Corn_Disease_1.jpg,no,whole_plant,rejected,"The corn plants in the image appear uniformly healthy and green with no visible yellow-to-white striping; chlorosis; stunting; narrowed/erect/shredded leaves; or downy mycelium that are characteristic of Downy Mildew."
Downy_Mildew,Corn_Disease_12.jpg,no,leaf,rejected,"The corn leaves in the image appear uniformly healthy and green without the characteristic yellow-to-white striping; narrowing; shredding; or downy mycelium growth associated with downy mildew."
Eyespot,Corn_Disease_112.jpg,yes,leaf,ref,"The corn leaves display numerous small yellow-green flecks and spots with developing lesions consistent with eyespot disease; characterized by the small circular spots with yellow halos visible across the leaf surfaces."
Eyespot,Corn_Disease_40.jpg,yes,leaf,ref,"The corn leaf displays numerous small circular spots with yellow-green halos and brown-to-tan centers arranged in a characteristic eyespot pattern; consistent with the described Eyespot disease symptoms including lesions coalescing into larger necrotic areas."
Eyespot,Corn_Disease_25.jpg,yes,leaf,ref,"The leaf displays numerous small circular lesions with yellow halos surrounding brown to reddish centers; consistent with the characteristic 'eyespot' pattern described; including tan spots with brown/purple rings and narrow yellow halos."
Eyespot,Corn_Disease_12.jpg,yes,leaf,ref,"The image shows characteristic eyespot symptoms on a leaf; including small circular lesions with yellow halos and tan to brown centers arranged across a green monocot leaf surface; consistent with the described eyespot pattern."
Eyespot,Corn_Disease_10.jpg,yes,leaf,ref,"The corn leaves display numerous small circular lesions with tan centers surrounded by brown to purple rings and yellow halos; which is characteristic of the eyespot disease pattern described."
Eyespot,Corn_Disease_107.jpg,yes,leaf,test,"The corn leaves show numerous small lesions with tan centers and darker rings consistent with the characteristic eyespot pattern described; visible across multiple leaves throughout the canopy."
Eyespot,Corn_Disease_21.jpg,yes,leaf,test,"The corn leaves display numerous small spots with yellowish halos and tan to brown centers consistent with the characteristic eyespot lesion pattern described; including the yellow stippling and necrotic areas visible across multiple leaves."
Eyespot,Corn_Disease_67.jpg,yes,leaf,test,"The maize leaf displays numerous small circular lesions with tan/white centers surrounded by distinct brown rings and yellow halos; consistent with the characteristic 'eyespot' pattern described for this disease."
Eyespot,Corn_Disease_45.jpg,yes,leaf,skipped,"The image shows numerous small circular lesions with yellow halos and brown to reddish-brown centers on a green monocot leaf; consistent with the characteristic 'eyespot' pattern described."
Eyespot,Corn_Disease_74.jpg,yes,leaf,skipped,"The corn leaf displays numerous small circular lesions with reddish-brown centers surrounded by yellow halos; consistent with the characteristic 'eyespot' pattern described for this disease."
Eyespot,Corn_Disease_78.jpg,no,leaf,rejected,"The image shows numerous small; scattered orange-yellow pustules (uredia) on corn leaves; which is characteristic of common rust (Puccinia sorghi); not eyespot lesions that would appear as tan spots with brown-purple rings and yellow halos."
Eyespot,Corn_Disease_69.jpg,no,leaf,rejected,"The image shows numerous small; scattered yellow flecks/pustules uniformly distributed across the corn leaves; which is more consistent with common rust (Puccinia sorghi) rather than eyespot; which would show discrete circular tan spots with distinct brown-purple rings and yellow halos."
Eyespot,Corn_Disease_9.jpg,no,leaf,rejected,"The leaf shows numerous small; round to oval tan/white spots with orange-brown borders scattered uniformly across the surface; which is more consistent with Common Rust (Puccinia sorghi) pustules or a similar rust disease rather than the characteristic eyespot pattern featuring a tan center with a distinct brown-to-purple ring and narrow yellow halo."
Eyespot,Corn_Disease_77.jpg,yes,leaf,skipped,"The corn leaves display numerous small yellowish spots with tan centers and brownish halos consistent with the characteristic 'eyespot' lesion pattern described; widespread across the foliar tissue."
Eyespot,Corn_Disease_27.jpg,yes,leaf,skipped,"The leaf shows multiple lesions with yellow-green halos and reddish-brown centers characteristic of the 'eyespot' pattern described; consistent with tan spots surrounded by discolored rings and yellow halos."
Eyespot,Corn_Disease_49.jpg,no,leaf,rejected,"The image shows numerous small yellow-green flecks/spots scattered across the corn leaves; which are more consistent with common rust (Puccinia sorghi) pustules or Stewart's wilt lesions rather than the characteristic eyespot pattern of tan centers with brown-to-purple rings and narrow yellow halos described in the disease profile."
Eyespot,Corn_Disease_72.jpg,yes,leaf,skipped,"The corn leaf displays numerous small circular lesions with tan centers surrounded by brown rings and yellow halos; which is characteristic of the 'eyespot' pattern described in the disease description."
Eyespot,Corn_Disease_106.jpg,no,leaf,rejected,"The image shows extensive brown necrotic lesions and yellowing consistent with a blight or rust disease rather than the characteristic small circular 'eyespot' lesions with tan centers; brown-purple rings; and narrow yellow halos described for Eyespot."
Eyespot,Corn_Disease_42.jpg,yes,leaf,skipped,"The corn leaf shows multiple small circular lesions with tan/pale centers surrounded by brown rings and yellow halos; consistent with the characteristic 'eyespot' pattern described."
Eyespot,Corn_Disease_35.jpg,yes,leaf,skipped,"The corn leaf shows numerous small circular lesions with tan/orange centers surrounded by brown rings and yellow halos; which is characteristic of the 'eyespot' pattern described in the disease profile."
Fusarium_Disease,Corn_Disease_56.jpg,yes,seed,ref,"The corn kernels show whitish to pinkish discoloration and fungal growth consistent with Fusarium ear rot; particularly visible in the lower rows where kernels display the characteristic pink-white mold coloration described in the disease profile."
Fusarium_Disease,Corn_Disease_7.jpg,yes,seed,ref,"The image shows seeds/kernels with whitish to pinkish fungal mycelial growth on their surfaces; consistent with Fusarium disease symptoms including the characteristic pink-colored fungal growth described for infected kernels."
Fusarium_Disease,Corn_Disease_42.jpg,yes,seed,ref,"The corn ear shows whitish to pink fungal growth on and between kernels consistent with Fusarium ear rot; along with discolored and rotted kernels typical of Fusarium disease symptoms."
Fusarium_Disease,Corn_Disease_55.jpg,no,seed,rejected,"The corn kernels appear uniformly white and healthy without the characteristic whitish-to-pink fungal growth; starburst patterns; or discoloration associated with Fusarium ear rot."
Fusarium_Disease,Corn_Disease_64.jpg,yes,seed,ref,"The corn ear shows whitish fungal growth on kernels along with dark discoloration and rotting consistent with Fusarium ear rot and related fungal diseases described in the label."
Fusarium_Disease,Corn_Disease_25.jpg,yes,seed,ref,"The corn ear shows whitish to pinkish fungal growth between and on kernels in a scattered pattern consistent with Fusarium ear rot symptoms as described."
Fusarium_Disease,Corn_Disease_19.jpg,yes,seed,test,"The image shows seeds/kernels with whitish fungal mycelial growth between them; consistent with Fusarium disease symptoms including the characteristic whitish to pink fungal growth on kernels as described."
Fusarium_Disease,Corn_Disease_48.jpg,yes,seed,test,"The corn ear shows whitish fungal growth spreading across kernels with discoloration and rotting consistent with Fusarium ear rot symptoms described; including the characteristic white mycelial growth on kernels."
Fusarium_Disease,Corn_Disease_69.jpg,no,stem,rejected,"The image shows an internal cross-section of a plant stem with shredded; fibrous tissue and reddish discoloration consistent with stalk rot rather than Fusarium ear/kernel rot with whitish-pink fungal growth on seeds as described."
Fusarium_Disease,Corn_Disease_4.jpg,yes,seed,test,"The image shows seeds/kernels with whitish-pink fungal mycelial growth consistent with Fusarium disease symptoms described; including the characteristic cottony fungal growth on the seed surfaces."
Fusarium_Disease,Corn_Disease_73.jpg,yes,seed,skipped,"The corn kernels show discoloration with whitish to grayish fungal growth scattered among healthy yellow kernels; consistent with Fusarium ear rot symptoms including infected kernels mixed throughout the ear."
Fusarium_Disease,Corn_Disease_41.jpg,yes,seed,skipped,"The image shows corn kernels with whitish-pink fungal mycelial growth between and around the kernels; consistent with Fusarium ear rot symptoms including the characteristic mold coloration described in the disease description."
Fusarium_Disease,Corn_Disease_70.jpg,yes,seed,skipped,"The center corn ear shows discolored; shrunken kernels with whitish fungal growth consistent with Fusarium ear rot; particularly concentrated at the ear tip as described."
Fusarium_Disease,Corn_Disease_58.jpg,yes,seed,skipped,"The corn kernels show whitish to pinkish fungal mycelial growth scattered across the ear in a pattern consistent with Fusarium ear rot; matching the described whitish to pink-colored fungal growth on kernels."
Fusarium_Disease,Corn_Disease_78.jpg,yes,seed,skipped,"The corn kernels show whitish to grayish discoloration and shriveling scattered across the ear; consistent with Fusarium kernel rot symptoms including the characteristic bleached/whitish fungal growth on individual kernels."
Fusarium_Disease,Corn_Disease_22.jpg,yes,seed,skipped,"The corn ear shows whitish fungal growth on kernels with discoloration and mold consistent with Fusarium ear rot symptoms as described."
Fusarium_Disease,Corn_Disease_72.jpg,yes,seed,skipped,"The corn ear displays white fungal mycelial growth between and on kernels consistent with Fusarium ear rot; particularly visible along the rows of kernels on this partially husked ear."
Fusarium_Disease,Corn_Disease_45.jpg,yes,seed,skipped,"The corn ear displays whitish fungal growth scattered between kernels consistent with Fusarium ear rot symptoms as described; including discoloration and mycelial growth on the kernels."
Fusarium_Disease,Corn_Disease_33.jpg,no,seed,rejected,"The corn kernels shown appear healthy and uniformly white/cream-colored without the characteristic whitish-to-pink fungal growth; starburst patterns; or other discoloration symptoms associated with Fusarium ear rot."
Fusarium_Disease,Corn_Disease_65.jpg,yes,seed,skipped,"The corn kernels show discoloration progressing from whitish-pink at the top to darker brownish-gray coloration toward the bottom of the ear; consistent with Fusarium ear rot symptoms including the characteristic fungal growth and kernel discoloration described."
Gibberella_Disease,Corn_Disease_63.jpg,yes,seed,ref,"The corn ears show dark mold and rotting beginning at the tip with husks adhering to the ear; consistent with Gibberella ear rot symptoms described."
Gibberella_Disease,Corn_Disease_42.jpg,yes,seed,ref,"The corn ears show white to pinkish mold growth starting at the tip and spreading down the kernels; with husks adhering to the ear; consistent with Gibberella ear rot symptoms described."
Gibberella_Disease,Corn_Disease_18.jpg,yes,seed,ref,"The corn ear shows characteristic Gibberella ear rot symptoms including pink/red mold beginning at the tip of the ear with discolored kernels and white mycelial growth; consistent with the described disease."
Gibberella_Disease,Corn_Disease_12.jpg,yes,seed,ref,"The corn ear displays white-gray mold with discolored; rotting kernels at the tip of the ear; consistent with Gibberella ear rot (Fusarium/Gibberella) which characteristically begins at the tip and causes mold growth with kernel discoloration."
Gibberella_Disease,Corn_Disease_94.jpg,yes,seed,ref,"The corn ear shows characteristic red/pink mold starting at the tip of the ear with husks adhering to the kernels; consistent with Gibberella ear rot symptoms described."
Gibberella_Disease,Corn_Disease_57.jpg,yes,seed,test,"The corn ear shows pink/reddish discoloration on the husks and base of the ear consistent with Gibberella ear rot; and some kernels at the tip appear shrunken or discolored; matching the described symptoms of pink mold and husk discoloration."
Gibberella_Disease,Corn_Disease_10.jpg,yes,seed,test,"The image shows corn kernels with pink-red mold consistent with Gibberella ear rot; with discolored; moldy kernels showing the characteristic pinkish-orange fungal growth spreading from the base upward on the exposed ear."
Gibberella_Disease,Corn_Disease_70.jpg,yes,seed,test,"The corn ear displays characteristic pink/red-white mold starting at the tip and progressing along the kernels; with discolored and rotted kernels consistent with Gibberella ear rot symptoms described."
Gibberella_Disease,Corn_Disease_73.jpg,yes,seed,skipped,"The corn ear displays white-pink mold covering and discoloring the kernels starting from the tip region; consistent with Gibberella ear rot symptoms including mold adhering to silks and husks."
Gibberella_Disease,Corn_Disease_79.jpg,no,seed,rejected,"The image shows corn kernels with dark black/sooty mold and discoloration rather than the characteristic red or pink mold starting at the ear tip that is diagnostic of Gibberella ear rot; suggesting a different fungal pathogen such as Aspergillus or Cladosporium."
Gibberella_Disease,Corn_Disease_77.jpg,yes,seed,skipped,"The image shows corn kernels with characteristic pink/salmon-orange mold growth consistent with Gibberella ear rot; with visible fungal mycelium covering and discoloring the kernels."
Gibberella_Disease,Corn_Disease_8.jpg,yes,seed,skipped,"The corn ear shows pink/red mold starting at the tip along with blackened kernels and mold adhering to silks and husks; consistent with Gibberella ear rot symptoms as described."
Gibberella_Disease,Corn_Disease_13.jpg,yes,seed,skipped,"The image shows corn seeds/kernels with characteristic pink-red mold discoloration and deterioration consistent with Gibberella ear rot; which causes red/pink fungal growth on corn kernels."
Gibberella_Disease,Corn_Disease_41.jpg,yes,seed,skipped,"The corn ear shows dark reddish-brown mold starting at the tip with mycelial growth and kernel discoloration consistent with Gibberella ear rot symptoms beginning at the tip of the ear."
Gibberella_Disease,Corn_Disease_65.jpg,yes,seed,skipped,"The corn ear displays characteristic pink/red mold growth between the kernels consistent with Gibberella ear rot; with the fungal mycelium visible spreading across the seed surface as described."
Gibberella_Disease,Corn_Disease_64.jpg,yes,pod,ref,"The corn husks display the characteristic pink/red discoloration associated with Gibberella ear rot; with the pinkish mold visible on the inner husk surfaces consistent with the described symptoms."
Gibberella_Disease,Corn_Disease_51.jpg,yes,seed,skipped,"The corn ear displays characteristic red/pink mold coloration beginning at the tip of the ear with husks adhering to the kernels; consistent with Gibberella ear rot symptoms described."
Gibberella_Disease,Corn_Disease_55.jpg,yes,seed,skipped,"The corn husks display the characteristic pink/reddish discoloration associated with Gibberella ear rot; with the pinkish mold coloring visible on the husk tissue consistent with the described symptoms of pink mold beginning at the ear tip."
Gibberella_Disease,Corn_Disease_34.jpg,yes,seed,skipped,"The corn ear shows pink/red mold beginning at the tip with discolored; rotted kernels and whitish-pink fungal growth consistent with Gibberella ear rot symptoms described."
Gibberella_Disease,Corn_Disease_31.jpg,yes,seed,skipped,"The corn ear shows pink-red mold covering the kernels consistent with Gibberella ear rot; with discolored; shriveled kernels displaying the characteristic pinkish-orange mold coloration described in the disease profile."
Goss_S_Wilt,Corn_Disease_14.jpg,yes,leaf,ref,"The maize leaf shows long lesions with wavy edges; dark freckle-like spots/streaks along the midrib area; and yellowing/necrotic discoloration consistent with Goss's Wilt bacterial infection symptoms."
Goss_S_Wilt,Corn_Disease_126.jpg,yes,leaf,ref,"The image shows a corn leaf with large gray-green to brown water-soaked lesions with wavy edges; yellowing; and dark freckle-like streaks characteristic of Goss's Wilt caused by bacterial infection."
Goss_S_Wilt,Corn_Disease_153.jpg,yes,leaf,ref,"The image shows a corn leaf with large tan-to-brown necrotic lesions with wavy margins and small dark freckle-like spots scattered within and near the lesion edges; consistent with Goss's Wilt bacterial infection symptoms."
Goss_S_Wilt,Corn_Disease_146.jpg,yes,leaf,ref,"The image shows a corn leaf with large; gray-brown water-soaked lesions with wavy edges and dark freckle-like streaks within the lesion; consistent with the characteristic symptoms of Goss's bacterial wilt."
Goss_S_Wilt,Corn_Disease_87.jpg,yes,leaf,ref,"The image shows maize leaves with long grayish-tan necrotic lesions featuring wavy edges and dark freckle-like streaks within the lesions; consistent with Goss's Wilt bacterial leaf blight symptoms."
Goss_S_Wilt,Corn_Disease_61.jpg,yes,whole_plant,ref,"The corn plants show dark; water-soaked lesions with blackened streaks and necrotic tissue on leaves and stems; consistent with Goss's Wilt symptoms including dark freckle-like streaks and discolored vascular/stem tissue."
Goss_S_Wilt,Corn_Disease_139.jpg,yes,leaf,test,"The corn leaf displays characteristic Goss's Wilt symptoms including long lesions with wavy/scalloped edges; water-soaked grayish-tan discoloration along leaf margins; and visible dark freckle-like streaks within the lesions consistent with bacterial infection."
Goss_S_Wilt,Corn_Disease_93.jpg,yes,leaf,test,"The image shows a corn leaf with elongated lesions featuring dark freckle-like streaks; wavy edges; and discolored tissue consistent with Goss's Wilt bacterial infection as described."
Goss_S_Wilt,Corn_Disease_206.jpg,yes,leaf,test,"The image shows a corn leaf with elongated lesions featuring wavy edges; dark reddish-brown to gray-tan necrotic streaks; and freckle-like dark spots within the lesion area; consistent with Goss's Wilt bacterial leaf blight symptoms."
Goss_S_Wilt,Corn_Disease_157.jpg,yes,leaf,skipped,"The corn leaf displays large; water-soaked; grayish-brown lesions with irregular wavy edges and darker freckle-like streaks within the lesion; consistent with Goss's Wilt bacterial infection symptoms."
Goss_S_Wilt,Corn_Disease_101.jpg,yes,leaf,skipped,"The corn leaves display long; tan-to-brown water-soaked lesions with wavy edges and dark freckle-like streaks within the lesions; consistent with Goss's Wilt bacterial infection symptoms."
Goss_S_Wilt,Corn_Disease_72.jpg,yes,leaf,skipped,"The corn leaf shows long; elongated lesions with wavy edges; dark freckle-like streaks within the necrotic tissue; and brownish water-soaked areas consistent with Goss's Wilt bacterial infection."
Goss_S_Wilt,Corn_Disease_51.jpg,yes,leaf,skipped,"The corn leaf shows elongated gray-green lesions with wavy edges and dark freckle-like streaks within the lesions; which are characteristic symptoms of Goss's Wilt caused by bacterial infection."
Goss_S_Wilt,Corn_Disease_110.jpg,yes,leaf,skipped,"The corn leaf displays elongated lesions with wavy edges; dark freckle-like streaks; and water-soaked discoloration consistent with Goss's Wilt bacterial infection symptoms described."
Goss_S_Wilt,Corn_Disease_26.jpg,yes,leaf,skipped,"The corn leaf displays long; water-soaked lesions with wavy edges; tan-to-brown necrotic tissue; and dark streaking consistent with Goss's Wilt bacterial infection symptoms."
Goss_S_Wilt,Corn_Disease_207.jpg,yes,leaf,skipped,"The image shows elongated gray-tan necrotic lesions with wavy edges on a corn leaf; consistent with Goss's wilt bacterial leaf blight symptoms including the characteristic lesion shape and coloration described."
Goss_S_Wilt,Corn_Disease_103.jpg,yes,leaf,skipped,"The corn leaf shows elongated tan-to-gray lesions with reddish-brown wavy margins and visible dark freckle-like spots within the lesions; consistent with Goss's Wilt bacterial infection symptoms."
Goss_S_Wilt,Corn_Disease_118.jpg,yes,leaf,skipped,"The maize leaf shows reddish-brown to dark streaking along the midrib with yellowish-green mottled discoloration and water-soaked lesion patterns consistent with Goss's bacterial wilt symptoms including freckle-like streaks within lesions."
Goss_S_Wilt,Corn_Disease_57.jpg,yes,leaf,skipped,"The corn leaf shows long; pale tan to gray-brown necrotic lesions with irregular wavy edges and dark freckle-like streaks within the lesion; consistent with Goss's Wilt bacterial leaf blight symptoms."
Goss_S_Wilt,Corn_Disease_210.jpg,yes,leaf,skipped,"The corn leaf displays long gray-green lesions with wavy edges; dark freckle-like streaks within the lesion; and what appears to be dried crystalline bacterial exudate along the midrib area; all consistent with Goss's Wilt symptoms."
Gray_Leaf_Spot,Corn_Disease_226.jpg,yes,leaf,ref,"The image shows rectangular; tan-to-gray lesions bordered by leaf veins on a corn leaf; characteristic of Gray Leaf Spot caused by Cercospora zeae-maydis; with the silvery-gray cast consistent with sporulation."
Gray_Leaf_Spot,Corn_Disease_44.jpg,no,leaf,rejected,"The image shows broad; irregular yellow-green streaking and mosaic-like discoloration across the leaves rather than the characteristic narrow; rectangular; vein-delimited tan-to-gray lesions typical of Gray Leaf Spot; suggesting a different condition such as a virus or nutrient deficiency."
Gray_Leaf_Spot,Corn_Disease_51.jpg,yes,leaf,ref,"The image shows rectangular; tan-to-brown lesions on a corn leaf that are bordered by leaf veins; consistent with the characteristic Gray Leaf Spot symptoms described."
Gray_Leaf_Spot,Corn_Disease_107.jpg,yes,whole_plant,ref,"The image shows corn plants with widespread leaf blight symptoms including tan to brown discoloration and necrotic lesions consistent with Gray Leaf Spot infection causing premature senescence across the field."
Gray_Leaf_Spot,Corn_Disease_211.jpg,no,whole_plant,rejected,"The image shows a field of severely lodged; dried; and dead corn plants with no visible distinct rectangular gray lesions characteristic of Gray Leaf Spot; suggesting end-stage senescence or lodging rather than identifiable GLS symptoms."
Gray_Leaf_Spot,Corn_Disease_210.jpg,yes,leaf,ref,"The corn leaf displays numerous rectangular; tan to brown lesions bounded by leaf veins; consistent with the classic symptom description of Gray Leaf Spot caused by Cercospora zeae-maydis."
Gray_Leaf_Spot,Corn_Disease_254.jpg,no,leaf,rejected,"The image shows elongated tan-to-brown necrotic streaks with prominent yellow/orange borders running parallel to leaf veins; which is more consistent with bacterial leaf streak or Stewart's wilt rather than the narrow; rectangular; gray-cast lesions bounded by veins characteristic of Gray Leaf Spot."
Gray_Leaf_Spot,Corn_Disease_19.jpg,yes,leaf,ref,"The corn leaf displays rectangular; tan-to-brown lesions running parallel to the leaf veins with necrotic edges and small rust-colored pustules; consistent with Gray Leaf Spot symptoms including the characteristic lesion shape and coloration described."
Gray_Leaf_Spot,Corn_Disease_73.jpg,yes,leaf,ref,"The image shows rectangular; tan-to-brown lesions on a corn leaf that are bordered by leaf veins and oriented parallel to them; consistent with the classic gray leaf spot symptom description."
Gray_Leaf_Spot,Corn_Disease_139.jpg,yes,leaf,test,"The image shows a corn leaf with elongated; rectangular tan-to-brown necrotic lesions running parallel to the leaf veins with yellowish borders; consistent with the characteristic symptoms of Gray Leaf Spot caused by Cercospora zeae-maydis."
Gray_Leaf_Spot,Corn_Disease_164.jpg,no,leaf,rejected,"The lesions visible are oval to circular with yellow halos and reddish-brown borders; not the characteristic rectangular; vein-bordered tan-to-gray lesions typical of Gray Leaf Spot; more consistent with Common Rust or another foliar disease."
Gray_Leaf_Spot,Corn_Disease_93.jpeg,yes,leaf,test,"The image shows rectangular; elongated tan-to-brown lesions on a corn leaf that are bordered by leaf veins and oriented parallel to the midrib; consistent with the classic Gray Leaf Spot description."
Gray_Leaf_Spot,Corn_Disease_60.jpg,yes,leaf,test,"The corn leaf displays elongated; rectangular tan-to-gray lesions running parallel to the veins with a silvery-gray appearance; consistent with Gray Leaf Spot caused by Cercospora zeae-maydis."
Gray_Leaf_Spot,Corn_Disease_101.jpg,no,leaf,rejected,"The lesions visible are small; rounded to oval spots with yellow halos and dark brown centers; which are more consistent with eyespot or another fungal disease; rather than the characteristic rectangular; vein-delimited; gray-tan lesions of Gray Leaf Spot."
Gray_Leaf_Spot,Corn_Disease_248.jpg,yes,leaf,skipped,"The image shows rectangular; tan-to-brown lesions bordered by leaf veins on a corn leaf; with some orange rust pustules also visible; which is consistent with the Gray Leaf Spot description of rectangular lesions constrained by leaf veins."
Gray_Leaf_Spot,Corn_Disease_54.jpg,yes,leaf,skipped,"The leaf shows extensive rectangular to elongated brown lesions running parallel to the leaf veins; consistent with the vein-bordered lesions characteristic of Gray Leaf Spot; with the overall tan-to-brown discoloration and streaking pattern matching the described symptoms."
Gray_Leaf_Spot,Corn_Disease_251.jpg,yes,leaf,skipped,"The corn leaves display numerous elongated; rectangular lesions with tan-to-brown coloration bordered by leaf veins and a characteristic streaky pattern consistent with Gray Leaf Spot caused by Cercospora zeae-maydis."
Gray_Leaf_Spot,Corn_Disease_153.jpg,yes,leaf,skipped,"The image shows rectangular; elongated tan-to-gray lesions bordered by leaf veins on a corn leaf; consistent with the characteristic symptoms of Gray Leaf Spot caused by Cercospora zeae-maydis; including the silvery-gray sporulation cast and vein-delimited lesion shape."
Gray_Leaf_Spot,Corn_Disease_3.jpg,yes,leaf,skipped,"The corn leaf displays elongated; rectangular tan-to-brown lesions bordered by leaf veins; consistent with the characteristic symptoms of Gray Leaf Spot caused by Cercospora zeae-maydis."
Gray_Leaf_Spot,Corn_Disease_62.jpg,yes,leaf,skipped,"The image shows rectangular; elongated lesions bordered by leaf veins with a tan to gray coloration consistent with Gray Leaf Spot caused by Cercospora zeae-maydis on corn."
Head_Smut,Corn_Disease_137.jpg,yes,whole_plant,ref,"The image shows a corn tassel with a large dark mass of spores replacing the normal tassel structure; consistent with head smut galls that rupture to release dark brown teliospores as described."
Head_Smut,Corn_Disease_139.jpg,yes,pod,ref,"The image shows a corn ear (pod) with husks peeled back revealing dark brown spore masses consistent with head smut teliospores replacing normal kernel development; matching the described teardrop-shaped ears filled with teliospores."
Head_Smut,Corn_Disease_61.jpg,yes,whole_plant,ref,"The image shows a corn tassel replaced by a dark brown smut gall mass consistent with head smut; where the tassel structure has been converted into a dark spore-filled gall as described in the disease description."
Head_Smut,Corn_Disease_218.jpg,yes,seed,ref,"The image shows a corn ear tip with dark brown dried silks and bluish-gray smut galls (teliospore masses) replacing normal kernels; consistent with head smut's teardrop-shaped ears filled with spores and threadlike vascular bundle strands visible within the gall mass."
Head_Smut,Corn_Disease_189.jpg,yes,pod,ref,"The image shows a corn ear with large smut galls filled with dark brown-black teliospore masses consistent with Head Smut; where the ear structure is deformed and the husks are ruptured revealing the characteristic dark powdery spore masses."
Head_Smut,Corn_Disease_206.jpg,yes,pod,ref,"The husks of the corn ear have been peeled back to reveal a mass of dark brown/black teliospores replacing the kernels; consistent with head smut galls characterized by dark spore masses within the ear."
Head_Smut,Corn_Disease_223.jpg,yes,whole_plant,ref,"The image shows a corn tassel/upper plant with dark brown spore masses and leaf-like proliferations replacing normal tassel structure; consistent with Head Smut's characteristic galls and dark teliospore masses with stringy vascular bundle remnants."
Head_Smut,Corn_Disease_192.jpg,yes,pod,ref,"The image shows a corn ear replaced by a large; dark black smut gall with remnants of husk tissue; consistent with Head Smut where ears are filled with dark teliospores and lack normal silk development."
Head_Smut,Corn_Disease_176.jpg,yes,pod,ref,"The image shows a corn ear with large galls filled with masses of dark black-brown teliospores with stringy vascular bundle remnants visible; consistent with head smut replacing the ear structure."
Head_Smut,Corn_Disease_194.jpg,yes,pod,test,"The husks have been peeled back to reveal a mass of dark brown/black teliospores replacing the ear; consistent with head smut galls where the ear is filled with spore masses rather than normal kernels."
Head_Smut,Corn_Disease_193.jpg,yes,stem,ref,"The image shows a corn ear replaced by a large mass of dark brown-black teliospores with characteristic stringy vascular bundle strands visible within the spore mass; consistent with Head Smut (Sporisorium reilianum) symptoms."
Head_Smut,Corn_Disease_27.jpg,yes,stem,ref,"The image shows a smut gall with dark brown teliospores and intact threadlike vascular bundle strands giving a characteristic stringy appearance; consistent with the head smut description of teardrop-shaped galls releasing dark spore masses with fibrous vascular tissue remnants."
Head_Smut,Corn_Disease_71.jpg,yes,seed,ref,"The image shows a corn ear with the husks replaced by a mass of dark threadlike vascular strands (stringy appearance) containing light-colored gall structures; consistent with head smut's characteristic teardrop-shaped ear filled with teliospores and intact vascular bundle strands."
Head_Smut,Corn_Disease_227.jpg,yes,pod,test,"The image shows a maize ear replaced by a large; teardrop-shaped gall filled with dark brown-black teliospore masses consistent with head smut (Sporisorium reilianum); with husks opened to reveal the smut spores."
Head_Smut,Corn_Disease_125.jpg,yes,whole_plant,ref,"The image shows corn tassels with dark brown spore masses replacing normal tassel structures; consistent with head smut galls releasing teliospores as described."
Head_Smut,Corn_Disease_210.jpg,yes,whole_plant,ref,"The image shows a corn ear with husks peeled back revealing dark black-brown masses of teliospores consistent with head smut galls replacing the normal ear structure; with the characteristic dark spore masses visible."
Head_Smut,Corn_Disease_93.jpg,yes,pod,test,"The image shows a corn ear with husks peeled back to reveal large masses of dark brown-black teliospores characteristic of head smut; consistent with the description of smut galls replacing ears with dark spore masses."
Head_Smut,Corn_Disease_195.jpg,yes,pod,skipped,"The image shows a corn ear (pod) replaced by a large; teardrop-shaped smut gall filled with dark brown-black teliospore masses with husks partially ruptured; which is characteristic of Head Smut caused by Sporisorium reilianum."
Head_Smut,Corn_Disease_100.jpg,yes,pod,skipped,"The image shows a corn ear replaced by a large gall filled with masses of dark brown-black teliospores with a ruptured white membrane; consistent with head smut caused by Sporisorium reilianum."
Head_Smut,Corn_Disease_75.jpg,yes,pod,skipped,"The image shows a corn ear (pod) with the characteristic teardrop shape filled with masses of dark brown/black teliospores and visible stringy vascular bundle remnants; consistent with Head Smut caused by Sporisorium reilianum."
Holcus_Spot,Corn_Disease_36.jpg,yes,leaf,ref,"The maize leaf displays circular to oval tan/white spots with darker margins randomly distributed across the leaf surface; consistent with Holcus Spot (caused by Pseudomonas syringae pv. syringae) as described."
Holcus_Spot,Corn_Disease_30.jpg,yes,leaf,ref,"The image shows a small; oval lesion on a corn leaf with a white/tan papery center and reddish-brown margin; consistent with the Holcus Spot description of circular to oval spots with light tan centers and reddish-brown margins."
Holcus_Spot,Corn_Disease_31.jpg,yes,leaf,ref,"The leaves display numerous small; circular to irregular tan/white spots with darker margins scattered randomly across the green leaf surface; consistent with the Holcus Spot description of light tan to white papery lesions with reddish-brown margins distributed across the leaf."
Holcus_Spot,Corn_Disease_19.jpg,yes,leaf,ref,"The image shows a circular; pinkish-tan lesion on a corn leaf surface consistent with Holcus Spot; displaying the characteristic round spot with discolored center and surrounding water-soaked halo as described."
Holcus_Spot,Corn_Disease_29.jpg,yes,leaf,ref,"The leaf displays multiple small; circular to oval pale tan/white spots with darker margins scattered randomly across the surface; consistent with the Holcus Spot description of light tan to white lesions with reddish-brown margins appearing randomly on corn leaves."
Holcus_Spot,Corn_Disease_18.jpg,yes,leaf,test,"The image shows a circular lesion on a corn leaf with a white/tan papery center and a reddish-brown margin; consistent with the Holcus Spot description of round tan to white spots (1/8 to 1/4 inch) with red-brown borders."
Holcus_Spot,Corn_Disease_37.jpg,yes,leaf,test,"The image shows a circular; tan/white lesion with a lighter halo on a corn leaf; consistent with the Holcus Spot description of round tan to white spots approximately 1/8 to 1/4 inch in diameter with surrounding lighter margins."
Holcus_Spot,Corn_Disease_45.jpg,yes,leaf,test,"The image shows circular to oval tan/white lesions with distinct margins randomly distributed across a corn leaf surface; consistent with Holcus Spot caused by bacterial infection (Pseudomonas syringae pv. holci); matching the described symptoms of light tan to white papery spots with reddish-brown margins."
Holcus_Spot,Corn_Disease_20.jpg,yes,leaf,skipped,"The corn leaves display numerous circular to oval tan/white spots with distinct margins scattered randomly across the leaf surface; consistent with Holcus Spot (bacterial blight caused by Pseudomonas syringae pv. syringae) as described."
Holcus_Spot,Corn_Disease_12.jpg,yes,leaf,skipped,"The image shows circular; tan to white lesions with darker centers and reddish-brown margins randomly distributed on a green corn leaf; consistent with the Holcus Spot description of round; papery white spots approximately 1/8 to 1/4 inch in diameter with reddish-brown margins."
Holcus_Spot,Corn_Disease_41.jpg,yes,leaf,skipped,"The image shows a corn leaf with small; circular to oval white/tan spots randomly distributed across the surface; consistent with Holcus Spot lesions caused by bacterial infection; matching the described light tan to white papery spots."
Holcus_Spot,Corn_Disease_13.jpg,yes,leaf,skipped,"The image shows circular to oval light tan/white lesions with darker margins randomly distributed on a green corn leaf; consistent with the Holcus Spot description of round tan-centered spots with reddish-brown borders."
Holcus_Spot,Corn_Disease_49.jpg,yes,leaf,skipped,"The image shows a circular; white to light tan lesion with a pale pinkish center on a corn leaf; consistent with the Holcus Spot description of round; white/tan spots approximately 1/8 to 1/4 inch in diameter appearing randomly on the leaf surface."
Holcus_Spot,Corn_Disease_33.jpg,no,leaf,rejected,"The lesions shown are large; irregular; confluent necrotic patches with dark brown/tan coloration lacking the characteristic small (1/8–1/4 inch) circular spots with reddish-brown margins and yellow halos described for Holcus Spot; suggesting a different foliar disease such as Gray Leaf Spot or a bacterial blight."
Holcus_Spot,Corn_Disease_2.jpeg,yes,leaf,skipped,"The corn leaves display circular to oval tan/white spots with distinct reddish-brown margins and yellow halos randomly distributed across the leaf surface; consistent with Holcus Spot (caused by Pseudomonas syringae pv. syringae)."
Holcus_Spot,Corn_Disease_4.jpg,yes,leaf,skipped,"The image shows a small; oval lesion on a corn leaf with a white/tan papery center and a distinct reddish-brown margin; consistent with the described Holcus Spot symptoms of circular to oval spots with light tan centers and red-brown borders."
Holcus_Spot,Corn_Disease_35.jpg,yes,leaf,skipped,"The leaves display numerous circular to irregular tan/white spots with defined margins scattered randomly across the leaf surface; consistent with the Holcus Spot description of light tan to white papery lesions with reddish-brown margins distributed across the foliar tissue."
Holcus_Spot,Corn_Disease_47.jpg,yes,leaf,skipped,"The corn leaf shows small; circular white/tan spots with distinct margins randomly distributed across the leaf surface; consistent with Holcus Spot lesions caused by bacterial infection."
Holcus_Spot,Corn_Disease_26.jpg,yes,leaf,skipped,"The image shows circular to oval lesions with light tan/white centers and darker margins on a corn leaf; consistent with the Holcus Spot description of round or elliptical tan to white spots with reddish-brown margins randomly distributed across the leaf surface."
Holcus_Spot,Corn_Disease_38.jpg,yes,leaf,skipped,"The corn leaf shows a small; circular lesion with a tan/white center and brown margin consistent with Holcus Spot (caused by Pseudomonas syringae pv. syringae); matching the described symptoms of round tan-centered spots with reddish-brown borders on the leaf surface."
Maize_Chlorotic_Dwarf_Virus,Corn_Disease_63.jpg,yes,leaf,ref,"The maize leaves display chlorotic streaking and vein banding (clearing of leaf veins) with yellowing/pale discoloration along the veins; which is consistent with the diagnostic vein banding symptom of Maize Chlorotic Dwarf Virus."
Maize_Chlorotic_Dwarf_Virus,Corn_Disease_42.jpg,yes,leaf,ref,"The maize leaves display characteristic vein banding with chlorotic (yellow) streaking and clearing of leaf veins along with scattered yellow spots; consistent with Maize Chlorotic Dwarf Virus symptoms described as vein banding and chlorosis of leaf veins."
Maize_Chlorotic_Dwarf_Virus,Corn_Disease_18.jpg,yes,whole_plant,ref,"The maize plants display characteristic symptoms of Maize Chlorotic Dwarf Virus including stunting; yellowing/chlorosis with vein banding visible on the leaves; and overall plant discoloration consistent with the described disease."
Maize_Chlorotic_Dwarf_Virus,Corn_Disease_12.jpg,no,whole_plant,rejected,"The corn plants in the image appear healthy with uniformly green leaves showing no signs of stunting; vein banding/chlorosis; leaf reddening; yellowing; twisting; or the characteristic 'corduroy' texture associated with Maize Chlorotic Dwarf Virus."
Maize_Chlorotic_Dwarf_Virus,Corn_Disease_94.jpg,no,whole_plant,rejected,"The corn plants appear healthy with uniformly green leaves showing no signs of vein banding; chlorosis; stunting; leaf reddening/yellowing; or the characteristic 'corduroy' texture associated with Maize Chlorotic Dwarf Virus."
Maize_Chlorotic_Dwarf_Virus,Corn_Disease_57.jpg,no,whole_plant,rejected,"The image shows apparently healthy maize plants with green leaves and developing ears bearing silks; without the diagnostic symptoms of Maize Chlorotic Dwarf Virus such as vein banding; leaf chlorosis/reddening; stunting; or corduroy leaf texture."
Maize_Chlorotic_Dwarf_Virus,Corn_Disease_10.jpg,yes,whole_plant,ref,"The maize plants show chlorotic streaking and vein banding on the leaves consistent with Maize Chlorotic Dwarf Virus; with light yellow-green mosaic patterns visible along the leaf veins."
Maize_Chlorotic_Dwarf_Virus,Corn_Disease_70.jpg,yes,leaf,ref,"The maize leaves display prominent vein banding with chlorotic (yellow-green) streaking along the veins; consistent with the diagnostic vein chlorosis symptom of Maize Chlorotic Dwarf Virus."
Maize_Chlorotic_Dwarf_Virus,Corn_Disease_73.jpg,no,whole_plant,rejected,"The corn plants in the image appear generally healthy and green without the characteristic vein banding (chlorosis of smallest veins); leaf reddening/yellowing; corduroy leaf texture; or significant plant stunting with shortened internodes that are diagnostic of Maize Chlorotic Dwarf Virus."
Maize_Chlorotic_Dwarf_Virus,Corn_Disease_79.jpg,no,whole_plant,rejected,"The corn plants in the image appear healthy with uniformly green leaves showing no signs of stunting; vein banding/chlorosis; leaf reddening; yellowing; twisting; or the characteristic 'corduroy' texture associated with Maize Chlorotic Dwarf Virus."
Maize_Chlorotic_Dwarf_Virus,Corn_Disease_77.jpg,no,whole_plant,rejected,"The corn plants appear healthy and green without the characteristic vein banding (chlorosis/clearing of smallest leaf veins); leaf reddening/yellowing; internode shortening; stunting; or corduroy leaf texture diagnostic of Maize Chlorotic Dwarf Virus."
Maize_Chlorotic_Dwarf_Virus,Corn_Disease_8.jpg,yes,leaf,ref,"The maize leaves show characteristic vein banding (chlorotic streaking along the veins) and pale yellowish discoloration consistent with Maize Chlorotic Dwarf Virus symptoms described."
Maize_Chlorotic_Dwarf_Virus,Corn_Disease_13.jpg,no,whole_plant,rejected,"The corn plants appear healthy and uniformly green with no visible symptoms of Maize Chlorotic Dwarf Virus such as stunting; leaf reddening or yellowing; vein banding (chlorotic vein clearing); leaf twisting; or corduroy leaf texture."
Maize_Chlorotic_Dwarf_Virus,Corn_Disease_41.jpg,no,leaf,rejected,"The maize leaves in the image appear uniformly bright green and healthy with no visible symptoms of vein banding; chlorosis; yellowing; reddening; twisting; or the rough 'corduroy' texture characteristic of Maize Chlorotic Dwarf Virus."
Maize_Chlorotic_Dwarf_Virus,Corn_Disease_65.jpg,yes,leaf,ref,"The maize leaf shows vein banding with chlorotic streaking along the veins and a rough texture; consistent with the diagnostic symptoms of Maize Chlorotic Dwarf Virus."
Maize_Chlorotic_Dwarf_Virus,Corn_Disease_64.jpg,yes,whole_plant,ref,"The maize plants show yellow striping/chlorosis on the leaves consistent with vein banding and chlorotic symptoms characteristic of Maize Chlorotic Dwarf Virus; along with apparent stunting visible in the overall plant structure."
Maize_Chlorotic_Dwarf_Virus,Corn_Disease_51.jpg,yes,whole_plant,ref,"The image shows maize plants with visible stunting; yellowing/chlorosis; and leaf discoloration consistent with Maize Chlorotic Dwarf Virus symptoms; particularly the lighter green to yellow coloration on some plants compared to healthier dark green ones in the same row."
Maize_Chlorotic_Dwarf_Virus,Corn_Disease_55.jpg,yes,leaf,test,"The maize leaf displays characteristic vein banding (chlorosis/clearing of the smallest veins) with yellow-green streaking along the veins and a slightly rough texture; consistent with Maize Chlorotic Dwarf Virus symptoms described."
Maize_Chlorotic_Dwarf_Virus,Corn_Disease_34.jpg,yes,leaf,test,"The maize leaf displays characteristic vein banding (chlorosis/clearing of the smallest leaf veins) appearing as pale yellowish-white streaks running parallel to the midrib; which is the most diagnostic symptom of Maize Chlorotic Dwarf Virus."
Maize_Chlorotic_Dwarf_Virus,Corn_Disease_31.jpg,no,whole_plant,rejected,"The maize plants in the image appear healthy with uniform green coloration and no visible symptoms of vein banding; chlorosis; leaf reddening/yellowing; stunting; or corduroy leaf texture characteristic of Maize Chlorotic Dwarf Virus."
Maize_Dwarf_Mosaic_Virus,Corn_Disease_8.jpg,yes,leaf,ref,"The maize leaf displays characteristic light green to yellow streaking along the veins with a mosaic/mottle pattern consistent with Maize Dwarf Mosaic Virus symptoms described."
Maize_Dwarf_Mosaic_Virus,Corn_Disease_14.jpg,yes,leaf,ref,"The image shows young maize leaves with characteristic light green to yellow streaks and mosaic/mottle patterns along the leaf veins; consistent with Maize Dwarf Mosaic Virus symptoms described as chlorotic spots and streaks progressing to mosaic patterns on young leaves."
Maize_Dwarf_Mosaic_Virus,Corn_Disease_3.jpg,yes,leaf,ref,"The maize leaf tissue shown displays characteristic light green to yellow chlorotic streaking along the veins consistent with Maize Dwarf Mosaic Virus mosaic/mottle symptoms on young whorl leaves."
Maize_Dwarf_Mosaic_Virus,Corn_Disease_13.jpg,yes,leaf,ref,"The young maize leaf displays characteristic light green to yellow streaking and mosaic/mottle patterns along the veins; consistent with Maize Dwarf Mosaic Virus symptoms described as chlorotic spots and streaks on young leaves developing into mosaic patterns."
Maize_Dwarf_Mosaic_Virus,Corn_Disease_18.jpg,yes,leaf,ref,"The maize leaf shows characteristic narrow yellow-green streaks and mosaic/mottle patterns along the veins; consistent with Maize Dwarf Mosaic Virus symptoms described."
Maize_Dwarf_Mosaic_Virus,Corn_Disease_21.jpg,yes,whole_plant,ref,"The maize plant displays characteristic Maize Dwarf Mosaic Virus symptoms including distinct yellow-green chlorotic streaks and mosaic patterns along leaf veins; stunting; and excessive tillering visible at the base of the plant."
Maize_Dwarf_Mosaic_Virus,Corn_Disease_4.jpg,yes,leaf,test,"The maize leaf displays characteristic chlorotic streaks and mosaic-like yellow-green striping patterns along the veins consistent with Maize Dwarf Mosaic Virus symptoms described."
Maize_Dwarf_Mosaic_Virus,Corn_Disease_7.jpg,yes,leaf,test,"The corn leaves display characteristic light green to yellow streaks and mosaic/mottled patterns along the leaf veins consistent with Maize Dwarf Mosaic Virus symptoms described."
Maize_Dwarf_Mosaic_Virus,Corn_Disease_15.jpg,yes,leaf,test,"The maize leaves display characteristic light green to yellow chlorotic streaks and mosaic patterns along the leaf veins consistent with Maize Dwarf Mosaic Virus symptoms described."
Maize_Dwarf_Mosaic_Virus,Corn_Disease_20.jpg,yes,whole_plant,ref,"The maize plant shows characteristic mosaic/chlorotic streaking patterns on leaves; yellowing along veins; and visible stalk discoloration consistent with Maize Dwarf Mosaic Virus symptoms including chlorotic spots progressing to mosaic patterns and potential stunting."
Maize_Dwarf_Mosaic_Virus,Corn_Disease_6.jpg,no,whole_plant,rejected,"The maize plant shown appears uniformly green and healthy without the characteristic chlorotic spots; yellow streaks; mosaic/mottle patterns; or stunting associated with Maize Dwarf Mosaic Virus."
Maize_Dwarf_Mosaic_Virus,Corn_Disease_19.jpg,yes,leaf,skipped,"The maize leaf shows characteristic light green to yellow streaks and mosaic/mottle patterns along the veins consistent with Maize Dwarf Mosaic Virus symptoms described."
Maize_Dwarf_Mosaic_Virus,Corn_Disease_10.jpg,yes,leaf,skipped,"The corn leaves display characteristic light green to yellow streaks and mosaic/mottle patterns along the leaf veins consistent with Maize Dwarf Mosaic Virus symptoms described."
Maize_Dwarf_Mosaic_Virus,Corn_Disease_2.jpg,yes,whole_plant,ref,"The maize plant shows characteristic light green to yellow streaking and mosaic-like chlorotic patterns along the leaves consistent with Maize Dwarf Mosaic Virus; along with visible tillering and overall plant structure typical of MDMV infection."
Maize_Dwarf_Mosaic_Virus,Corn_Disease_11.jpg,yes,leaf,skipped,"The maize leaf displays characteristic chlorotic streaks and mosaic patterns with light green to yellow discoloration along the veins; consistent with Maize Dwarf Mosaic Virus symptoms described."
Maize_Dwarf_Mosaic_Virus,Corn_Disease_5.jpg,no,leaf,rejected,"The leaves appear uniformly deep green and healthy with no visible chlorotic spots; mosaic patterns; yellow streaks; or other symptoms characteristic of Maize Dwarf Mosaic Virus."
Maize_Dwarf_Mosaic_Virus,Corn_Disease_16.jpg,yes,leaf,skipped,"The corn leaf displays subtle light green to yellow streaking and mosaic-like color variation along the veins; consistent with early Maize Dwarf Mosaic Virus symptoms of chlorotic streaks and mottle patterns on young leaves."
Maize_Dwarf_Mosaic_Virus,Corn_Disease_17.jpg,yes,whole_plant,ref,"The maize plants display characteristic Maize Dwarf Mosaic Virus symptoms including chlorotic spots; yellow-green streaks along leaf veins; mosaic/mottle patterns on leaves; and overall plant stunting consistent with the disease description."
Maize_Dwarf_Mosaic_Virus,Corn_Disease_1.jpg,yes,leaf,skipped,"The maize leaves display characteristic light green to yellow streaks and mosaic/mottle patterns along the leaf veins consistent with Maize Dwarf Mosaic Virus symptoms described."
Maize_Dwarf_Mosaic_Virus,Corn_Disease_12.jpg,no,whole_plant,rejected,"The image shows maize plants with widespread yellowing; browning; and wilting/necrosis of entire leaves rather than the characteristic mosaic; chlorotic streaks; or mottle patterns along leaf veins typical of Maize Dwarf Mosaic Virus; the symptoms are more consistent with a wilt disease or root/stalk rot causing whole-plant dieback."
Maize_Streak_Virus,Corn_Disease_24.jpg,yes,leaf,ref,"The maize leaves display characteristic pale yellow streaking and striping patterns running parallel to the veins; which are classic symptoms of Maize Streak Virus infection."
Maize_Streak_Virus,Corn_Disease_20.jpg,yes,leaf,ref,"The maize leaves display characteristic pale yellow-to-white streaking patterns running parallel to the leaf veins; which is the hallmark symptom of Maize Streak Virus infection."
Maize_Streak_Virus,Corn_Disease_18.jpg,yes,leaf,ref,"The maize leaves display the characteristic narrow; broken; pale yellow streaks running parallel to the leaf veins; which is the hallmark symptom of Maize Streak Virus infection."
Maize_Streak_Virus,Corn_Disease_4.jpg,yes,whole_plant,ref,"The maize plants show characteristic streaking and yellowing patterns on the leaves consistent with Maize Streak Virus infection; visible across multiple plants in this field trial plot."
Maize_Streak_Virus,Corn_Disease_3.jpg,yes,leaf,ref,"The maize leaf displays the characteristic pale yellow to cream-colored streaks and dashes running parallel to the leaf veins; which are the hallmark symptoms of Maize Streak Virus infection."
Maize_Streak_Virus,Corn_Disease_15.jpg,yes,whole_plant,ref,"The maize plants in the image show pale yellow-green streaking and chlorosis on the leaves; which is characteristic of Maize Streak Virus infection; contrasting with the healthy dark green plants in the background."
Maize_Streak_Virus,Corn_Disease_14.jpg,yes,whole_plant,ref,"The maize plants show characteristic yellowing and pale striping/streaking on the leaves along with stunted growth; which are classic symptoms of Maize Streak Virus infection."
Maize_Streak_Virus,Corn_Disease_19.jpg,no,whole_plant,rejected,"The maize plants in the image appear uniformly green and healthy with no visible streak or chlorotic stripe symptoms characteristic of Maize Streak Virus infection."
Maize_Streak_Virus,Corn_Disease_23.jpg,yes,whole_plant,ref,"The maize plants display characteristic pale yellow-to-white streaking patterns running parallel along the leaves; which is the hallmark symptom of Maize Streak Virus infection caused by the mastrevirus transmitted by leafhoppers."
Maize_Streak_Virus,Corn_Disease_6.jpg,yes,whole_plant,ref,"The maize seedling displays characteristic pale yellow-green streaking along the leaves parallel to the veins; which is the hallmark symptom of Maize Streak Virus infection."
Maize_Streak_Virus,Corn_Disease_2.jpg,yes,whole_plant,test,"The maize field shows plants with visible yellowing and streaking patterns on the leaves; consistent with Maize Streak Virus infection; which typically causes chlorotic streaks along the leaf lamina."
Maize_Streak_Virus,Corn_Disease_25.jpg,yes,whole_plant,test,"The maize plants display characteristic streak-like chlorotic patterns and yellowing on leaves consistent with Maize Streak Virus infection; visible across multiple plants in the field."
Maize_Streak_Virus,Corn_Disease_10.jpg,yes,whole_plant,test,"Some plants in the field show pale yellow-green streaking and stunted growth consistent with Maize Streak Virus infection; visible especially on the shorter; yellowed plants in the foreground."
Maize_Streak_Virus,Corn_Disease_22.jpg,yes,whole_plant,skipped,"The image shows maize plants in a field with some yellowing and pale striping on leaves; which is consistent with Maize Streak Virus symptoms; alongside a researcher inspecting the crop."
Maize_Streak_Virus,Corn_Disease_7.jpg,yes,whole_plant,skipped,"The image shows maize plants with characteristic pale yellow-white streaking and chlorotic striping on leaves alongside healthy green plants; consistent with Maize Streak Virus symptoms caused by streak virus infection transmitted by leafhoppers."
Maize_Streak_Virus,Corn_Disease_21.jpg,yes,whole_plant,skipped,"The stunted; pale yellow-green maize plants in the center row showing chlorotic streaking and reduced vigor compared to surrounding healthy dark-green plants are consistent with Maize Streak Virus infection symptoms."
Maize_Streak_Virus,Corn_Disease_11.jpg,yes,whole_plant,skipped,"The maize plants display characteristic pale yellow-green streaking and striping patterns along the leaves; consistent with Maize Streak Virus infection caused by a geminivirus transmitted by leafhoppers."
Maize_Streak_Virus,Corn_Disease_8.jpg,no,leaf,rejected,"The maize leaf shows white circular lesions and physical tearing/holes more consistent with insect damage or a different pathogen; rather than the characteristic narrow yellow streaks along the veins typical of Maize Streak Virus."
Maize_Streak_Virus,Corn_Disease_13.jpg,yes,leaf,ref,"The maize leaf displays characteristic narrow; pale yellow-to-white streaks running parallel along the veins interspersed with green tissue; which is the hallmark symptom of Maize Streak Virus infection."
Maize_Streak_Virus,Corn_Disease_9.jpg,yes,leaf,skipped,"The maize leaves display characteristic pale yellow-green streaking and striping patterns running parallel to the leaf veins; which are classic symptoms of Maize Streak Virus infection."
Maize_White_Line_Mosaic,Corn_Disease_3.jpg,yes,leaf,ref,"The maize leaf displays characteristic white; yellow; and yellow-green linear streaks and mosaic patterning consistent with the distinctive white line and stripe symptoms described for Maize White Line Mosaic virus."
Maize_White_Line_Mosaic,Corn_Disease_2.jpg,yes,whole_plant,ref,"The maize plants display characteristic white line mosaic symptoms including bright mosaic patterns with white and yellow-green linear/rectangular stripes on leaves throughout the entire plant; consistent with Maize White Line Mosaic virus description."
Maize_White_Line_Mosaic,Corn_Disease_4.jpg,yes,leaf,ref,"The maize leaf displays characteristic white; yellow; and yellow-green linear to rectangular streaks and patches running parallel to the veins; consistent with the distinctive white line and mosaic pattern described for Maize White Line Mosaic virus."
Maize_White_Line_Mosaic,Corn_Disease_1.jpg,yes,leaf,ref,"The maize leaves display characteristic pale yellow-green linear and rectangular streaks and mosaic patterns along the veins; consistent with the white line mosaic symptoms described for Maize White Line Mosaic virus."
Nigrospora_Ear_Rot,Corn_Disease_3.jpg,yes,seed,ref,"The image shows a corn cob cross-section with gray-white fungal growth and dark black spore masses in the central pith area between kernels; consistent with Nigrospora ear rot symptoms including gray fungal growth and small black spores on corn."
Nigrospora_Ear_Rot,Corn_Disease_2.jpg,yes,seed,ref,"The image shows corn kernels with scattered small black spores consistent with Nigrospora ear rot; where the dark speckled appearance on the yellowish seed surface matches the described symptom of small black spores distributed across the kernel."
Nigrospora_Ear_Rot,Corn_Disease_4.jpg,no,seed,rejected,"The image shows corn kernels with dark brown/black discoloration and rotting but lacks the characteristic gray fungal growth with small black Nigrospora spores; the symptoms appear more consistent with Diplodia or another ear rot pathogen."
Nigrospora_Ear_Rot,Corn_Disease_1.jpg,no,seed,rejected,"The image shows brown-black rotting and discoloration at the tip of the corn ear but lacks the characteristic gray fungal growth with small black Nigrospora spores described; the symptoms appear more consistent with a different ear rot or kernel discoloration."
Northern_Leaf_Blight,Corn_Disease_9.jpg,yes,leaf,ref,"The image shows a characteristic cigar/canoe-shaped gray-white lesion on a corn leaf; consistent with Northern Leaf Blight's described elongated tan-to-gray lesions with dark spore production giving a dirty appearance."
Northern_Leaf_Blight,Corn_Disease_127.jpg,yes,leaf,ref,"The corn leaves display characteristic elongated; cigar- or canoe-shaped tan to grayish-white lesions running parallel to the leaf veins; consistent with Northern Leaf Blight caused by Exserohilum turcicum."
Northern_Leaf_Blight,Corn_Disease_155.jpg,no,leaf,rejected,"The image shows microscopic fungal spores (conidia) characteristic of Exserohilum turcicum under a microscope; not macroscopic leaf lesion symptoms such as cigar-shaped tan/gray lesions on plant tissue as described for Northern Leaf Blight."
Northern_Leaf_Blight,Corn_Disease_50.jpg,yes,leaf,ref,"The image shows elongated; cigar-shaped tan to brown lesions on a corn leaf; consistent with the characteristic canoe/cigar-shaped lesions described for Northern Leaf Blight."
Northern_Leaf_Blight,Corn_Disease_87.jpg,yes,leaf,ref,"The image shows corn leaves with tan to brown elongated lesions and dried; blighted tissue consistent with Northern Leaf Blight's characteristic cigar-shaped lesions causing leaves to become brown and brittle."
Northern_Leaf_Blight,Corn_Disease_194.jpg,yes,leaf,ref,"The image shows elongated; cigar- or canoe-shaped tan to grayish-brown lesions on a corn leaf; consistent with the characteristic Northern Leaf Blight symptoms described; including the light-green to tan necrotic areas with darker borders running parallel to the leaf veins."
Northern_Leaf_Blight,Corn_Disease_140.jpg,yes,leaf,test,"The image shows a large cigar/canoe-shaped tan to grayish-brown necrotic lesion on a corn leaf; consistent with the Northern Leaf Blight description of elongated tan lesions with darker borders on maize foliage."
Northern_Leaf_Blight,Corn_Disease_142.jpg,yes,leaf,test,"The image shows a characteristic cigar- or canoe-shaped tan to gray lesion on a corn leaf; consistent with Northern Leaf Blight caused by Exserohilum turcicum; with the grayish coloration and elongated shape matching the disease description."
Northern_Leaf_Blight,Corn_Disease_138.jpg,yes,leaf,test,"The image shows a characteristic cigar-shaped tan to gray lesion on a maize leaf; consistent with Northern Leaf Blight caused by Exserohilum turcicum; with the elongated necrotic center and grayish margins described in the disease profile."
Northern_Leaf_Blight,Corn_Disease_64.jpg,yes,leaf,skipped,"The image shows a cigar-shaped tan to grayish lesion on a corn leaf with dark discoloration in the center; consistent with the Northern Leaf Blight description of canoe- or cigar-shaped tan to gray lesions with dark spore production."
Northern_Leaf_Blight,Corn_Disease_101.jpg,yes,leaf,skipped,"The image shows a large cigar- or canoe-shaped tan to grayish-brown lesion on a corn leaf; consistent with the Northern Leaf Blight description of elongated tan-gray lesions with grayish margins and a dirty spore-producing appearance."
Northern_Leaf_Blight,Corn_Disease_20.jpg,yes,leaf,skipped,"The corn leaf displays multiple elongated; cigar- or canoe-shaped tan to grayish-white lesions with darker borders; consistent with the characteristic Northern Leaf Blight lesion morphology described."
Northern_Leaf_Blight,Corn_Disease_14.jpg,yes,leaf,skipped,"The corn leaf displays a large cigar- or canoe-shaped tan to grayish-brown lesion consistent with Northern Leaf Blight; along with smaller early lesions scattered across the leaf surface."
Northern_Leaf_Blight,Corn_Disease_111.jpg,no,leaf,rejected,"The image shows large; irregular tan-to-brown necrotic lesions with reddish-purple margins and bacterial streaming patterns more consistent with Goss's Wilt/Leaf Blight rather than the characteristic cigar- or canoe-shaped gray lesions of Northern Leaf Blight."
Northern_Leaf_Blight,Corn_Disease_199.jpg,yes,leaf,skipped,"The image shows a cigar-shaped; elongated tan-to-brown lesion with dark sporulation in the center and yellow-green margins on a corn leaf; consistent with the classic Northern Leaf Blight symptoms described."
Northern_Leaf_Blight,Corn_Disease_17.jpg,yes,leaf,skipped,"The image shows a elongated; cigar-shaped tan to pale lesion with dark brown margins on a corn leaf; consistent with the characteristic Northern Leaf Blight lesion morphology described."
Northern_Leaf_Blight,Corn_Disease_103.jpg,yes,leaf,skipped,"The image shows an elongated; cigar-shaped tan-to-brown lesion on a corn leaf that is consistent with the characteristic canoe- or cigar-shaped lesions described for Northern Leaf Blight."
Northern_Leaf_Blight,Corn_Disease_119.jpg,yes,leaf,skipped,"The maize leaf displays elongated; cigar-shaped tan to grayish-brown lesions running parallel to the leaf veins; consistent with the characteristic Northern Leaf Blight symptoms caused by Exserohilum turcicum."
Northern_Leaf_Blight,Corn_Disease_57.jpg,no,leaf,rejected,"The image shows a microscopic view of fungal conidia/spores and hyphae rather than macroscopic leaf lesion symptoms (cigar-shaped tan to gray lesions) characteristic of Northern Leaf Blight on plant tissue."
Northern_Leaf_Blight,Corn_Disease_158.jpg,yes,leaf,skipped,"The image shows a corn leaf with a large cigar- or canoe-shaped tan to grayish-brown lesion with defined margins; consistent with the characteristic Northern Leaf Blight symptoms described."
Penicillium_Ear_Rot,Corn_Disease_2.jpg,yes,seed,ref,"The image shows corn kernels with a displaced/bleached kernel exhibiting dark discoloration at the embryo end ('blue-eye' condition) and signs of fungal damage between kernels; consistent with Penicillium ear rot symptoms."
Penicillium_Ear_Rot,Corn_Disease_1.jpg,yes,seed,ref,"One kernel shows a displaced/germinated seed with dark blue-green discoloration at its tip (embryo end); consistent with the 'blue-eye' Penicillium infection symptom described for corn kernels."
Penicillium_Ear_Rot,Corn_Disease_3.jpg,yes,seed,ref,"The image shows a corn ear tip with characteristic blue-green powdery mold growth between kernels; bleached and discolored kernels; consistent with Penicillium Ear Rot symptoms as described."
Physoderma_Brown_Spot,Corn_Disease_154.jpg,yes,leaf,ref,"The image shows a corn leaf with numerous small yellowish-to-brown spots scattered across the blade in a banded pattern; along with dark purplish-brown oval lesions on the midrib; which are characteristic symptoms of Physoderma Brown Spot."
Physoderma_Brown_Spot,Corn_Disease_33.jpg,yes,stem,ref,"The image shows dark purplish-to-black oval spots characteristic of Physoderma brown spot on the corn stalks and leaf sheaths; consistent with the disease description of dark lesions on the stalk and midrib regions."
Physoderma_Brown_Spot,Corn_Disease_47.jpg,yes,leaf,ref,"The image shows a corn leaf with numerous small yellowish-brown spots occurring in broad bands across the leaf surface and distinctive dark purplish-black oval lesions along the midrib; which are classic symptoms of Physoderma Brown Spot."
Physoderma_Brown_Spot,Corn_Disease_137.jpg,yes,leaf,ref,"The image shows characteristic Physoderma Brown Spot symptoms including numerous small yellowish-to-brown rust-like pustules scattered across the leaf blade in broad bands; along with dark purplish-to-black oval spots on the midrib; consistent with the described disease."
Physoderma_Brown_Spot,Corn_Disease_83.jpg,yes,leaf,ref,"The image shows a corn leaf with characteristic Physoderma Brown Spot symptoms: numerous small yellowish-brown spots scattered across the leaf in bands; along with dark purplish-black lesions along the midrib; consistent with the disease description."
Physoderma_Brown_Spot,Corn_Disease_3.jpg,yes,leaf,ref,"The image shows corn leaves with numerous small yellowish-to-brown spots scattered across the blade in broad bands along with darker purplish-to-black oval lesions on the midrib/stalk area; which are characteristic symptoms of Physoderma Brown Spot."
Physoderma_Brown_Spot,Corn_Disease_73.jpg,yes,leaf,test,"The image shows numerous small yellowish-to-brown spots distributed in bands across the corn leaf surface along with dark purplish-black lesions along the midrib; which are characteristic symptoms of Physoderma Brown Spot."
Physoderma_Brown_Spot,Corn_Disease_109.jpg,yes,stem,ref,"The image shows a corn stalk/stem with characteristic dark purplish-to-black oval lesions on the leaf sheath and stalk area; along with reddish discoloration consistent with Physoderma brown spot symptoms."
Physoderma_Brown_Spot,Corn_Disease_76.jpg,yes,leaf,test,"The image shows dark purplish-black oval spots along the midrib/leaf margin with reddish-brown discoloration consistent with Physoderma brown spot's characteristic lesions on the leaf midrib and sheath area."
Physoderma_Brown_Spot,Corn_Disease_159.jpg,yes,leaf,test,"The image shows characteristic Physoderma brown spot symptoms including numerous small yellowish-to-brown spots in broad bands across the corn leaf; along with dark purplish-to-black oval lesions along the midrib; consistent with the disease description."
Physoderma_Brown_Spot,Corn_Disease_126.jpg,yes,leaf,skipped,"The image shows a corn leaf with numerous small yellowish-to-brown spots scattered across the blade in band-like patterns and dark purplish-to-black oval lesions concentrated along the midrib; which are classic diagnostic symptoms of Physoderma Brown Spot."
Physoderma_Brown_Spot,Corn_Disease_8.jpg,yes,whole_plant,ref,"The corn plants display characteristic Physoderma Brown Spot symptoms including purplish-brown discoloration on the stem/stalk; banding patterns on leaves; and dark lesions on the midrib and leaf sheaths consistent with the disease description."
Physoderma_Brown_Spot,Corn_Disease_91.jpg,yes,leaf,skipped,"The image shows corn leaves with characteristic yellowish banding and small spots consistent with Physoderma brown spot; along with purplish-brown discoloration on the midrib area; matching the described symptom pattern."
Physoderma_Brown_Spot,Corn_Disease_115.jpg,yes,leaf,skipped,"The image shows corn leaves with characteristic small yellowish-orange spots scattered across the leaf blade and dark purplish-black lesions on the midrib; consistent with Physoderma brown spot symptoms."
Physoderma_Brown_Spot,Corn_Disease_4.jpg,yes,leaf,skipped,"The corn leaf displays numerous small yellowish-to-brown spots distributed across the leaf surface in broad bands; along with darker spots along the midrib; consistent with Physoderma Brown Spot symptoms."
Physoderma_Brown_Spot,Corn_Disease_61.jpg,yes,leaf,skipped,"The image shows a corn leaf with yellowish to pale lesions forming band-like patterns and some darker spots consistent with Physoderma brown spot symptoms described; including coalescing lesions in distinct bands across the leaf surface."
Physoderma_Brown_Spot,Corn_Disease_1.jpg,yes,leaf,skipped,"The image shows a corn leaf with characteristic dark purplish-to-black oval spots concentrated along the midrib; consistent with the Physoderma Brown Spot description of dark lesions on the midrib filled with sporangia."
Physoderma_Brown_Spot,Corn_Disease_114.jpg,yes,leaf,skipped,"The image shows classic Physoderma brown spot symptoms on a corn leaf: numerous small yellowish-to-brown spots scattered across the leaf blade in bands; along with distinctive dark purplish-to-black oval lesions concentrated along the midrib; consistent with the described disease."
Physoderma_Brown_Spot,Corn_Disease_146.jpg,yes,leaf,skipped,"The image shows a maize leaf with numerous small yellowish-brown spots scattered across the blade in a banded pattern and dark purplish-black oval lesions concentrated along the midrib; which are classic diagnostic symptoms of Physoderma Brown Spot."
Physoderma_Brown_Spot,Corn_Disease_63.jpg,yes,leaf,skipped,"The corn leaf and sheath show small dark brown to black spots arranged in a linear pattern along the leaf surface; consistent with Physoderma brown spot lesions; and darker spots are visible on what appears to be the midrib/sheath area."
Physoderma_Stalk_Rot,Corn_Disease_52.jpg,yes,whole_plant,ref,"The image shows corn plants with severely wilted; brown; and collapsed stalks consistent with stalk rot; where affected plants have broken down at lower nodes while adjacent plants remain green; matching the field pattern of Physoderma stalk rot."
Physoderma_Stalk_Rot,Corn_Disease_53.jpg,yes,stem,ref,"The image shows a corn stem with dark brown-black discoloration and rot at the node region; consistent with the black nodes and pith rot symptoms characteristic of Physoderma Stalk Rot."
Physoderma_Stalk_Rot,Corn_Disease_57.jpg,no,whole_plant,rejected,"The image shows a field-level view of lodged/collapsed corn plants with brown; dried foliage but does not provide close-up detail of black nodes; pith rot; or the characteristic snapping nodes at the first or second internode that are diagnostic of Physoderma stalk rot."
Physoderma_Stalk_Rot,Corn_Disease_17.jpg,yes,stem,ref,"The image shows a corn stem/stalk with dark black speckling and lesions concentrated near a node region; consistent with the black node discoloration and pith rot symptoms characteristic of Physoderma Stalk Rot."
Physoderma_Stalk_Rot,Corn_Disease_56.jpg,yes,stem,ref,"The image shows a cross-section of a corn stalk node with black discoloration; pith rot; and wet/decayed internal tissue consistent with Physoderma stalk rot symptoms including black nodes and pith breakdown."
Physoderma_Stalk_Rot,Corn_Disease_71.jpg,yes,stem,ref,"The image shows a corn stalk with a blackened; rotted node that has snapped apart; exposing deteriorated pith tissue with dark discoloration; consistent with Physoderma stalk rot's characteristic black nodes and pith rot at the lower internodes."
Physoderma_Stalk_Rot,Corn_Disease_4.jpg,yes,stem,ref,"The image shows a corn stalk cross-section with dark brown to black discoloration and rot at the node region; consistent with Physoderma stalk rot symptoms including black nodes and pith rot."
Physoderma_Stalk_Rot,Corn_Disease_23.jpg,no,stem,rejected,"The image shows a healthy-looking corn plant with green leaves and stem at a node junction; with no visible black nodes; pith rot; or snapping damage characteristic of Physoderma Stalk Rot."
Physoderma_Stalk_Rot,Corn_Disease_65.jpg,yes,stem,test,"The image shows a corn stalk with a blackened; rotted node area with wet pith rot and tissue breakdown at the base consistent with Physoderma stalk rot symptoms including black nodes and pith disintegration."
Physoderma_Stalk_Rot,Corn_Disease_58.jpg,yes,stem,test,"The image shows a corn stem near the base with dark brown to black necrotic tissue at the node region and rotting pith; consistent with Physoderma stalk rot symptoms including node discoloration and tissue breakdown."
Physoderma_Stalk_Rot,Corn_Disease_70.jpg,yes,stem,test,"The image shows a corn stalk node with characteristic dark/black discoloration and rotting tissue at the node region; consistent with the black node and pith rot symptoms described for Physoderma Stalk Rot."
Physoderma_Stalk_Rot,Corn_Disease_55.jpg,yes,stem,skipped,"The image shows a lodged corn plant with rotted; discolored lower stalk nodes near the soil line; consistent with Physoderma stalk rot causing node breakdown and plant collapse."
Physoderma_Stalk_Rot,Corn_Disease_46.jpg,yes,stem,skipped,"The image shows a corn stalk/stem with dark black lesions and discoloration at a node region; consistent with the black node symptoms characteristic of Physoderma Stalk Rot."
Physoderma_Stalk_Rot,Corn_Disease_77.jpg,yes,stem,skipped,"The image shows a corn stem node with dark black discoloration and spotting consistent with the black node symptoms characteristic of Physoderma Stalk Rot."
Physoderma_Stalk_Rot,Corn_Disease_60.jpg,yes,stem,skipped,"The corn stem displays characteristic dark/black spotting and lesions concentrated at and near a node; consistent with Physoderma stalk rot symptoms including black node discoloration and punctate dark sporangia on the stalk surface."
Physoderma_Stalk_Rot,Corn_Disease_30.jpg,yes,stem,skipped,"The image shows a corn stem with a blackened; rotted node that snaps/breaks easily at the base; consistent with Physoderma stalk rot's characteristic black node and pith rot symptoms."
Physoderma_Stalk_Rot,Corn_Disease_32.jpg,no,whole_plant,rejected,"The image shows people examining corn plants in a field with no clearly visible black nodes; pith rot; or node snapping symptoms characteristic of Physoderma Stalk Rot; the plants appear largely green and healthy with some minor leaf senescence."
Physoderma_Stalk_Rot,Corn_Disease_16.jpg,no,pod,rejected,"The image shows a corn ear/pod with husks and silk; not a stem with black nodes or pith rot characteristic of Physoderma Stalk Rot."
Physoderma_Stalk_Rot,Corn_Disease_64.jpg,yes,stem,skipped,"The image shows a corn stalk node with dark/black discoloration and lesions at the node region; consistent with the black node symptoms characteristic of Physoderma Stalk Rot."
Physoderma_Stalk_Rot,Corn_Disease_61.jpg,yes,whole_plant,ref,"The image shows corn plants with lower stems/nodes exhibiting dark discoloration and lodging/breakage at the base; consistent with Physoderma stalk rot symptoms including node blackening and plant collapse at lower nodes."
Purple_Leaf_Sheath,Corn_Disease_6.jpg,yes,stem,ref,"The image shows a corn stalk and leaf sheath with characteristic dark purple-to-maroon discoloration consistent with Purple Leaf Sheath; along with scattered lesions on the stem and leaf collar area."
Purple_Leaf_Sheath,Corn_Disease_2.jpg,yes,stem,ref,"The image shows dark purple-to-brown-black lesions on the corn stalk and leaf sheath/collar area; consistent with the described symptoms of Purple Leaf Sheath disease including the characteristic coloration and stem/sheath involvement."
Purple_Leaf_Sheath,Corn_Disease_11.jpg,yes,stem,ref,"The image shows dark lesions on the corn stalk and leaf sheath/collar area with brown to black coloration consistent with Purple Leaf Sheath symptoms; and the scattered; irregular lesion pattern matches the disease description."
Purple_Leaf_Sheath,Corn_Disease_7.jpg,yes,stem,ref,"The image shows dark brown-to-black lesions on the corn stalk at the leaf collar region; consistent with Purple_Leaf_Sheath symptoms described as dark lesions varying from purple to brown to black on corn stalks and leaf collars."
Purple_Leaf_Sheath,Corn_Disease_4.jpg,yes,stem,ref,"The image shows dark lesions ranging from purple to black on the corn stalk/leaf sheath area; consistent with the Purple Leaf Sheath description of dark lesions on corn stalks and leaf collars."
Purple_Leaf_Sheath,Corn_Disease_5.jpg,yes,stem,test,"The image shows dark brown to black lesions on the corn stalk and leaf sheath/collar region; consistent with the Purple_Leaf_Sheath description of dark lesions varying from purple to brown to black on corn stalks and leaf collars."
Purple_Leaf_Sheath,Corn_Disease_8.jpg,yes,stem,test,"The image shows dark (black-bordered) lesions with tan/brown centers on a corn stalk/leaf sheath; consistent with the purple-to-brown-to-black dark lesions described for Purple Leaf Sheath disease."
Purple_Leaf_Sheath,Corn_Disease_3.jpg,yes,stem,test,"The image shows corn stalks with dark brown to tan lesions with dark borders on the stem/leaf sheath area; consistent with the Purple_Leaf_Sheath description of dark lesions on corn stalks and leaf collars with color varying from purple to brown to black."
Purple_Leaf_Sheath,Corn_Disease_1.jpg,no,whole_plant,rejected,"The image shows soybean plants with wilting; browning; and necrotic leaves consistent with a soybean disease (such as sudden death syndrome or Phytophthora); not corn plants exhibiting purple-to-black lesions on stalks and leaf collars characteristic of Purple Leaf Sheath disease."
Purple_Leaf_Sheath,Corn_Disease_10.jpg,yes,stem,skipped,"The image shows a corn stalk node with a dark purplish-brown to black lesion at the leaf collar/sheath attachment point; consistent with the described Purple Leaf Sheath symptoms of dark discoloration ranging from purple to black on corn stalks and leaf collars."
Purple_Leaf_Sheath,Corn_Disease_9.jpg,yes,stem,skipped,"The image shows dark lesions with purple-brown-black discoloration on the corn stalk and leaf sheath area; consistent with Purple Leaf Sheath symptoms described as dark lesions on corn stalks and leaf collars with color varying from purple to brown to black."
Pythium_Stalk_Rot,Corn_Disease_2.jpg,no,root,rejected,"The image shows a crown/root region with nodular growths and soil-attached roots rather than the dark brown; water-soaked; soft collapsed internode near the soil line characteristic of Pythium Stalk Rot."
Pythium_Stalk_Rot,Corn_Disease_4.jpg,yes,stem,ref,"The image shows split corn stalks with brown; water-soaked discoloration and soft pith decay at the lower internodes near the soil line; consistent with Pythium stalk rot symptoms."
Pythium_Stalk_Rot,Corn_Disease_5.jpg,yes,stem,ref,"The image shows two corn stalks with dark brown; water-soaked; soft; and collapsed tissue at the base/first internode near the soil line; consistent with Pythium Stalk Rot symptoms including softened rind and pith while vascular bundles appear relatively intact."
Pythium_Stalk_Rot,Corn_Disease_3.jpg,yes,stem,ref,"The image shows corn stalks with brown; deteriorated; and collapsed tissue near the soil line consistent with Pythium stalk rot; where the lower internodes display soft; fibrous; and disintegrated rind and pith characteristic of this disease."
Pythium_Stalk_Rot,Corn_Disease_7.jpg,yes,whole_plant,ref,"The uprooted corn plants show collapsed; soft; brown; water-soaked tissue at the base/lower internodes near the soil line with the upper plant remaining intact; consistent with Pythium stalk rot symptoms localized to the first internode above the soil."
Pythium_Stalk_Rot,Corn_Disease_1.jpg,yes,stem,ref,"The image shows the base of a maize stalk with brown; soft; and water-soaked tissue at the first internode near the soil line with associated root mass; consistent with Pythium stalk rot symptoms localized near the soil."
Pythium_Stalk_Rot,Corn_Disease_6.jpg,yes,stem,ref,"The image shows maize stalks with soft; brown; water-soaked; and collapsed tissue near the soil line with intact vascular bundles visible; consistent with Pythium stalk rot symptoms described."
Rhizopus_Stolonifer,Corn_Disease_3.jpg,no,seed,rejected,"The image shows dark gray/black moldy growth on corn kernels; but it lacks the characteristic rough whitish growth with black specks (sporangia) of Rhizopus stolonifer; and instead appears more consistent with Nigrospora or another dark-pigmented ear rot fungus."
Rhizopus_Stolonifer,Corn_Disease_2.jpg,yes,seed,ref,"The corn ear displays the characteristic rough; whitish-gray mycelial growth with black specks (sporangia) between the kernels; consistent with Rhizopus stolonifer infection as described."
Rhizopus_Stolonifer,Corn_Disease_4.jpg,yes,seed,ref,"The corn ear displays the characteristic rough; whitish-gray mycelial growth with dark black specks (sporangia) between the kernels; consistent with Rhizopus stolonifer infection as described."
Rhizopus_Stolonifer,Corn_Disease_1.jpg,no,seed,rejected,"The image shows dark/black discoloration and mold on the corn ear kernels; but the growth appears dark and lacks the characteristic rough whitish mycelium with black sporangiophore specks typical of Rhizopus stolonifer; it more closely resembles Nigrospora or another dark mold ear rot."
Root_Rot,Corn_Disease_2.jpg,yes,root,ref,"The image clearly shows roots with dark brown to black discoloration and decay at the crown and along the root system; consistent with root rot disease symptoms described."
Root_Rot,Corn_Disease_4.jpg,yes,stem,ref,"The image shows dark greenish-black discoloration and decay at the base of the stem and crown area consistent with root/crown rot disease; though the primary visible plant part is the lower stem region showing characteristic dark necrotic rotting typical of root rot pathogens."
Root_Rot,Corn_Disease_5.jpg,yes,root,ref,"The image shows roots with dark brown to black discoloration and decay at the crown and root junctions; consistent with the described Root_Rot symptoms of darkened; decaying root tissue."
Root_Rot,Corn_Disease_3.jpg,no,stem,rejected,"The image shows a split stem with white mycelium and green-black fungal growth (consistent with white mold/Sclerotinia stem rot); not dark brown to black decaying roots as described for Root_Rot."
Root_Rot,Corn_Disease_7.jpg,no,stem,rejected,"The image shows a split/shredded corn stem base with white mycelium and green mold growth; consistent with stalk rot rather than the dark brown to black decaying roots described for Root_Rot."
Root_Rot,Corn_Disease_1.jpg,no,stem,rejected,"The image shows split/opened corn stalks with white mycelium and internal pith degradation consistent with stalk rot; not dark brown to black decaying roots as described for Root_Rot."
Root_Rot,Corn_Disease_6.jpg,no,stem,rejected,"The image shows a split corn stem with white mycelium and green-blue fungal sporulation (consistent with Penicillium or Trichoderma stalk rot); not dark brown to black decaying roots as described for Root_Rot."
Southern_Corn_Leaf_Blight,Corn_Disease_37.jpg,yes,pod,ref,"The image shows a corn ear/husk with dark gray-black felt-like mold extending from the tip into the husk tissues; consistent with Race T Southern Corn Leaf Blight ear infection symptoms described as gray-black felt-like mold extending from husk into kernels."
Southern_Corn_Leaf_Blight,Corn_Disease_30.jpg,yes,seed,ref,"The corn ear shows gray-black felt-like mold extending from the tip into the kernels; consistent with Race T Southern Corn Leaf Blight ear infection symptoms described in the disease description."
Southern_Corn_Leaf_Blight,Corn_Disease_55.jpg,yes,leaf,ref,"The corn leaf displays tan to light brown lesions with darker brown margins that are roughly rectangular and confined by leaf veins; consistent with the Race O symptoms of Southern Corn Leaf Blight as described."
Southern_Corn_Leaf_Blight,Corn_Disease_2.jpg,no,seed,rejected,"The image shows germinating corn seeds/kernels with fungal mycelium and rot; consistent with a seed rot or seedling blight rather than the characteristic rectangular leaf lesions; stalk purple spots; or gray-black felt-like ear mold described for Southern Corn Leaf Blight."
Southern_Corn_Leaf_Blight,Corn_Disease_24.jpg,yes,leaf,ref,"The corn leaf displays characteristic rectangular to elongated tan/brown lesions with reddish-brown margins confined between leaf veins; consistent with Southern Corn Leaf Blight (Race O) symptoms as described."
Southern_Corn_Leaf_Blight,Corn_Disease_28.jpg,yes,leaf,ref,"The corn leaf displays characteristic rectangular to elliptical tan/brown lesions with darker reddish-brown margins confined between leaf veins; consistent with Southern Corn Leaf Blight (Race O) symptoms as described."
Southern_Corn_Leaf_Blight,Corn_Disease_56.jpg,yes,leaf,ref,"The image shows rectangular; tan-colored lesions with darker reddish-brown margins confined by leaf veins on a corn leaf; which is characteristic of Southern Corn Leaf Blight (Race O) symptoms as described."
Southern_Corn_Leaf_Blight,Corn_Disease_8.jpg,yes,leaf,ref,"The corn leaf displays small; tan to light-brown lesions with darker brown margins that are elongated and consistent with the rectangular-to-elliptical lesion description characteristic of Southern Corn Leaf Blight (Race O)."
Southern_Corn_Leaf_Blight,Corn_Disease_41.jpg,yes,leaf,test,"The corn leaf displays multiple rectangular to elliptical tan-brown lesions with darker reddish-brown margins confined by leaf veins; which are characteristic symptoms of Southern Corn Leaf Blight (Race O)."
Southern_Corn_Leaf_Blight,Corn_Disease_27.jpg,yes,leaf,test,"The image shows a corn leaf with extensive rectangular to elliptical tan/brown lesions with darker brown margins confined by leaf veins; consistent with Southern Corn Leaf Blight Race O or T symptoms described."
Southern_Corn_Leaf_Blight,Corn_Disease_18.jpg,yes,leaf,test,"The image shows a corn leaf with multiple rectangular to elongated tan/brown lesions confined by leaf veins and displaying darker reddish-brown margins; which is consistent with Southern Corn Leaf Blight (Race O) symptoms described."
Southern_Corn_Leaf_Blight,Corn_Disease_4.jpg,yes,seed,ref,"The corn ear displays gray-black felt-like mold growth on the kernels consistent with Race T Southern Corn Leaf Blight ear infection symptoms as described."
Southern_Corn_Leaf_Blight,Corn_Disease_47.jpg,yes,leaf,skipped,"The image shows multi-septate; fusiform/curved conidia consistent with Cochliobolus heterostrophus (Helminthosporium maydis); the causal agent of Southern Corn Leaf Blight; as would be observed microscopically from infected plant tissue."
Southern_Corn_Leaf_Blight,Corn_Disease_5.jpg,yes,leaf,skipped,"The image shows a corn leaf with multiple tan; rectangular lesions with darker reddish-brown margins confined by leaf veins; consistent with Southern Corn Leaf Blight (Race O) symptoms as described."
Southern_Corn_Leaf_Blight,Corn_Disease_36.jpg,no,leaf,rejected,"The leaf shows small; scattered orange-red pustules consistent with corn rust (Puccinia spp.) rather than the rectangular; tan lesions with reddish-brown margins characteristic of Southern Corn Leaf Blight; the elongated white lesions present may be mechanical damage rather than blight lesions."
Southern_Corn_Leaf_Blight,Corn_Disease_9.jpg,no,seed,rejected,"The image shows a large harvest pile of shucked corn ears/cobs with no visible leaf blight lesions; stalk purple spots; or gray-black felt-like mold characteristic of Southern Corn Leaf Blight."
Southern_Corn_Leaf_Blight,Corn_Disease_12.jpg,no,leaf,rejected,"The image shows microscopic fungal conidia (multi-septate spores with long whip-like appendages characteristic of Helminthosporium/Bipolaris); not macroscopic leaf lesion symptoms of Southern Corn Leaf Blight as described."
Southern_Corn_Leaf_Blight,Corn_Disease_29.jpg,yes,leaf,skipped,"The maize leaf displays multiple elongated; rectangular to elliptical tan/necrotic lesions with reddish-brown margins confined between leaf veins; consistent with the described symptoms of Southern Corn Leaf Blight (Race O)."
Southern_Corn_Leaf_Blight,Corn_Disease_51.jpg,yes,pod,ref,"The corn ears display the characteristic gray-black felt-like mold extending from the husk tips; consistent with Race T Southern Corn Leaf Blight ear infection symptoms as described."
Southern_Corn_Leaf_Blight,Corn_Disease_13.jpg,yes,leaf,skipped,"The image shows corn leaves with tan to yellow-orange lesions that are rectangular and confined by leaf veins; consistent with the described Race O symptoms of Southern Corn Leaf Blight; progressing from smaller spots to more coalesced lesions."
Southern_Rust,Corn_Disease_60.jpg,yes,leaf,ref,"The corn leaf displays numerous small; circular; densely-packed orange-to-cinnamon pustules predominantly on the upper leaf surface; which is characteristic of Southern Rust caused by Puccinia polysora."
Southern_Rust,Corn_Disease_262.jpg,yes,leaf,ref,"The image shows numerous small; circular pustules with yellow-green halos on the upper leaf surface of what appears to be corn; consistent with Southern Rust's characteristic small; densely-packed; circular urediniospore pustules with light halos almost exclusively on the upper leaf surface."
Southern_Rust,Corn_Disease_120.jpg,yes,leaf,ref,"The image shows a corn leaf with numerous small; circular; densely-packed orange-to-cinnamon-red pustules predominantly on the upper leaf surface surrounded by yellow-green halos; which is consistent with Southern Rust caused by Puccinia polysora."
Southern_Rust,Corn_Disease_116.jpg,yes,leaf,ref,"The image shows corn leaves with numerous small; circular; densely-packed orange-to-cinnamon pustules predominantly on the upper leaf surface; which is consistent with Southern Rust (Puccinia polysora) symptoms as described."
Southern_Rust,Corn_Disease_74.jpg,yes,leaf,ref,"The corn leaf displays numerous small; circular orange-to-cinnamon-red pustules with yellowish-green halos clustered predominantly on the upper leaf surface; consistent with Southern Rust caused by Puccinia polysora."
Southern_Rust,Corn_Disease_244.jpg,yes,leaf,test,"The image shows a corn leaf with numerous small; circular; densely-packed orange-to-cinnamon pustules predominantly on the upper leaf surface; consistent with Southern Rust caused by Puccinia polysora."
Southern_Rust,Corn_Disease_73.jpg,yes,leaf,test,"The image shows small; circular; orange-to-cinnamon-red pustules densely scattered on the upper leaf surface of what appears to be a corn leaf; consistent with Southern Rust caused by Puccinia polysora."
Southern_Rust,Corn_Disease_149.jpg,yes,leaf,test,"The image shows numerous small; densely packed; circular orange-to-brown pustules predominantly on the upper leaf surface with surrounding yellow-green chlorotic halos; consistent with Southern Rust caused by Puccinia polysora."
Southern_Rust,Corn_Disease_237.jpg,yes,leaf,skipped,"The image shows a corn leaf with numerous small; circular pustules predominantly on the upper leaf surface; with dark (black teliospore) rings and orange-brown coloration consistent with Southern Rust infection as described."
Southern_Rust,Corn_Disease_181.jpg,yes,leaf,skipped,"The corn leaves display numerous small; circular; densely-packed orange-to-golden pustules predominantly on the upper leaf surface; consistent with Southern Rust urediniospores as described."
Southern_Rust,Corn_Disease_133.jpg,yes,leaf,skipped,"The image shows numerous small; circular; orange-to-cinnamon-red pustules densely packed and located predominantly on the upper leaf surface of what appears to be a corn leaf; consistent with Southern Rust caused by Puccinia polysora."
Southern_Rust,Corn_Disease_96.jpg,yes,leaf,skipped,"The image shows numerous small; circular; densely packed light orange to cinnamon-red pustules distributed almost exclusively on the upper leaf surface of what appears to be a corn leaf; consistent with the described symptoms of Southern Rust."
Southern_Rust,Corn_Disease_29.jpg,yes,leaf,skipped,"The image shows a corn leaf covered with numerous small; circular; densely-packed orange-to-cinnamon-red pustules predominantly on the upper leaf surface; which is characteristic of Southern Rust caused by Puccinia polysora."
Southern_Rust,Corn_Disease_3.jpg,yes,leaf,skipped,"The image shows corn leaves with numerous small; circular; densely packed pustules (including dark teliospores) on the upper leaf surface with yellow halos; consistent with Southern Rust caused by Puccinia polysora."
Southern_Rust,Corn_Disease_6.jpg,yes,leaf,skipped,"The image shows dense; small; circular orange-to-cinnamon-colored pustules on what appears to be the upper leaf surface; consistent with the densely packed light orange urediniospores characteristic of Southern Rust."
Southern_Rust,Corn_Disease_177.jpg,yes,leaf,skipped,"The image shows small; circular to oval orange-cinnamon pustules densely scattered predominantly on the upper leaf surface of what appears to be a corn leaf; consistent with Southern Rust symptoms described."
Southern_Rust,Corn_Disease_10.jpg,yes,leaf,skipped,"The image shows corn leaves with numerous small; circular; orange-to-cinnamon-red pustules densely packed and located predominantly on the upper leaf surface; which is consistent with the diagnostic features of Southern Rust caused by Puccinia polysora."
Southern_Rust,Corn_Disease_82.jpg,yes,leaf,skipped,"The corn leaf shows small; scattered pustules predominantly on the upper leaf surface consistent with Southern Rust; along with what appears to be a lesion with dark (black teliospore) development characteristic of late-stage Southern Rust infection."
Southern_Rust,Corn_Disease_194.jpg,yes,leaf,skipped,"The image shows a corn leaf with numerous small; circular; densely packed orange-to-cinnamon-red pustules predominantly on the upper leaf surface; which is characteristic of Southern Rust (Puccinia polysora)."
Southern_Rust,Corn_Disease_223.jpg,yes,leaf,skipped,"The image shows a corn leaf with numerous small; circular; densely packed orange-to-cinnamon-red pustules predominantly on the upper leaf surface; which is characteristic of Southern Rust caused by Puccinia polysora."
Stewart_S_Disease,Corn_Disease_67.jpg,no,whole_plant,rejected,"The young corn seedlings appear uniformly green and healthy with no visible bleached leaf streaks; wilting; blight symptoms; or vascular discoloration consistent with Stewart's disease or Goss's Wilt."
Stewart_S_Disease,Corn_Disease_63.jpg,yes,whole_plant,ref,"The young corn seedlings show bleached/pale streaking along the leaves consistent with Stewart's disease (bacterial leaf streak/wilt phase); and the plants appear stressed with yellowing and streaked lesions characteristic of early seedling wilt caused by Pantoea stewartii."
Stewart_S_Disease,Corn_Disease_46.jpg,yes,leaf,ref,"The image shows a corn leaf with pale; bleached streaks running parallel to the leaf veins and elongated necrotic lesions that are consistent with the foliar blight phase of Stewart's disease caused by Pantoea stewartii."
Stewart_S_Disease,Corn_Disease_38.jpg,yes,leaf,ref,"The corn leaf displays characteristic bleached; pale streaks running along the length of the leaf consistent with Stewart's disease (bacterial leaf blight phase caused by Pantoea stewartii); matching the described symptom of bleached leaf streaks."
Stewart_S_Disease,Corn_Disease_55.jpg,no,whole_plant,rejected,"The seedlings appear healthy and green without the characteristic bleached leaf streaks; wilting; or vascular discoloration associated with Stewart's Disease."
Stewart_S_Disease,Corn_Disease_70.jpg,yes,leaf,ref,"The corn leaf shows pale; bleached streaks running longitudinally along the length of the leaf with necrotic lesions; consistent with the foliar phase of Stewart's disease (bacterial leaf streak/blight) caused by Pantoea stewartii."
Stewart_S_Disease,Corn_Disease_9.jpg,yes,leaf,ref,"The corn leaf shows pale; bleached streaks running parallel along the leaf length; consistent with the foliar phase of Stewart's disease (bacterial leaf streak/blight caused by Pantoea stewartii)."
Stewart_S_Disease,Corn_Disease_28.jpg,yes,whole_plant,ref,"The image shows corn plants with complete wilting and bleached/tan necrotic leaves consistent with the seedling wilt phase of Stewart's disease; where bacterial infection causes whole-plant collapse and death in young corn."
Stewart_S_Disease,Corn_Disease_72.jpg,yes,leaf,ref,"The corn leaf displays pale; bleached streaks running parallel along the leaf length; consistent with the foliar phase of Stewart's disease (bacterial leaf blight caused by Pantoea stewartii); which produces characteristic elongated; water-soaked to necrotic streaks along the leaf blade."
Stewart_S_Disease,Corn_Disease_34.jpg,no,whole_plant,rejected,"The young corn seedlings appear healthy and green without the characteristic bleached leaf streaks; vascular discoloration; or wilting symptoms associated with Stewart's disease (bacterial wilt/leaf blight)."
Stewart_S_Disease,Corn_Disease_77.jpg,no,whole_plant,rejected,"The young corn seedlings appear generally healthy and green without the characteristic bleached leaf streaks; vascular discoloration; wilting; or bacterial oozing associated with Stewart's Disease (Goss's Wilt)."
Stewart_S_Disease,Corn_Disease_64.jpg,yes,leaf,test,"The corn leaf displays characteristic bleached; pale tan streaks running longitudinally along the length of the leaf with yellow-green margins; consistent with the foliar phase of Stewart's disease (bacterial leaf streak/blight caused by Pantoea stewartii)."
Stewart_S_Disease,Corn_Disease_29.jpg,no,whole_plant,rejected,"The young corn seedlings appear healthy and uniformly green with no visible bleached leaf streaks; wilting; vascular discoloration; or other symptoms consistent with Stewart's Disease (bacterial wilt/leaf blight)."
Stewart_S_Disease,Corn_Disease_61.jpg,yes,leaf,test,"The corn leaf shows pale; bleached streaks running lengthwise along the leaf consistent with the foliar phase of Stewart's disease (bacterial leaf streak/blight caused by Pantoea stewartii); with characteristic elongated chlorotic to tan lesions bounded by leaf veins."
Stewart_S_Disease,Corn_Disease_24.jpg,no,whole_plant,rejected,"The young corn seedlings appear healthy and uniformly green with no visible bleached leaf streaks; wilting; or other symptoms consistent with Stewart's Disease (bacterial wilt/leaf blight)."
Stewart_S_Disease,Corn_Disease_40.jpg,yes,leaf,test,"The corn leaf displays characteristic bleached/pale streaks running the length of the leaf blade; consistent with the foliar phase of Stewart's disease (bacterial leaf blight caused by Pantoea stewartii); which produces elongated; irregular; pale to necrotic streaks parallel to leaf veins."
Stewart_S_Disease,Corn_Disease_75.jpg,yes,stem,ref,"The image shows a cross-sectioned corn stem with internal vascular discoloration; browning; and bacterial oozing consistent with Stewart's wilt/Goss's wilt vascular infection symptoms described in the disease profile."
Stewart_S_Disease,Corn_Disease_87.jpg,yes,whole_plant,ref,"The image shows young corn seedlings with uneven growth and some exhibiting wilting and stunting consistent with the seedling wilt phase of Stewart's disease (caused by Pantoea stewartii); where infected seedlings may wilt and die in early stages."
Stewart_S_Disease,Corn_Disease_17.jpg,yes,leaf,skipped,"The image shows characteristic bleached; pale streaks running lengthwise along a corn leaf with associated necrotic brown margins; consistent with the foliar blight phase of Stewart's disease (bacterial leaf streak/blight caused by Pantoea stewartii)."
Stewart_S_Disease,Corn_Disease_21.jpg,yes,leaf,skipped,"The image shows corn leaves with characteristic bleached; necrotic streaks running the length of the leaf blade; consistent with the foliar blight phase of Stewart's disease (or Goss's Wilt); as described by the elongated pale/tan lesions following leaf veins."
Tar_Spot,Corn_Disease_92.jpg,yes,leaf,ref,"The image shows corn leaves with numerous black; glossy; raised circular to oval fungal stromata (fruiting bodies) embedded in host tissue alongside necrotic tan lesions; which are classic symptoms of Tar Spot caused by Phyllachora maydis."
Tar_Spot,Corn_Disease_115.jpeg,yes,leaf,ref,"The corn leaf on the left shows numerous small; black; raised; circular fungal stromata (fruiting bodies) characteristic of tar spot; which cannot be rubbed off and are distributed across a yellowing/necrotic leaf surface consistent with the described Tar_Spot symptoms."
Tar_Spot,Corn_Disease_41.jpg,yes,leaf,ref,"The image shows corn leaves with numerous black; glossy; raised fungal stromata (tar spot) embedded in the host tissue; along with yellow-tan necrotic halos forming fisheye lesions; consistent with Tar Spot caused by Phyllachora maydis."
Tar_Spot,Corn_Disease_145.jpg,yes,leaf,ref,"The corn leaf displays the characteristic black; glossy; raised stromata (fungal fruiting bodies) scattered across the surface along with yellow-to-tan necrotic halos/flecks; which are hallmark symptoms of Tar Spot caused by Phyllachora maydis."
Tar_Spot,Corn_Disease_34.jpg,yes,leaf,ref,"The image shows a corn leaf with numerous black; glossy; raised fungal stromata (fruiting bodies) that cannot be rubbed off; consistent with Tar Spot caused by Phyllachora maydis; along with some fisheye lesion halos around the spots."
Tar_Spot,Corn_Disease_7.jpeg,yes,leaf,test,"The image shows corn leaves with small; raised; black glossy stromata (fungal fruiting bodies) embedded in the tissue along with tan/necrotic halos around some lesions; consistent with the tar spot description of Phyllachora maydis infection."
Tar_Spot,Corn_Disease_85.jpg,yes,leaf,test,"The image shows corn leaves with numerous black; glossy; raised stromata (fungal fruiting bodies) that cannot be rubbed off; along with tan/necrotic halos and lesions consistent with Tar Spot caused by Phyllachora maydis."
Tar_Spot,Corn_Disease_126.jpg,yes,leaf,test,"The corn leaves display numerous black; glossy; raised circular stromata (fungal fruiting bodies) scattered across the green leaf surface; which are characteristic hallmarks of Tar Spot (Phyllachora maydis) that cannot be rubbed off."
Tar_Spot,Corn_Disease_89.jpg,yes,leaf,skipped,"The corn leaf displays numerous small; black; glossy; raised fungal stromata (fruiting bodies) embedded in the green leaf tissue; which are the hallmark symptoms of Tar Spot (Phyllachora maydis)."
Tar_Spot,Corn_Disease_77.jpg,yes,leaf,skipped,"The corn leaves display numerous small; black; raised; glossy fungal stromata (fruiting bodies) scattered across the leaf surface that cannot be rubbed off; which is the hallmark symptom of Tar Spot caused by Phyllachora maydis."
Tar_Spot,Corn_Disease_32.jpeg,no,leaf,rejected,"The image shows severely desiccated; tan/straw-colored corn leaves collected in a trash bag with no visible black; glossy; raised fungal stromata (tar spot lesions) characteristic of Phyllachora maydis infection."
Tar_Spot,Corn_Disease_3.jpg,yes,leaf,skipped,"The image shows corn leaves with numerous black; raised; glossy fungal stromata (fruiting bodies) embedded in host tissue against tan/necrotic lesion areas; which are characteristic symptoms of Tar Spot (Phyllachora maydis)."
Tar_Spot,Corn_Disease_96.jpg,yes,leaf,skipped,"The corn leaf displays numerous black; glossy; raised circular to oval stromata (fungal fruiting bodies) embedded in the leaf tissue that cannot be rubbed off; which are the hallmark symptoms of Tar Spot caused by Phyllachora maydis."
Tar_Spot,Corn_Disease_133.jpg,yes,leaf,skipped,"The image shows corn leaves with numerous black; glossy; raised fungal stromata (fruiting bodies) that cannot be rubbed off; surrounded by yellow to tan necrotic halos and leaf blight areas; which are classic and distinctive symptoms of Tar Spot caused by Phyllachora maydis."
Tar_Spot,Corn_Disease_42.jpeg,yes,pod,ref,"The corn husk/ear shows numerous black; glossy; raised fungal stromata (fruiting bodies) characteristic of tar spot (Phyllachora maydis) that cannot be rubbed off; consistent with the described symptoms."
Tar_Spot,Corn_Disease_128.jpg,yes,leaf,skipped,"The image shows a corn leaf covered with numerous black; glossy; raised circular to oval stromata (fungal fruiting bodies) embedded in the green leaf tissue; which is characteristic of Tar Spot caused by Phyllachora maydis."
Tar_Spot,Corn_Disease_50.jpg,yes,leaf,skipped,"The image shows corn leaf with multiple circular lesions featuring black; raised fungal stromata (tar-like spots) surrounded by pale necrotic halos; consistent with the fisheye appearance described for Tar Spot caused by Phyllachora maydis."
Tar_Spot,Corn_Disease_22.jpg,yes,leaf,skipped,"The image shows a corn leaf with numerous black; glossy; raised fungal stromata (fruiting bodies) that are circular to irregular in shape and embedded in the host tissue; consistent with Tar Spot caused by Phyllachora maydis; along with necrotic tan/brown lesions surrounding the spots."
Tar_Spot,Corn_Disease_137.jpg,yes,leaf,skipped,"The corn leaf displays numerous small; black; glossy; raised stromata (fungal fruiting bodies) embedded in the tissue against tan/necrotic background areas; which are characteristic symptoms of Tar Spot caused by Phyllachora maydis."
Tar_Spot,Corn_Disease_45.jpg,yes,leaf,skipped,"The image shows corn leaves with characteristic tar spot symptoms including yellow to tan discoloration and numerous small; black; raised glossy stromata (fungal fruiting bodies) scattered across the leaf surfaces; consistent with Phyllachora maydis infection."
Trichoderma_Ear_Rot,Corn_Disease_60.jpg,yes,seed,ref,"The corn ear shows characteristic dark blue-green conidia covering the kernels between and on the seed surface; consistent with Trichoderma ear rot's hallmark green to gray-green conidial production on kernels."
Trichoderma_Ear_Rot,Corn_Disease_29.jpg,yes,seed,ref,"The image shows white mycelium with dark blue-green to gray-green conidia masses consistent with Trichoderma ear rot; visible on what appears to be husk leaf layers of a corn ear."
Trichoderma_Ear_Rot,Corn_Disease_27.jpg,yes,seed,ref,"The image shows a corn ear with characteristic dark blue-green conidia masses growing between and over kernels; consistent with Trichoderma ear rot's hallmark green to gray-green conidial production alongside white mycelium and damaged/discolored kernels."
Trichoderma_Ear_Rot,Corn_Disease_24.jpg,yes,pod,ref,"The image shows corn husks and ear with characteristic dark blue-green to gray-green conidial masses and white mycelium coverage consistent with Trichoderma ear rot symptoms as described."
Trichoderma_Ear_Rot,Corn_Disease_26.jpg,yes,seed,ref,"The corn ear shows characteristic dark blue-green to gray-green conidia covering and growing between the yellow kernels; consistent with Trichoderma ear rot symptoms as described."
Trichoderma_Ear_Rot,Corn_Disease_2.jpg,yes,seed,ref,"The corn ear displays the characteristic blue-green to gray-green conidial coating covering the kernels; consistent with Trichoderma ear rot caused by massive Trichoderma conidia production on and between kernels."
Trichoderma_Ear_Rot,Corn_Disease_38.jpg,yes,seed,test,"The image shows corn kernels on the cob with characteristic blue-green to gray-green conidia growth between the kernels; consistent with Trichoderma ear rot symptoms described."
Trichoderma_Ear_Rot,Corn_Disease_4.jpg,yes,seed,test,"The corn ear displays the characteristic dark blue-green conidia covering the kernels between and on the seed surfaces; consistent with Trichoderma ear rot's hallmark green to gray-green conidial masses on maize kernels."
Trichoderma_Ear_Rot,Corn_Disease_8.jpg,yes,seed,test,"The image shows corn kernels densely covered with blue-green to gray-green conidia characteristic of Trichoderma ear rot; matching the described symptom of dark blue-green layers of conidia on and between kernels."
Trichoderma_Ear_Rot,Corn_Disease_9.jpg,yes,seed,skipped,"The corn ear displays characteristic blue-green fungal growth (Trichoderma conidia) coating and growing between the yellow kernels; consistent with the described Trichoderma ear rot symptoms of dark blue-green conidial layers on and between kernels."
Trichoderma_Ear_Rot,Corn_Disease_28.jpg,yes,seed,skipped,"The corn ear shows dark blue-green to gray-green fungal growth (conidia) between and around the kernels; consistent with Trichoderma ear rot's characteristic blue-green conidial masses colonizing the kernel surfaces and inter-kernel spaces."
Trichoderma_Ear_Rot,Corn_Disease_18.jpg,yes,seed,skipped,"The corn ear displays the characteristic dark blue-green to gray-green conidia covering the kernels between and on the surface; consistent with Trichoderma ear rot as described."
Trichoderma_Ear_Rot,Corn_Disease_30.jpg,yes,seed,skipped,"The corn ear shows the characteristic dark blue-green to gray-green discoloration covering the kernels consistent with Trichoderma conidia production; along with visible mycelium and premature kernel changes described for Trichoderma Ear Rot."
Trichoderma_Ear_Rot,Corn_Disease_55.jpg,yes,seed,skipped,"The corn ear shows characteristic Trichoderma ear rot symptoms including dark blue-green to teal-colored conidia coating the lower kernels from the base upward; consistent with the described blue-green conidial masses between and on kernels."
Trichoderma_Ear_Rot,Corn_Disease_45.jpg,yes,seed,skipped,"The image shows a corn ear with characteristic dark blue-green conidial masses between and on kernels along with white mycelium; consistent with Trichoderma ear rot symptoms described."
Trichoderma_Ear_Rot,Corn_Disease_42.jpg,yes,seed,skipped,"The image shows corn kernels heavily covered with dark blue-green to gray-green conidia characteristic of Trichoderma ear rot; consistent with the described massive conidial production coating the kernels across the ear."
Trichoderma_Ear_Rot,Corn_Disease_50.jpg,yes,seed,skipped,"The corn ear displays the characteristic blue-green to gray-green discoloration between and over the kernels consistent with Trichoderma conidia production; matching the described symptoms of Trichoderma ear rot."
Trichoderma_Ear_Rot,Corn_Disease_12.jpg,yes,seed,skipped,"The corn ear displays characteristic dark blue-green to gray-green conidia covering the kernels and husk leaves in a banded pattern from base to middle; consistent with Trichoderma ear rot symptoms described."
Trichoderma_Ear_Rot,Corn_Disease_36.jpg,yes,seed,skipped,"The image shows maize kernels covered with characteristic blue-green to gray-green conidial masses of Trichoderma between and over the kernels; consistent with Trichoderma ear rot symptoms described."
Trichoderma_Ear_Rot,Corn_Disease_57.jpg,yes,seed,skipped,"The corn ear displays the characteristic dark blue-green to gray-green conidia covering the kernels and between them; consistent with Trichoderma ear rot symptoms described; along with premature ripening visible at the tip of the cob."
Trichoderma_Stalk_Rot,Corn_Disease_4.jpg,yes,stem,ref,"The split stalk reveals internal white mycelium and green sporulation characteristic of Trichoderma fungal infection causing stalk rot."
Trichoderma_Stalk_Rot,Corn_Disease_2.jpg,yes,stem,ref,"The split corn stalk shows white mycelium with characteristic blue-green spore masses (conidia) of Trichoderma spp.; consistent with Trichoderma stalk rot infection of the internal stem tissue."
Trichoderma_Stalk_Rot,Corn_Disease_3.jpg,yes,stem,ref,"The image shows a split corn stalk with white mycelium and green sporulation characteristic of Trichoderma species causing stalk rot; consistent with the Trichoderma_Stalk_Rot label."
Trichoderma_Stalk_Rot,Corn_Disease_5.jpg,yes,stem,ref,"The image shows a split corn stalk with dark green-black discoloration and rotted internal tissue at the crown/node region; consistent with Trichoderma stalk rot which characteristically produces greenish mycelium and causes internal stalk decay."
Trichoderma_Stalk_Rot,Corn_Disease_1.jpg,yes,stem,ref,"The split corn stalks display internal white mycelium with greenish sporulation characteristic of Trichoderma stalk rot; a fungal disease known to colonize and decay the stalk pith with distinctive white-to-green fungal growth."
