class,filename,match,part,split,reason
Alternaria_Black_Molds_Stem_Cankers,Bugwood_5.jpg,yes,stem,ref,"The image shows a stem with dark discoloration; tissue breakdown; and white mycelial growth consistent with Alternaria or sooty mold stem canker symptoms at the soil line."
Alternaria_Black_Molds_Stem_Cankers,Bugwood_4.jpg,yes,stem,ref,"The image shows a stem with dark; necrotic canker lesions at the base characteristic of Alternaria black mold/stem canker infection; with browning and decay extending from the soil line upward."
Alternaria_Black_Molds_Stem_Cankers,Bugwood_13.jpg,yes,stem,ref,"The microscopic image shows multi-septate; club-shaped conidia characteristic of Alternaria species; consistent with the fungal pathogen responsible for Alternaria black molds and stem cankers."
Alternaria_Black_Molds_Stem_Cankers,Bugwood_18.jpg,yes,stem,test,"The image shows dark black necrotic tissue with fuzzy fungal sporulation on what appears to be a stem canker; consistent with Alternaria or black mold infection causing stem canker symptoms."
Alternaria_Black_Molds_Stem_Cankers,Bugwood_14.jpg,yes,stem,test,"The microscopic image shows multicellular; muriform conidia with brown pigmentation characteristic of Alternaria species; which are the causative agents of Alternaria black molds and stem cankers."
Alternaria_Black_Molds_Stem_Cankers,Bugwood_6.jpg,yes,stem,test,"The microscopic image shows multi-septate; club-shaped Alternaria conidia (spores) with characteristic muriform cells; consistent with Alternaria fungal pathogens responsible for black molds and stem cankers."
Alternaria_Black_Molds_Stem_Cankers,Bugwood_8.jpg,yes,stem,test,"The microscopic image shows multi-celled; muriform Alternaria conidia with characteristic segmentation and beak-like appendages; consistent with the Alternaria fungal pathogen responsible for black molds and stem cankers."
Alternaria_Black_Molds_Stem_Cankers,Bugwood_15.jpg,no,leaf,rejected,"The image shows a leaf (likely tomato) with localized lesions and chlorotic areas; which may suggest early blight or another leaf spot disease; but the primary plant part shown is a leaf rather than a stem with canker symptoms typical of Alternaria stem canker."
Alternaria_Black_Molds_Stem_Cankers,Bugwood_3.jpg,yes,stem,test,"The microscopic image shows Alternaria-type conidia (multicellular; ovoid spores) and conidiophores consistent with Alternaria species responsible for black mold and stem canker diseases."
Alternaria_Black_Molds_Stem_Cankers,Bugwood_7.jpg,yes,stem,skipped,"The image shows a plant stem with dark; necrotic canker lesions and dieback consistent with Alternaria or black mold stem canker symptoms; including browning; shriveled tissue; and discoloration at the stem nodes."
Alternaria_Black_Molds_Stem_Cankers,Bugwood_19.jpg,yes,stem,skipped,"The microscopic image shows dark fungal sporulation (conidia and conidiophores consistent with Alternaria spp.) colonizing plant stem tissue; with blackened mold growth visible on the surface characteristic of black mold/Alternaria stem canker symptoms."
Alternaria_Black_Molds_Stem_Cankers,Bugwood_10.jpg,yes,stem,skipped,"The microscopic image shows multicellular; septate Alternaria conidia with the characteristic muriform (both transverse and longitudinal septa) and club-shaped morphology consistent with Alternaria species responsible for black molds and stem cankers."
Alternaria_Black_Molds_Stem_Cankers,Bugwood_2.jpg,yes,stem,skipped,"The microscopic image shows a multi-septate; club-shaped Alternaria conidiophore with characteristic muriform (brick-like) conidia; which is the causative fungal pathogen associated with Alternaria black molds and stem cankers."
Alternaria_Black_Molds_Stem_Cankers,Bugwood_11.jpg,no,stem,rejected,"The image shows a microscopic view of what appears to be a fungal spore or oomycete structure (possibly a sporangium with zoospores); not macroscopic stem canker symptoms characteristic of Alternaria or black mold infections on plant tissue."
Alternaria_Black_Molds_Stem_Cankers,Bugwood_9.jpg,yes,stem,skipped,"The image shows a stem with dark; necrotic canker lesions and browning/blackening tissue at the soil line; consistent with Alternaria black mold stem canker symptoms."
Alternaria_Black_Molds_Stem_Cankers,Bugwood_16.jpg,yes,pod,ref,"The image shows a green pepper fruit (pod) with dark brown to black necrotic lesions at the stem attachment site; consistent with Alternaria black mold causing stem-end rot and canker-like decay on the fruit."
Alternaria_Black_Molds_Stem_Cankers,Bugwood_17.jpg,no,pod,rejected,"The image shows green bell pepper fruits (pods) with blossom-end rot or fruit rot lesions; not stem cankers caused by Alternaria; making this an unlikely match for Alternaria Black Molds Stem Cankers on a stem tissue."
Alternaria_Black_Molds_Stem_Cankers,Bugwood_1.jpg,no,stem,rejected,"The image shows a microscopic view of multicellular fungal spores (conidia) consistent with Alternaria morphology; not macroscopic stem canker symptoms on a plant."
Alternaria_Black_Molds_Stem_Cankers,Bugwood_12.jpg,yes,stem,skipped,"The microscopic image shows Alternaria-like conidia (multicellular; muriform spores) and septate conidiophores consistent with Alternaria species associated with black molds and stem cankers."
Anthracnose,Bugwood_5.jpg,yes,pod,ref,"The pepper fruit shows large; dark; sunken lesions with concentric zonation and tissue collapse characteristic of anthracnose caused by Colletotrichum spp."
Anthracnose,Bugwood_4.jpg,yes,seed,ref,"The microscopic image shows hyaline; ellipsoidal to fusiform conidia characteristic of Colletotrichum species; the causal agents of Anthracnose disease."
Anthracnose,Bugwood_13.jpg,yes,pod,ref,"The bell pepper fruit shows a characteristic anthracnose lesion with a circular; sunken; water-soaked area with a darker necrotic center; which is typical of Colletotrichum-caused anthracnose on pepper fruits."
Anthracnose,Bugwood_18.jpg,yes,pod,ref,"The image shows a tomato fruit with a concentric ring lesion and sunken; water-soaked center characteristic of anthracnose caused by Colletotrichum species."
Anthracnose,Bugwood_14.jpg,yes,seed,ref,"The image shows seeds or fruit tissue with dark acervuli (fungal fruiting bodies with setae) and cream-colored sporulation masses consistent with Colletotrichum anthracnose infection."
Anthracnose,Bugwood_16.jpg,yes,pod,test,"The pepper fruit displays large; dark; sunken lesions with concentric rings and dark sporulation characteristic of anthracnose caused by Colletotrichum species."
Anthracnose,Bugwood_8.jpg,yes,stem,ref,"The image shows dark; spiny acervuli (fungal fruiting bodies with setae) characteristic of Colletotrichum or related anthracnose pathogens erupting through orange-colored plant tissue; consistent with anthracnose infection."
Anthracnose,Bugwood_15.jpg,yes,stem,ref,"The image shows dark acervuli and fungal sporulation with necrotic tissue on what appears to be a stem or bark surface; consistent with anthracnose infection caused by Colletotrichum or related fungi."
Anthracnose,Bugwood_2.jpg,yes,pod,test,"The pepper fruits display characteristic anthracnose symptoms including dark; sunken; water-soaked lesions with concentric rings caused by Colletotrichum species."
Anthracnose,Bugwood_7.jpg,yes,seed,ref,"The image shows fusiform/elliptical conidia (approximately 12–18 µm) consistent with Colletotrichum or related anthracnose-causing fungi; which are typically identified by their characteristic spore morphology under microscopy."
Anthracnose,Bugwood_10.jpg,yes,pod,test,"The tomato fruit displays large; sunken; dark lesions with concentric rings and fungal sporulation characteristic of Anthracnose (Colletotrichum spp.) infection on fruit."
Anthracnose,Bugwood_3.jpg,yes,stem,ref,"The image shows close-up microscopic view of plant tissue with dark acervuli and characteristic reddish-brown necrotic lesions consistent with Anthracnose infection caused by Colletotrichum species."
Anthracnose,Bugwood_11.jpg,yes,stem,test,"The image shows dark; spiny acervuli (fungal fruiting bodies with setae) characteristic of Colletotrichum spp.; the causal agent of anthracnose; erupting through reddish-brown necrotic plant tissue."
Anthracnose,Bugwood_6.jpg,yes,pod,test,"The pepper fruits display characteristic anthracnose symptoms including large; dark; sunken; circular lesions with concentric rings caused by Colletotrichum species."
Anthracnose,Bugwood_9.jpg,yes,pod,skipped,"The tomatoes display classic anthracnose symptoms: circular; sunken lesions with dark acervuli (fungal fruiting bodies) at the blossom end; characteristic of Colletotrichum infection on fruit."
Anthracnose,Bugwood_17.jpg,yes,pod,skipped,"The tomato fruit displays a characteristic anthracnose lesion: a sunken; circular; water-soaked lesion with concentric rings and dark acervuli (fungal fruiting bodies) visible at the center; consistent with Colletotrichum infection causing anthracnose on tomato fruit."
Anthracnose,Bugwood_1.jpg,yes,seed,skipped,"The tomato fruit displays sunken; circular lesions with tan to brown necrotic tissue and dark fungal acervuli; which are characteristic symptoms of Anthracnose caused by Colletotrichum species on tomato fruit."
Anthracnose,Bugwood_12.jpg,yes,pod,skipped,"The image shows a circular; sunken lesion with dark; necrotic center tissue on the surface of a tomato fruit; which is characteristic of anthracnose caused by Colletotrichum species."
Bacterial_Canker_And_Wilt_Of_Tomato,Bugwood_9.jpg,yes,stem,ref,"The image shows a tomato stem with characteristic longitudinal brown necrotic streaking and internal vascular discoloration consistent with bacterial canker and wilt caused by Clavibacter michiganensis subsp. michiganensis."
Bacterial_Canker_And_Wilt_Of_Tomato,Bugwood_14.jpg,yes,whole_plant,ref,"The image shows tomato plants with severe wilting; browning; and collapse of foliage consistent with bacterial canker and wilt; a vascular disease causing rapid whole-plant decline and death while fruits remain attached."
Bacterial_Canker_And_Wilt_Of_Tomato,Bugwood_4.jpg,yes,leaf,ref,"The tomato leaves show yellowing (chlorosis); marginal necrosis; and brown lesions consistent with bacterial canker and wilt caused by Clavibacter michiganensis; which causes leaf scorch and wilting symptoms."
Bacterial_Canker_And_Wilt_Of_Tomato,Bugwood_13.jpg,yes,stem,ref,"The image shows a cross-section of a tomato stem being cut open with a knife; revealing internal vascular discoloration and pith breakdown consistent with bacterial canker and wilt caused by Clavibacter michiganensis subsp. michiganensis."
Bacterial_Canker_And_Wilt_Of_Tomato,Bugwood_18.jpg,yes,stem,ref,"The images show stem cross-sections and surface lesions with dark; necrotic canker tissue consistent with bacterial canker and wilt of tomato; including the characteristic internal discoloration and external streaking on the stem."
Bacterial_Canker_And_Wilt_Of_Tomato,Bugwood_3.jpg,yes,leaf,ref,"The image shows tomato leaves and stems with characteristic symptoms of bacterial canker including necrotic lesions along the stem; marginal leaf scorch; and small dark spots on the leaf surface consistent with Clavibacter michiganensis infection."
Bacterial_Canker_And_Wilt_Of_Tomato,Bugwood_5.jpg,yes,stem,test,"The image shows tomato plants with characteristic bacterial canker symptoms including elongated brown necrotic streaks on the stems; wilting foliage; and vascular discoloration consistent with Clavibacter michiganensis subsp. michiganensis infection."
Bacterial_Canker_And_Wilt_Of_Tomato,Bugwood_8.jpg,yes,whole_plant,ref,"The image shows a tomato plant with widespread wilting; brown necrotic leaves; and collapsed stems consistent with bacterial canker and wilt caused by Clavibacter michiganensis; which causes systemic vascular infection leading to whole-plant collapse."
Bacterial_Canker_And_Wilt_Of_Tomato,Bugwood_15.jpg,yes,stem,test,"The image shows a tomato stem with characteristic brown; necrotic streaking and canker lesions consistent with bacterial canker and wilt caused by Clavibacter michiganensis subsp. michiganensis."
Bacterial_Canker_And_Wilt_Of_Tomato,Bugwood_20.jpg,yes,stem,test,"The tomato stem shows small whitish lesions and spotting consistent with bacterial canker infection; which can cause stem discoloration and surface lesions on tomato plants."
Bacterial_Canker_And_Wilt_Of_Tomato,Bugwood_7.jpg,yes,leaf,ref,"The tomato leaves display marginal necrosis; browning; and scorch-like symptoms with yellowing between veins consistent with bacterial canker and wilt of tomato; which causes leaf margin necrosis and interveinal chlorosis as the vascular system is compromised."
Bacterial_Canker_And_Wilt_Of_Tomato,Bugwood_19.jpg,yes,leaf,test,"The tomato leaves show marginal necrosis; browning; and wilting consistent with bacterial canker and wilt of tomato; which typically causes leaf scorch and necrotic margins."
Bacterial_Canker_And_Wilt_Of_Tomato,Bugwood_10.jpg,yes,stem,test,"The image shows a tomato stem with a characteristic brown; necrotic streak running along its length; consistent with the vascular discoloration and canker symptoms associated with bacterial canker and wilt of tomato caused by Clavibacter michiganensis subsp. michiganensis."
Bacterial_Canker_And_Wilt_Of_Tomato,Bugwood_2.jpg,yes,whole_plant,ref,"The image shows tomato plants with classic bacterial canker/wilt symptoms including wilting; stem dieback; and foliar collapse; with a visible treatment comparison between Oxidate and Kocide (copper bactericide) plots showing differential disease severity."
Bacterial_Canker_And_Wilt_Of_Tomato,Bugwood_11.jpg,yes,whole_plant,skipped,"The tomato plants display classic bacterial canker and wilt symptoms including wilting; browning; and necrosis of lower foliage with portions of the plant collapsing while upper portions with green fruit remain temporarily unaffected; consistent with a vascular wilt pathogen like Clavibacter michiganensis subsp. michiganensis."
Bacterial_Canker_And_Wilt_Of_Tomato,Bugwood_6.jpg,yes,pod,ref,"The green tomato fruit displays characteristic 'bird's-eye' lesions (small spots with dark centers surrounded by white halos) and white speckling on the surface; which are classic symptoms of bacterial canker caused by Clavibacter michiganensis subsp. michiganensis on tomato fruit."
Bacterial_Canker_And_Wilt_Of_Tomato,Bugwood_16.jpg,yes,stem,skipped,"The image shows tomato plants with characteristic bacterial canker symptoms including elongated tan-to-brown necrotic lesions on the stems; wilting foliage; and vascular discoloration consistent with Clavibacter michiganensis subsp. michiganensis infection."
Bacterial_Canker_And_Wilt_Of_Tomato,Bugwood_17.jpg,yes,whole_plant,skipped,"The image shows a tomato plant with characteristic bacterial canker and wilt symptoms including wilted; necrotic leaves and stem lesions with internal discoloration visible in the cut stem cross-section."
Bacterial_Canker_And_Wilt_Of_Tomato,Bugwood_1.jpg,yes,leaf,skipped,"The tomato leaves display characteristic marginal necrosis; browning; and wilting consistent with bacterial canker and wilt caused by Clavibacter michiganensis; which causes leaf scorch and marginal die-back symptoms."
Bacterial_Canker_And_Wilt_Of_Tomato,Bugwood_12.jpg,no,leaf,rejected,"The image shows leaves with necrotic lesions; tattered margins; and browning consistent with bacterial or fungal leaf blight rather than the classic symptoms of bacterial canker and wilt of tomato; which typically presents as marginal leaf scorch; stem streaking; and vascular discoloration; additionally; this appears to be a pepper plant; not tomato."
Bacterial_Speck_Of_Tomato,Bugwood_5.jpg,no,leaf,rejected,"The leaf shows large irregular dark lesions and holes more consistent with bacterial speck of a brassica or another disease rather than the small; dark brown spots with yellow halos characteristic of bacterial speck of tomato (Pseudomonas syringae pv. tomato)."
Bacterial_Speck_Of_Tomato,Bugwood_4.jpg,yes,leaf,ref,"The tomato leaves display small; dark necrotic specks with yellow halos characteristic of bacterial speck disease caused by Pseudomonas syringae pv. tomato."
Bacterial_Speck_Of_Tomato,Bugwood_13.jpg,no,pod,rejected,"The tomatoes show sunscald (large bleached/white areas) and possible stink bug feeding punctures rather than the small; dark necrotic specks with yellow halos characteristic of bacterial speck disease."
Bacterial_Speck_Of_Tomato,Bugwood_18.jpg,no,leaf,rejected,"The leaf shown appears to be from a brassica/crucifer plant (not tomato) with dark lesions and powdery deposits inconsistent with bacterial speck of tomato; which typically presents as small; dark brown to black spots with yellow halos on tomato foliage."
Bacterial_Speck_Of_Tomato,Bugwood_14.jpg,yes,leaf,ref,"The tomato leaf displays small dark necrotic spots surrounded by yellow halos; which are characteristic symptoms of bacterial speck disease caused by Pseudomonas syringae pv. tomato."
Bacterial_Speck_Of_Tomato,Bugwood_6.jpg,yes,leaf,ref,"The tomato leaf displays numerous small; dark brown to black necrotic spots with water-soaked halos scattered across the surface; which is characteristic of bacterial speck disease caused by Pseudomonas syringae pv. tomato."
Bacterial_Speck_Of_Tomato,Bugwood_8.jpg,no,leaf,rejected,"The leaves show large; irregular brown necrotic lesions more consistent with bacterial spot or a fungal leaf blight rather than the tiny dark brown specks with yellow halos characteristic of bacterial speck of tomato (Pseudomonas syringae pv. tomato)."
Bacterial_Speck_Of_Tomato,Bugwood_15.jpg,yes,leaf,test,"The tomato leaves show numerous small dark brown spots with yellow halos and larger necrotic lesions characteristic of bacterial speck disease caused by Pseudomonas syringae pv. tomato."
Bacterial_Speck_Of_Tomato,Bugwood_3.jpg,yes,leaf,test,"The tomato leaf shows numerous small; dark (black) necrotic spots with surrounding yellowing; which are characteristic symptoms of bacterial speck disease caused by Pseudomonas syringae pv. tomato."
Bacterial_Speck_Of_Tomato,Bugwood_7.jpg,yes,leaf,test,"The tomato leaf displays numerous small dark brown to black spots with yellow halos; which are characteristic symptoms of bacterial speck disease caused by Pseudomonas syringae pv. tomato."
Bacterial_Speck_Of_Tomato,Bugwood_19.jpg,yes,leaf,test,"The tomato leaf displays numerous small; dark brown to black necrotic lesions with yellow halos scattered across the surface; which are characteristic symptoms of bacterial speck disease caused by Pseudomonas syringae pv. tomato."
Bacterial_Speck_Of_Tomato,Bugwood_10.jpg,yes,leaf,test,"The image shows a tomato leaf with numerous small; dark necrotic spots surrounded by yellow halos; which are characteristic symptoms of bacterial speck disease caused by Pseudomonas syringae pv. tomato."
Bacterial_Speck_Of_Tomato,Bugwood_2.jpg,yes,leaf,skipped,"The tomato leaf displays numerous small; dark brown to black lesions with yellow halos and marginal necrosis; which are characteristic symptoms of bacterial speck disease caused by Pseudomonas syringae pv. tomato."
Bacterial_Speck_Of_Tomato,Bugwood_11.jpg,yes,leaf,skipped,"The tomato leaves display numerous small; dark brown to black spots with yellow halos and marginal necrosis; which are characteristic symptoms of bacterial speck disease caused by Pseudomonas syringae pv. tomato."
Bacterial_Speck_Of_Tomato,Bugwood_9.jpg,yes,leaf,skipped,"The tomato leaves display numerous small dark spots with yellow halos and necrotic lesions along the margins; which are characteristic symptoms of bacterial speck disease caused by Pseudomonas syringae pv. tomato."
Bacterial_Speck_Of_Tomato,Bugwood_16.jpg,yes,leaf,skipped,"The tomato leaf displays small dark necrotic spots surrounded by yellow halos; which are characteristic symptoms of bacterial speck disease caused by Pseudomonas syringae pv. tomato."
Bacterial_Speck_Of_Tomato,Bugwood_17.jpg,yes,leaf,skipped,"The tomato leaves display small; dark necrotic spots with surrounding yellow halos on the leaf surface; which are characteristic symptoms of bacterial speck disease caused by Pseudomonas syringae pv. tomato."
Bacterial_Speck_Of_Tomato,Bugwood_1.jpg,no,leaf,rejected,"The leaf shows large necrotic lesions with yellowing and browning typical of early blight (Alternaria solani) or late blight rather than bacterial speck; which characteristically produces small; dark; water-soaked spots surrounded by a narrow yellow halo."
Bacterial_Speck_Of_Tomato,Bugwood_12.jpg,yes,leaf,skipped,"The tomato leaf displays small; dark brown to black lesions surrounded by yellow halos along the midrib and lamina; which are characteristic symptoms of bacterial speck disease caused by Pseudomonas syringae pv. tomato."
Bacterial_Wilt,Bugwood_5.jpg,yes,whole_plant,ref,"The tomato plants show classic bacterial wilt symptoms including rapid; severe wilting and collapse of foliage while fruit and some upper growth remain green; consistent with Ralstonia solanacearum infection causing vascular blockage."
Bacterial_Wilt,Bugwood_3.jpg,yes,stem,ref,"The image shows a classic bacterial wilt diagnostic test with a cut stem section in water producing milky bacterial ooze streaming downward; which is a hallmark confirmation test for bacterial wilt caused by Ralstonia solanacearum."
Bacterial_Wilt,Bugwood_11.jpg,yes,stem,ref,"The image shows a cross-section of a stem submerged in water; consistent with the bacterial wilt diagnostic 'streaming test' where infected stem sections release bacterial ooze visible as milky streams in clear water."
Bacterial_Wilt,Bugwood_6.jpg,yes,whole_plant,ref,"The tomato plants show classic bacterial wilt symptoms including rapid; widespread wilting and browning/desiccation of foliage across entire plants while fruits remain green; consistent with vascular infection by Ralstonia solanacearum."
Bacterial_Wilt,Bugwood_7.jpg,yes,whole_plant,ref,"The tomato plants display classic bacterial wilt symptoms including rapid wilting and collapse of foliage while fruits remain intact; with a sharp contrast between severely wilted plants and healthy neighboring plants; consistent with Ralstonia solanacearum infection."
Bacterial_Wilt,Bugwood_4.jpg,yes,stem,ref,"The image shows a classic bacterial wilt diagnostic test where a cut stem segment placed in water releases milky or streaming bacterial ooze (visible as threads in the water); which is a hallmark confirmatory test for bacterial wilt caused by Ralstonia solanacearum or similar pathogens."
Bacterial_Wilt,Bugwood_9.jpg,yes,stem,test,"The cross-section of a green stem submerged in water shows characteristic brown vascular streaking and bacterial ooze streaming into the water; which are classic diagnostic signs of bacterial wilt disease."
Bacterial_Wilt,Bugwood_12.jpg,yes,stem,test,"The longitudinal cross-section of the stem reveals internal brown discoloration and vascular browning consistent with bacterial wilt; which causes systemic vascular infection and wilting of the plant."
Bacterial_Wilt,Bugwood_2.jpg,yes,stem,test,"The stem cross-section submerged in water shows bacterial streaming (milky exudate visible in the water); which is the classic diagnostic test for bacterial wilt caused by Ralstonia solanacearum."
Bacterial_Wilt,Bugwood_1.jpg,yes,stem,test,"The image shows the classic streaming bacterial ooze test for bacterial wilt; where a cut stem section placed in water releases milky bacterial exudate strands; confirming Ralstonia or Erwinia-type bacterial wilt infection."
Bacterial_Wilt,Bugwood_10.jpg,yes,stem,test,"The stem cross-section submerged in water shows bacterial streaming (milky exudate visible in the water); which is a classic diagnostic test for bacterial wilt caused by Ralstonia solanacearum."
Bacterial_Wilt,Bugwood_8.jpg,yes,stem,skipped,"The longitudinally split stem shows internal brown discoloration and vascular tissue breakdown consistent with bacterial wilt; which causes systemic vascular infection and wilting of the plant."
Cucumber_Mosaic_Virus,Bugwood_5.jpg,yes,whole_plant,ref,"The plant shows classic Cucumber Mosaic Virus symptoms including severe leaf distortion; filiformism (shoestring-like narrow leaves); mosaic discoloration; and stunted curled growth typical of CMV infection."
Cucumber_Mosaic_Virus,Bugwood_4.jpg,yes,whole_plant,ref,"The tomato plant displays severe leaf distortion; curling; crinkling; and mosaic-like mottling symptoms that are characteristic of Cucumber Mosaic Virus infection."
Cucumber_Mosaic_Virus,Bugwood_13.jpg,yes,whole_plant,ref,"The tomato plants show characteristic Cucumber Mosaic Virus symptoms including severe leaf curling; downward rolling; and wilting collapse of foliage across multiple plants in the field; consistent with CMV infection."
Cucumber_Mosaic_Virus,Bugwood_18.jpg,yes,whole_plant,test,"The field shows rows of pepper plants with characteristic stunted; distorted; and mottled foliage consistent with Cucumber Mosaic Virus infection; which commonly causes leaf curling; mosaic patterns; and overall plant stunting in Solanaceous crops."
Cucumber_Mosaic_Virus,Bugwood_14.jpg,no,whole_plant,rejected,"The image shows a field-wide view of plants (likely tomatoes) with no close-up symptoms visible that are characteristic of Cucumber Mosaic Virus such as mosaic leaf patterns; mottling; or distortion; and the field appears to show wilting/flooding stress rather than viral disease symptoms."
Cucumber_Mosaic_Virus,Bugwood_6.jpg,yes,whole_plant,test,"The field shows tomato plants with stunted; distorted; and wilting foliage across entire rows; which is consistent with Cucumber Mosaic Virus causing systemic infection; stunting; and leaf deformation in solanaceous crops."
Cucumber_Mosaic_Virus,Bugwood_8.jpg,yes,whole_plant,test,"The tomato plant specimens display classic Cucumber Mosaic Virus symptoms including severe leaf distortion; filiformism (shoestring leaves); mosaic patterning; curling; and stunted growth consistent with CMV infection."
Cucumber_Mosaic_Virus,Bugwood_15.jpg,yes,whole_plant,test,"The tomato plants show characteristic Cucumber Mosaic Virus symptoms including severe leaf curling; wilting; and distortion across the entire plant canopy; which are classic signs of CMV infection in solanaceous crops."
Cucumber_Mosaic_Virus,Bugwood_3.jpg,yes,leaf,ref,"The leaves show severe distortion; curling; and crinkling typical of Cucumber Mosaic Virus infection; which commonly causes leaf deformation and mosaic-like symptoms in host plants."
Cucumber_Mosaic_Virus,Bugwood_7.jpg,yes,whole_plant,test,"The field shows rows of plants with distorted; curled; and mottled foliage consistent with Cucumber Mosaic Virus infection; which commonly causes leaf curl; mosaic patterns; and stunted growth across affected crop rows."
Cucumber_Mosaic_Virus,Bugwood_19.jpg,yes,whole_plant,skipped,"The field shows stunted; distorted tomato plants with curled and twisted foliage across the entire crop; which are characteristic symptoms of Cucumber Mosaic Virus infection causing plant stunting and leaf distortion."
Cucumber_Mosaic_Virus,Bugwood_10.jpg,yes,whole_plant,skipped,"The tomato plant specimen shows severe leaf distortion; curling; crinkling; and mosaic-like discoloration consistent with Cucumber Mosaic Virus infection."
Cucumber_Mosaic_Virus,Bugwood_2.jpg,yes,whole_plant,skipped,"The tomato plant shoot displays classic Cucumber Mosaic Virus symptoms including severe leaf distortion; curling; shoestring-like filiform leaves; mosaic/mottled discoloration; and stunted growth; which are hallmark signs of CMV infection."
Cucumber_Mosaic_Virus,Bugwood_11.jpg,yes,whole_plant,skipped,"The field shows tomato plants with stunted; distorted; and mottled foliage across entire rows; which is consistent with Cucumber Mosaic Virus infection causing widespread plant stunting and leaf deformation."
Cucumber_Mosaic_Virus,Bugwood_9.jpg,yes,whole_plant,skipped,"The tomato plant shoot displays classic Cucumber Mosaic Virus symptoms including severe leaf distortion; curling; mosaic/mottled discoloration; and stunted growth consistent with CMV infection."
Cucumber_Mosaic_Virus,Bugwood_16.jpg,yes,whole_plant,skipped,"The field shows tomato plants with stunted growth; leaf distortion; and general decline across rows; which are consistent with Cucumber Mosaic Virus systemic infection causing plant stunting and mosaic symptoms."
Cucumber_Mosaic_Virus,Bugwood_17.jpg,yes,whole_plant,skipped,"The field shows rows of plants with variable growth; wilting; and stunted appearance consistent with systemic viral infection such as Cucumber Mosaic Virus affecting whole plants across the field."
Cucumber_Mosaic_Virus,Bugwood_1.jpg,yes,whole_plant,skipped,"The tomato plant displays characteristic Cucumber Mosaic Virus symptoms including severe leaf distortion; curling; crinkling; and mosaic-like mottling across the foliage; consistent with CMV infection."
Cucumber_Mosaic_Virus,Bugwood_12.jpg,yes,whole_plant,skipped,"The tomato plant cuttings display classic Cucumber Mosaic Virus symptoms including severe leaf distortion; fern-leaf/filiform leaflets; stunting; and epinasty consistent with CMV infection."
Early_Blight,Bugwood_48.jpg,yes,stem,ref,"The image shows a dark brown to black lesion with a somewhat target-like; concentric appearance on a green hairy stem; consistent with Early Blight stem lesions caused by Alternaria solani."
Early_Blight,Bugwood_47.jpg,no,leaf,rejected,"The image shows a close-up microscopic view of plant surface with what appears to be mite or arthropod infestation (visible leg-like structures); not the characteristic circular brown lesions with concentric target-like rings and yellow halo associated with Early Blight."
Early_Blight,CDDM_1037.jpg,yes,leaf,ref,"The leaf shows dark brownish-black lesions with necrotic tissue and some concentric ring patterning consistent with early blight symptoms; along with extensive tissue damage merging across the leaf surface."
Early_Blight,Bugwood_18.jpg,yes,whole_plant,ref,"The tomato plant displays widespread brown necrotic lesions with yellowing halos on leaves; extensive defoliation starting from lower leaves; and the characteristic blighting pattern consistent with Early Blight (Alternaria solani)."
Early_Blight,CDDM_1013.jpg,no,leaf,rejected,"The leaf shows scattered small spots and some discoloration but lacks the characteristic concentric ring 'target-like' lesions with yellow halos that define Early Blight; the symptoms appear more consistent with a different condition or mechanical damage."
Early_Blight,CDDM_100.jpg,no,leaf,rejected,"The leaf shows no visible concentric ring target-like brown lesions characteristic of Early Blight; instead it appears largely healthy and green with only minor surface irregularities."
Early_Blight,Bugwood_10.jpg,no,leaf,rejected,"The leaf shows silvery-stippled discoloration and tiny dark specks consistent with spider mite feeding damage rather than the characteristic circular brown lesions with concentric rings and yellow halos typical of Early Blight."
Early_Blight,CDDM_1018.jpg,yes,leaf,ref,"The leaf shows dark brownish lesions with evidence of tissue necrosis and some yellowing consistent with early blight's characteristic target-like spots and surrounding yellow halo on foliar tissue."
Early_Blight,Bugwood_23.jpg,yes,leaf,ref,"The leaves display large dark brown lesions with concentric ring (target-like) patterns surrounded by yellow chlorotic halos; which are characteristic symptoms of Early Blight caused by Alternaria solani."
Early_Blight,CDDM_1025.jpg,no,leaf,rejected,"The leaf shows only a few small; faint pale spots without the characteristic large brown lesions with concentric target-like rings and yellow halos typical of Early Blight."
Early_Blight,CDDM_1020.jpg,yes,leaf,test,"The leaf shows large dark brown lesions with what appear to be concentric ring patterns and surrounding yellowing tissue; consistent with early blight's characteristic target-like appearance and extensive leaf tissue damage."
Early_Blight,Bugwood_19.jpg,yes,leaf,test,"The leaf displays characteristic early blight symptoms including roughly circular dark brown to black lesions with concentric ring patterns and surrounding yellow chlorotic halos; consistent with Alternaria solani infection."
Early_Blight,CDDM_1004.jpg,yes,leaf,test,"The leaf shows yellowing margins and brownish necrotic spots with some concentric ring patterning consistent with early blight symptoms; including the characteristic yellow halo surrounding lesions."
Early_Blight,CDDM_1005.jpg,yes,leaf,test,"The leaf shows a roughly circular; dark brown lesion with concentric ring patterns giving a target-like appearance; consistent with early blight symptoms described above."
Early_Blight,CDDM_102.jpg,no,leaf,rejected,"The leaf shows large necrotic brown areas with yellowing but lacks the characteristic concentric ring 'target-like' pattern with yellow halo that is diagnostic of Early Blight; the damage appears more consistent with a different pathology or environmental stress."
Early_Blight,Bugwood_7.jpg,yes,leaf,test,"The image shows a roughly circular; brown lesion with concentric ring patterns (target-like appearance) on a green leaf surface; consistent with early blight caused by Alternaria solani."
Early_Blight,CDDM_1.jpg,yes,leaf,skipped,"The leaf displays brown necrotic lesions with concentric ring patterns characteristic of Early Blight; along with yellowing tissue around the affected areas consistent with the described target-like appearance and yellow halo."
Early_Blight,CDDM_1038.jpg,no,leaf,rejected,"The leaf shows dark purplish-black discoloration without the characteristic circular brown spots with concentric target-like rings and yellow halos that are diagnostic of Early Blight."
Early_Blight,CDDM_1023.jpg,no,leaf,rejected,"The leaf shows marginal browning; yellowing; and necrosis but lacks the characteristic concentric ring 'target-like' lesions with yellow halos that are diagnostic of Early Blight; the damage appears more consistent with edge scorch or a different pathology."
Early_Blight,Bugwood_43.jpg,yes,leaf,skipped,"The leaf displays multiple roughly circular dark brown lesions with concentric ring (target-like) patterns and surrounding yellow halos; which are characteristic symptoms of Early Blight caused by Alternaria solani."
Early_Blight,Bugwood_37.jpg,yes,leaf,skipped,"The tomato leaves display multiple dark brown lesions with concentric ring target-like patterns and yellowing halos; which are characteristic symptoms of Early Blight caused by Alternaria solani."
Early_Blight,Bugwood_29.jpg,yes,leaf,skipped,"The tomato leaves show dark brown necrotic lesions with yellowing halos and irregular spots consistent with early blight caused by Alternaria solani; matching the described target-like lesions and yellow halos on foliage."
Early_Blight,Bugwood_39.jpg,yes,stem,ref,"The stem displays multiple roughly circular; dark brown lesions with concentric ring (target-like) patterns characteristic of Early Blight caused by Alternaria solani."
Early_Blight,CDDM_1041.jpg,yes,leaf,skipped,"The leaf shows large necrotic lesions with dark brown discoloration and tissue destruction consistent with early blight; though the advanced stage has caused extensive merging of spots and leaf deterioration characteristic of Alternaria solani infection."
Early_Blight,CDDM_1027.jpg,yes,leaf,skipped,"The leaf shows brown necrotic lesions with some concentric ring patterns and yellowing characteristic of Early Blight; along with extensive tissue damage consistent with the described symptoms."
Early_Blight,CDDM_10.jpg,no,leaf,rejected,"The leaf shows some discoloration and possible minor lesions but lacks the characteristic concentric ring 'target-like' brown spots with yellow halos that are diagnostic of Early Blight."
Early_Blight,CDDM_103.jpg,yes,leaf,skipped,"The leaf shows extensive brown necrotic lesions with irregular patterns and tissue destruction consistent with Early Blight; including darkened areas that could represent merged concentric-ring spots causing significant leaf damage."
Early_Blight,Bugwood_33.jpg,no,leaf,rejected,"The image shows a microscopic view of what appears to be fungal spores or mites on plant tissue; not the characteristic large circular brown lesions with concentric rings and yellow halo typical of Early Blight."
Early_Blight,CDDM_1033.jpg,yes,leaf,skipped,"The leaf displays dark brown lesions with irregular; roughly circular spots and some concentric ring-like patterning consistent with early blight caused by Alternaria solani."
Early_Blight,Bugwood_4.jpg,yes,leaf,skipped,"The microscopic image shows a multi-septate; muriform conidium with a long beak characteristic of Alternaria alternata/solani; the causal agent of Early Blight disease."
Early_Blight,Bugwood_17.jpg,no,leaf,rejected,"The image shows a microscopic view of a multi-septate fungal conidium/spore on hyphae; which is a laboratory/microscopy specimen rather than macroscopic early blight symptoms (concentric ring lesions with yellow halos) on plant tissue."
Early_Blight,Bugwood_9.jpg,yes,leaf,skipped,"The leaf displays characteristic early blight symptoms including large brown necrotic lesions with concentric rings giving a target-board appearance; surrounded by yellow halos; consistent with Alternaria early blight infection."
Early_Blight,CDDM_1008.jpg,yes,leaf,skipped,"The leaf shows dark brown lesions with some concentric ring patterning and tissue destruction consistent with Early Blight caused by Alternaria solani; though the damage is extensive with merged lesions causing significant leaf tissue destruction."
Early_Blight,CDDM_1011.jpg,yes,leaf,skipped,"The leaf displays brown necrotic lesions with concentric ring target-like patterns consistent with early blight symptoms; along with some yellowing around the affected areas."
Early_Blight,CDDM_1021.jpg,yes,leaf,skipped,"The leaf shows a roughly circular brownish-black lesion with what appears to be concentric ring patterning (target-like appearance) and surrounding tissue discoloration; consistent with Early Blight symptoms described."
Early_Blight,Bugwood_6.jpg,yes,leaf,skipped,"The tomato leaves show characteristic early blight symptoms including roughly circular brown lesions with concentric target-like rings; yellow halos surrounding the spots; and multiple coalescing lesions causing significant leaf tissue destruction."
Early_Blight,CDDM_1043.jpg,yes,leaf,skipped,"The yellowing leaf displays multiple roughly circular brown lesions with concentric ring (target-like) patterns and yellow halos; which are characteristic symptoms of Early Blight as described."
Early_Blight,CDDM_1001.jpg,yes,leaf,skipped,"The leaf shows brown necrotic spots with yellowing (chlorotic halo) around the lesions and darkened areas consistent with early blight's characteristic target-like lesions and yellow halo symptoms."
Early_Blight,CDDM_1031.jpg,yes,leaf,skipped,"The leaves display characteristic early blight symptoms including brownish necrotic lesions with concentric target-like rings; yellowing halos; and extensive leaf tissue destruction consistent with Alternaria solani infection."
Early_Blight,Bugwood_20.jpg,yes,leaf,skipped,"The tomato leaves display characteristic early blight symptoms including roughly circular lesions with concentric target-like rings and surrounding yellow halos; consistent with Alternaria solani infection."
Early_Blight,Bugwood_42.jpg,no,leaf,rejected,"The image shows a dense mass of what appears to be spider mites; webbing; and associated debris on a leaf surface; rather than the characteristic circular brown lesions with concentric target-like rings and yellow halos typical of Early Blight."
Early_Blight,Bugwood_30.jpg,yes,whole_plant,ref,"The plant displays extensive brown necrotic lesions with characteristic concentric ring patterns on leaves and stems; along with leaf curling and tissue destruction consistent with Early Blight caused by Alternaria solani."
Early_Blight,Bugwood_45.jpg,no,leaf,rejected,"The image shows a microscopic fungal spore (conidium) with septations and a long tail/appendage under a light microscope; not macroscopic plant tissue exhibiting the concentric ring target-spot lesions characteristic of Early Blight."
Early_Blight,Bugwood_46.jpg,yes,whole_plant,ref,"The tomato plant shows classic early blight symptoms with lower leaves exhibiting yellowing; browning; dark necrotic lesions with concentric target-like rings; and progressive defoliation moving upward from the base of the plant."
Early_Blight,Bugwood_26.jpg,no,leaf,rejected,"The image shows a microscopic view of what appears to be fungal hyphae; mites; or soil microorganisms rather than the macroscopic concentric ring; target-like lesions with yellow halos characteristic of Early Blight on plant tissue."
Early_Blight,CDDM_1014.jpg,yes,leaf,skipped,"The image shows tomato leaves with characteristic brown lesions exhibiting concentric rings in a target-like pattern surrounded by yellow halos; consistent with Early Blight caused by Alternaria solani; along with extensive necrosis and browning of leaf margins."
Early_Blight,CDDM_101.jpg,yes,leaf,skipped,"The leaf displays characteristic brown lesions with concentric rings giving a target-like appearance and surrounding yellowing; consistent with Early Blight caused by Alternaria solani."
Early_Blight,CDDM_1009.jpg,yes,leaf,skipped,"The leaf shows brown lesions with concentric ring target-like patterns characteristic of Early Blight; consistent with the described symptoms."
Early_Blight,Bugwood_16.jpg,no,stem,rejected,"The image shows a microscopic view of what appears to be a fungal spore or zoospore germinating from a hypha; not the macroscopic concentric ring lesions with yellow halos characteristic of Early Blight on plant tissue."
Early_Blight,Bugwood_40.jpg,yes,leaf,skipped,"The leaves display characteristic Early Blight symptoms including roughly circular dark brown lesions with concentric target-like rings; yellowing halos; and extensive necrosis causing leaf tissue destruction consistent with Alternaria solani infection."
Early_Blight,CDDM_1044.jpg,yes,leaf,skipped,"The leaf shows yellowing; browning; and dark lesions consistent with early blight symptoms including tissue discoloration and spot development characteristic of Alternaria solani infection."
Early_Blight,Bugwood_8.jpg,yes,whole_plant,skipped,"The tomato plants show severe defoliation and darkened/necrotic foliage consistent with advanced Early Blight infection; with fruits still present on extensively damaged; blackened stems characteristic of Alternaria solani damage progressing from lower leaves upward."
Early_Blight,Bugwood_11.jpg,yes,leaf,skipped,"The image shows a roughly circular lesion with characteristic concentric rings giving a target-like appearance and a surrounding yellow halo on a leaf; which is consistent with Early Blight caused by Alternaria solani."
Early_Blight,CDDM_1000.jpg,yes,leaf,skipped,"The leaf shows large brown necrotic lesions with concentric ring (target-like) patterns and a surrounding yellow halo; which are characteristic symptoms of Early Blight caused by Alternaria solani."
Early_Blight,Bugwood_24.jpg,yes,leaf,skipped,"The leaves display dark brown-to-black lesions with concentric ring (target-like) patterns and surrounding yellow halos; which are characteristic symptoms of Early Blight caused by Alternaria solani."
Early_Blight,Bugwood_44.jpg,yes,stem,ref,"The stem shows dark brown lesions with concentric ring (target-like) patterns characteristic of Early Blight caused by Alternaria solani; consistent with the described symptoms on stems."
Early_Blight,CDDM_1007.jpg,no,leaf,rejected,"The leaf shows dark; irregular blotchy lesions and possible mold growth but lacks the characteristic concentric ring 'target-like' pattern with yellow halo diagnostic of Early Blight; the symptoms appear more consistent with a different fungal or bacterial disease."
Early_Blight,CDDM_1016.jpg,yes,leaf,skipped,"The image shows a tomato leaf with brown necrotic lesions displaying the characteristic target-like concentric ring pattern with browning and tissue destruction consistent with Early Blight caused by Alternaria solani."
Early_Blight,Bugwood_3.jpg,no,stem,rejected,"The image shows a microscopic view of a fungal conidium (spore) with a long beak; consistent with Alternaria or similar pathogen morphology at ~100µm scale; not macroscopic plant tissue symptoms such as concentric ring lesions characteristic of Early Blight."
Early_Blight,CDDM_1010.jpg,yes,leaf,skipped,"The leaf shows a roughly circular dark lesion with a yellow halo; consistent with early blight's characteristic target-like spots surrounded by chlorotic (yellow) tissue."
Early_Blight,Bugwood_31.jpg,yes,leaf,skipped,"The image shows circular to irregular brown lesions with concentric ring (target-like) patterns on a green leaf surface; which is characteristic of Early Blight caused by Alternaria species."
Early_Blight,Bugwood_14.jpg,yes,stem,skipped,"The stem shows a dark brownish lesion with concentric ring-like patterns characteristic of Early Blight (Alternaria solani) stem infection; consistent with the described large brownish-black lesions with target-like appearance."
Early_Blight,Bugwood_15.jpg,yes,stem,skipped,"The image shows dark brown to black lesions with concentric ring patterns on a green hairy stem; consistent with Early Blight stem symptoms caused by Alternaria solani."
Early_Blight,CDDM_1015.jpg,yes,leaf,skipped,"The leaf shows brown necrotic lesions with what appears to be concentric ring (target-like) patterning and yellowing (chlorotic halo) around the damaged areas; consistent with Early Blight symptoms."
Early_Blight,CDDM_1029.jpg,yes,leaf,skipped,"The leaf displays multiple roughly circular brown lesions with concentric ring (target-like) patterns and surrounding chlorotic (yellowing) halos; consistent with Early Blight caused by Alternaria solani."
Early_Blight,Bugwood_27.jpg,yes,leaf,skipped,"The leaf displays classic early blight symptoms including roughly circular brown lesions with distinct concentric rings giving a target-like appearance; surrounded by yellowing (chlorotic halo); consistent with Alternaria solani infection."
Early_Blight,CDDM_1026.jpg,yes,leaf,skipped,"The leaf shows small dark brown spots with some concentric ring-like appearance consistent with early blight lesions; though early stage; matching the described target-like spots on foliar tissue."
Early_Blight,Bugwood_5.jpg,yes,stem,skipped,"The stem shows dark brown to black lesions with necrotic; irregular patches consistent with early blight stem lesions caused by Alternaria solani; including the darkened; sunken appearance characteristic of this disease."
Early_Blight,CDDM_1036.jpg,no,leaf,rejected,"The leaf appears mostly green and healthy with only a small spot visible but lacks the characteristic concentric ring target-like lesions; yellow halos; and browning associated with Early Blight."
Early_Blight,Bugwood_28.jpg,no,stem,rejected,"The image shows a highly magnified view of plant surface hairs/trichomes on what appears to be a stem; with no visible concentric ring lesions; target-like spots; or brown necrotic patches characteristic of Early Blight."
Early_Blight,Bugwood_1.jpg,no,stem,rejected,"The image shows a microscopic view of a multi-septate fungal spore (conidium); not macroscopic plant tissue with the characteristic concentric ring target-spot lesions and yellow halo symptoms described for Early Blight."
Early_Blight,CDDM_1040.jpg,yes,leaf,skipped,"The leaf shows dark brownish lesions with irregular necrotic areas consistent with early blight symptoms; including tissue destruction and darkened spots on the leaf surface."
Early_Blight,CDDM_1006.jpg,yes,leaf,skipped,"The leaf shows large brownish-black necrotic lesions with concentric ring (target-like) patterns and surrounding yellow halo regions; which are characteristic symptoms of Early Blight caused by Alternaria solani."
Early_Blight,CDDM_1039.jpg,yes,leaf,skipped,"The leaf displays multiple roughly circular dark brown spots with concentric ring patterns (target-like appearance) consistent with Early Blight caused by Alternaria solani."
Early_Blight,CDDM_1002.jpg,yes,leaf,skipped,"The leaf displays multiple roughly circular brown lesions with concentric ring (target-like) patterns and surrounding yellow halos; which are characteristic symptoms of Early Blight caused by Alternaria solani."
Early_Blight,CDDM_1035.jpg,yes,leaf,skipped,"The leaf displays large brownish necrotic lesions with yellowing (chlorotic halo) consistent with early blight's characteristic brown spots and tissue destruction described for foliar symptoms."
Early_Blight,Bugwood_32.jpg,no,stem,rejected,"The microscopic image shows what appears to be mites or small arthropods on plant tissue rather than the characteristic concentric ring; target-like brown lesions with yellow halos associated with Early Blight (Alternaria) disease."
Early_Blight,CDDM_1019.jpg,yes,leaf,skipped,"The leaves show brown necrotic lesions with yellowing halos and extensive tissue destruction consistent with Early Blight's characteristic target-like spots and leaf damage."
Early_Blight,CDDM_1030.jpg,yes,leaf,skipped,"The leaf shows multiple roughly circular dark brown lesions with concentric ring (target-like) patterns and reddish-brown coloration consistent with Early Blight caused by Alternaria solani."
Early_Blight,CDDM_1024.jpg,no,leaf,rejected,"The leaf shows small reddish-brown spots without the characteristic concentric ring 'target-like' appearance or yellow halos typical of Early Blight; the symptoms appear more consistent with another condition such as bacterial spot or insect damage."
Early_Blight,CDDM_1012.jpg,yes,leaf,skipped,"The leaf shows multiple roughly circular brown spots with what appear to be concentric ring patterns (target-like appearance) characteristic of Early Blight caused by Alternaria solani."
Early_Blight,Bugwood_36.jpg,yes,whole_plant,skipped,"The tomato plants show extensive defoliation and blackened/necrotic foliage throughout; consistent with severe Early Blight infection causing widespread leaf tissue destruction from the lower leaves upward; while fruits remain attached to the heavily damaged stems."
Early_Blight,Bugwood_34.jpg,yes,leaf,skipped,"The microscopic image shows a multi-septate conidium with a characteristic elongated; tapering shape consistent with Alternaria solani; the causal agent of Early Blight; which produces club-shaped conidia with transverse and longitudinal septa and a long beak-like appendage."
Early_Blight,CDDM_1034.jpg,yes,leaf,skipped,"The image shows tomato leaves with multiple roughly circular brown spots exhibiting concentric ring (target-like) patterns and yellowing halos; which are characteristic symptoms of Early Blight caused by Alternaria solani."
Early_Blight,CDDM_1042.jpg,no,leaf,rejected,"The leaf appears dark green and largely healthy without the characteristic brown circular lesions with concentric target-like rings and yellow halos associated with Early Blight."
Early_Blight,Bugwood_13.jpg,no,stem,rejected,"The image shows a microscopic view of what appears to be fungal sporulation structures or mites on plant tissue; not the characteristic brown concentric-ring target-like lesions with yellow halos associated with Early Blight."
Early_Blight,CDDM_1003.jpg,no,leaf,rejected,"The leaf shows extensive necrosis and what appears to be fungal sporulation (gray/white mold growth) consistent with late blight or downy mildew rather than the characteristic concentric ring 'target-like' brown lesions with yellow halos typical of Early Blight."
Early_Blight,CDDM_1022.jpg,no,leaf,rejected,"The leaf shows only a few small reddish-brown spots without the characteristic concentric ring 'target-like' lesions or yellow halos typical of Early Blight; and the overall leaf tissue appears largely healthy and green."
Early_Blight,Bugwood_2.jpg,yes,leaf,skipped,"The image shows yellowing leaves with multiple dark brown; roughly circular lesions displaying characteristic concentric ring (target-like) patterns with yellow halos; which are classic symptoms of Early Blight caused by Alternaria solani."
Early_Blight,CDDM_1017.jpg,yes,leaf,skipped,"The leaf shows dark brown necrotic lesions with some concentric ring patterning and tissue destruction consistent with early blight caused by Alternaria solani."
Early_Blight,CDDM_1032.jpg,yes,leaf,skipped,"The leaves display characteristic early blight symptoms including roughly circular brown-black lesions with concentric ring target-like patterns; yellowing halos around spots; and multiple coalescing lesions causing extensive tissue destruction consistent with Alternaria solani infection."
Early_Blight,Bugwood_21.jpg,yes,stem,skipped,"The image shows dark brown to black lesions with a roughened; necrotic appearance on the stem and branch junction of what appears to be a tomato plant; consistent with Early Blight stem lesions caused by Alternaria solani."
Early_Blight,Bugwood_25.jpg,yes,leaf,skipped,"The microscopic image shows septate; multicellular conidia consistent with Alternaria solani; the causal agent of Early Blight; viewed from infected plant tissue."
Early_Blight,Bugwood_35.jpg,yes,leaf,skipped,"The image shows a circular lesion with characteristic concentric rings giving a target-like appearance on a leaf surface; which is the hallmark symptom of Early Blight caused by Alternaria species."
Early_Blight,Bugwood_38.jpg,yes,leaf,skipped,"The leaf displays characteristic early blight symptoms including roughly circular brown lesions with concentric rings giving a target-board appearance; surrounded by yellow halos; consistent with Alternaria solani infection."
Early_Blight,Bugwood_41.jpg,yes,leaf,skipped,"The microscopic image shows conidia and conidiophores consistent with Alternaria solani; the causal agent of Early Blight; with the characteristic club-shaped multicellular spores bearing elongated beaks typical of this pathogen."
Early_Blight,CDDM_104.jpg,yes,leaf,skipped,"The image shows leaves with characteristic early blight symptoms including roughly circular brown lesions with concentric target-like rings; yellowing (chlorotic halo) around the lesions; and necrotic tissue consistent with Alternaria solani infection."
Early_Blight,Bugwood_12.jpg,yes,whole_plant,skipped,"The tomato plants show extensive browning and desiccation of foliage with characteristic early blight symptoms including brown lesions on leaves and stems causing widespread defoliation from the lower portions of the plant upward; consistent with Alternaria solani infection."
Early_Blight,Bugwood_22.jpg,yes,leaf,skipped,"The leaves display dark brown-black lesions with concentric ring target-like appearance and surrounding yellow halos; which are characteristic symptoms of Early Blight caused by Alternaria solani."
Early_Blight,CDDM_1028.jpg,no,leaf,rejected,"The leaf shows grayish-white powdery or bleached lesions without the characteristic concentric ring 'target-like' brown spots and yellow halo typical of Early Blight (Alternaria solani)."
Gray_Mold,Bugwood_4.jpg,yes,stem,ref,"The image shows classic gray mold (Botrytis cinerea) symptoms with characteristic grayish-brown fuzzy sporulation (conidia) covering the stems and wilted; necrotic leaves of a tomato plant."
Gray_Mold,Bugwood_14.jpg,yes,stem,ref,"The image shows a brown; necrotic lesion on a tomato stem with a grayish-tan; water-soaked appearance consistent with Botrytis cinerea (gray mold) stem canker infection."
Gray_Mold,Bugwood_19.jpg,no,seed,rejected,"The tomato fruit displays numerous small; circular yellow-orange ring spots or target-like lesions on its surface; which are more consistent with Tomato spotted wilt virus or a similar viral/bacterial spotting disease rather than Gray Mold (Botrytis cinerea); which typically causes gray fuzzy sporulation and brown water-soaked lesions."
Gray_Mold,Bugwood_23.jpg,yes,stem,ref,"The image shows a stem node with brown necrotic lesions and grayish fuzzy sporulation characteristic of Botrytis cinerea (gray mold) infection."
Gray_Mold,Bugwood_32.jpg,yes,stem,test,"The image shows characteristic gray mold (Botrytis cinerea) symptoms with grayish-white fuzzy sporulation on necrotic stem tissue and wilted; brown dying leaves typical of this disease."
Gray_Mold,Bugwood_2.jpg,yes,seed,ref,"The tomato fruits display characteristic gray mold (Botrytis cinerea) symptoms including grayish-brown fuzzy mycelial growth; water-soaked lesions; and fruit rot visible on the specimens shown."
Gray_Mold,Bugwood_3.jpg,yes,stem,test,"The tomato stems show brown; necrotic lesions consistent with Botrytis cinerea (gray mold) infection; which commonly causes girdling stem cankers with tan-brown discoloration at branch junctions."
Gray_Mold,Bugwood_15.jpg,yes,stem,test,"The microscopic image shows Botrytis cinerea conidiophores with clusters of round conidia characteristic of Gray Mold; consistent with the fungal pathogen responsible for this disease."
Gray_Mold,Bugwood_27.jpg,yes,leaf,ref,"The image shows necrotic; tan-to-brown lesions with tissue collapse on the leaf and associated plant parts; consistent with Botrytis cinerea (gray mold) infection causing characteristic blight and tissue death."
Gray_Mold,Bugwood_20.jpg,yes,stem,test,"The microscopic image shows branched conidiophores bearing clusters of oval conidia characteristic of Botrytis cinerea; the causative agent of Gray Mold disease."
Gray_Mold,Bugwood_24.jpg,yes,stem,test,"The stem shows a bleached; necrotic lesion with grayish-white mycelial growth and wilting/dieback of the attached flower/petiole; which is consistent with Botrytis cinerea (Gray Mold) infection on tomato stems."
Gray_Mold,Bugwood_18.jpg,yes,stem,skipped,"The image shows a stem with characteristic gray; fuzzy fungal sporulation (Botrytis cinerea) and necrotic tissue; which are classic symptoms of Gray Mold disease."
Gray_Mold,Bugwood_6.jpg,no,seed,rejected,"The tomatoes show circular yellow-halo lesions on the fruit surface consistent with bacterial speck or spot disease; not the fuzzy gray mycelial growth characteristic of Gray Mold (Botrytis cinerea)."
Gray_Mold,Bugwood_22.jpg,no,pod,rejected,"The tomato fruit shows multiple small; circular; halo-like spots characteristic of bacterial speck or bacterial spot (Pseudomonas or Xanthomonas); not gray mold (Botrytis cinerea) which typically presents as fuzzy gray mycelial growth and water-soaked lesions."
Gray_Mold,Bugwood_31.jpg,yes,stem,skipped,"The image shows a stem with grayish-white fuzzy sporulation (Botrytis cinerea conidiophores) and brown necrotic tissue; which are classic symptoms of Gray Mold disease."
Gray_Mold,Bugwood_28.jpg,no,seed,rejected,"The tomatoes display small yellow-orange spotting consistent with bacterial speck or spotted wilt virus rather than gray mold (Botrytis cinerea); which typically presents as gray fuzzy sporulation and water-soaked lesions."
Gray_Mold,Bugwood_8.jpg,no,seed,rejected,"The tomatoes show yellow-orange spotting or halo patterns on the fruit surface; which are not consistent with Gray Mold (Botrytis cinerea); which typically presents as gray fuzzy mycelial growth and water-soaked lesions rather than the discrete circular yellow spots seen here."
Gray_Mold,Bugwood_10.jpg,yes,stem,skipped,"The image shows stems with grayish-brown discoloration and fuzzy/dusty mycelial growth characteristic of Botrytis cinerea (gray mold) infection; along with blighted tissue and necrosis on the stem and associated leaves."
Gray_Mold,Bugwood_21.jpg,yes,pod,ref,"The image shows a fruit with cracked tissue and characteristic gray-white fuzzy mycelial growth (Botrytis cinerea) consistent with Gray Mold disease."
Gray_Mold,Bugwood_26.jpg,no,whole_plant,rejected,"The image shows yellowing; wilting; and browning of tomato plant tissue more consistent with a vascular wilt disease (such as Fusarium or Verticillium wilt) rather than gray mold (Botrytis cinerea); which typically presents with gray; fuzzy sporulation on necrotic tissue."
Gray_Mold,Bugwood_11.jpg,yes,stem,skipped,"The stem shows extensive necrotic lesions covered with gray fuzzy sporulation (conidia) characteristic of Botrytis cinerea (gray mold); along with wilting and collapse of surrounding tissue."
Gray_Mold,Bugwood_25.jpg,no,seed,rejected,"The image shows tomato fruits with numerous small; circular yellow-orange ring spots on the surface; which are characteristic of tomato spotted wilt virus or a similar spotting disease; not Gray Mold (Botrytis cinerea) which typically presents as fuzzy gray mycelial growth and brown lesions."
Gray_Mold,Bugwood_29.jpg,yes,seed,ref,"The image shows characteristic gray fluffy mycelium (Botrytis cinerea) with dark necrotic tissue on what appears to be a seed or bulb; consistent with Gray Mold infection."
Gray_Mold,Bugwood_12.jpg,yes,stem,skipped,"The stem shows characteristic gray fuzzy sporulation (Botrytis cinerea conidia) with necrotic tissue and wilted leaves; which are classic symptoms of gray mold disease."
Gray_Mold,Bugwood_7.jpg,yes,stem,skipped,"The stem shows a dense grayish-white powdery/fuzzy coating consistent with Botrytis cinerea (gray mold) sporulation on the plant tissue."
Gray_Mold,Bugwood_13.jpg,yes,pod,ref,"The green tomato fruit shows cracking with grayish-white fuzzy mold growth characteristic of Botrytis cinerea (Gray Mold) infection."
Gray_Mold,Bugwood_5.jpg,yes,whole_plant,ref,"The tomato plant shows wilted; desiccated; and necrotic foliage with a grayish-brown coloration and tissue collapse consistent with Botrytis cinerea (gray mold) infection; which causes blighting and collapse of leaves and stems."
Gray_Mold,Bugwood_9.jpg,no,seed,rejected,"The tomatoes display small; circular; yellowish-orange ring spots on the fruit surface; which are more consistent with a viral infection (such as Tomato spotted wilt virus) or bacterial speck/spot rather than Gray Mold (Botrytis cinerea); which typically presents as grayish-brown fuzzy mycelial growth and water-soaked lesions."
Gray_Mold,Bugwood_17.jpg,yes,stem,skipped,"The image shows a tomato stem with characteristic gray fuzzy sporulation (Botrytis cinerea conidiophores and conidia) and necrotic tissue; which are classic symptoms of Gray Mold disease."
Gray_Mold,Bugwood_30.jpg,yes,stem,skipped,"The microscopic image shows Botrytis cinerea conidiophores with characteristic branched structures bearing clusters of conidia (spores); which is the causal agent of Gray Mold disease."
Gray_Mold,Bugwood_1.jpg,yes,leaf,ref,"The microscopic image shows Botrytis cinerea conidiophores with characteristic branched structures bearing oval conidia; which are the causative agent of Gray Mold disease."
Gray_Mold,Bugwood_16.jpg,yes,stem,skipped,"The microscopic image shows branched conidiophores with oval conidia characteristic of Botrytis cinerea; the causative agent of Gray Mold disease."
Late_Blight,Bugwood_3.jpg,yes,leaf,ref,"The microscopic image shows Phytophthora-type sporangia (oval to pear-shaped spore structures) and branching sporangiophores; which are the characteristic spore-forming structures associated with Late Blight pathogens like Phytophthora species."
Late_Blight,Bugwood_29.jpg,yes,stem,ref,"The image shows dark; necrotic lesions on the tomato stem consistent with late blight stem symptoms; including the characteristic dark brown-to-black discoloration typical of Phytophthora infection on stem tissue."
Late_Blight,Bugwood_74.jpg,yes,leaf,ref,"The tomato leaf displays grayish-white cottony mycelial growth (sporulation) covering a portion of the leaflet; consistent with the white cottony sporangia characteristic of Late Blight caused by Phytophthora species."
Late_Blight,Bugwood_107.jpg,yes,leaf,ref,"The microscopic image shows sporangiophores with ellipsoid sporangia characteristic of Phytophthora species; which are the causal agents of Late Blight and produce the white cottony sporulation described in the disease description."
Late_Blight,Bugwood_50.jpg,yes,leaf,test,"The leaf shows water-soaked; oily-appearing blotches with grayish-white mycelial growth (sporangia) consistent with late blight symptoms caused by Phytophthora species."
Late_Blight,Bugwood_37.jpg,yes,leaf,test,"The image shows tomato leaves with water-soaked; oily-appearing blotches and dark purplish-brown lesions with visible curling and necrosis consistent with late blight symptoms caused by Phytophthora infestans."
Late_Blight,Bugwood_10.jpg,yes,leaf,test,"The microscopic image shows sporangia (oval; lemon-shaped structures) on sporangiophores characteristic of Phytophthora species; which are the causal agents of Late Blight and produce the white cottony sporulation described in the disease description."
Late_Blight,Bugwood_55.jpg,yes,leaf,test,"The image shows white cottony sporulation (sporangia) and purple-brown oily-appearing lesions on the underside of a leaf; which are classic symptoms of Late Blight as described."
Late_Blight,Bugwood_112.jpg,yes,leaf,test,"The leaf shows the characteristic white cottony sporulation (sporangia) on the undersurface along with purple-brown; oily-appearing blotches consistent with Late Blight caused by Phytophthora species."
Late_Blight,Bugwood_62.jpg,yes,leaf,skipped,"The tomato leaf shows a large; dark brown to grayish; water-soaked necrotic lesion with a greasy/oily appearance and dark sporulation consistent with late blight caused by Phytophthora infestans."
Late_Blight,Bugwood_58.jpg,yes,whole_plant,ref,"The image shows tomato plants with the classic late blight symptoms: severely blighted; brown-necrotic foliage and green fruits with dark brown; greasy-appearing lesions consistent with Phytophthora infestans late blight infection."
Late_Blight,Bugwood_108.jpg,yes,leaf,skipped,"The image shows tomato foliage with extensive brown; necrotic; wilted leaf lesions consistent with late blight infection; including the characteristic rapid blighting and browning of leaves seen across multiple branches of the plant."
Late_Blight,Bugwood_41.jpg,yes,leaf,skipped,"The leaf displays a large; irregular necrotic lesion with concentric zonation and visible grayish-white mycelial growth around the brown-tan center; consistent with late blight symptoms including cottony sporulation and oily-appearing blotches described for Phytophthora infection."
Late_Blight,Bugwood_42.jpg,yes,pod,ref,"The green tomato fruits display characteristic late blight symptoms including dark brown-to-purple oily blotches with greasy appearance that are progressing across the fruit surface; consistent with Phytophthora late blight infection on fruit."
Late_Blight,Bugwood_57.jpg,yes,leaf,skipped,"The leaf shows a large water-soaked; oily-appearing brown blotch with surrounding yellowing and tissue collapse; consistent with late blight lesions caused by Phytophthora species as described."
Late_Blight,Bugwood_32.jpg,yes,leaf,skipped,"The tomato leaves show characteristic late blight symptoms including dark brown-to-purple water-soaked lesions with lighter tan/gray centers and indistinct margins consistent with Phytophthora infestans infection."
Late_Blight,Bugwood_35.jpg,yes,stem,ref,"The tomato stem shows dark brown to blackish discoloration and necrotic lesions consistent with late blight stem symptoms caused by Phytophthora infestans; which typically produces dark; greasy-looking cankers on stems."
Late_Blight,Bugwood_75.jpg,yes,whole_plant,ref,"The tomato plants display wilting; dark brown necrotic lesions on leaves and stems with water-soaked; oily-appearing blotches characteristic of late blight caused by Phytophthora infestans."
Late_Blight,Bugwood_60.jpg,yes,leaf,skipped,"The tomato leaves display large; irregular dark brown to black water-soaked blotches with a greasy appearance and necrotic tissue consistent with late blight caused by Phytophthora infestans."
Late_Blight,Bugwood_25.jpg,yes,whole_plant,ref,"The tomato plant shows classic late blight symptoms including dark brown necrotic lesions on leaves and stems; collapsed foliage; and infected green fruits with dark greasy-brown discoloration consistent with Phytophthora late blight infection."
Late_Blight,Bugwood_19.jpg,yes,leaf,skipped,"The leaves show dark brown; water-soaked blotches at the margins and tips consistent with late blight lesions caused by Phytophthora species; along with the characteristic purplish-brown necrotic areas described in the disease profile."
Late_Blight,Bugwood_118.jpg,yes,leaf,skipped,"The leaf shows a large; water-soaked; tan-to-brown necrotic blotch with a greasy appearance consistent with late blight lesions caused by Phytophthora species; matching the described symptoms."
Late_Blight,Bugwood_20.jpg,no,pod,rejected,"The image shows a persimmon fruit (not a tomato or similar crop) covered with what appears to be scale insects or mites rather than the characteristic late blight symptoms of greasy brown blotches; white cottony sporulation; or leathery chocolate-brown lesions described for Late Blight."
Late_Blight,Bugwood_79.jpg,yes,leaf,skipped,"The leaf shows large; dark brown to purplish-brown water-soaked blotches with a greasy/oily appearance and whitish sporulation; consistent with late blight (Phytophthora) symptoms on tomato foliage."
Late_Blight,Bugwood_64.jpg,yes,whole_plant,skipped,"The image shows tomato plants with the characteristic brown; water-soaked blotches on leaves; widespread necrotic foliage; and dark greasy-appearing lesions on the fruit shoulders consistent with Late Blight (Phytophthora infestans) symptoms described."
Late_Blight,Bugwood_36.jpg,yes,leaf,skipped,"The leaf shows large; irregular; brown-to-tan necrotic blotches with water-soaked margins spreading from the leaf edge; consistent with late blight (Phytophthora infestans) lesions on a solanaceous plant."
Late_Blight,Bugwood_67.jpg,yes,leaf,skipped,"The leaf shows a large; water-soaked; tan-to-brown necrotic blotch with grayish-white mycelial growth on the underside; consistent with late blight symptoms caused by Phytophthora spp."
Late_Blight,Bugwood_15.jpg,yes,leaf,skipped,"The image shows a leaf with a large; water-soaked to grayish-brown lesion covered with white cottony sporulation (sporangia) on the leaf surface; consistent with Late Blight symptoms including mycelium and spore-forming structures with dark veins visible through the lesion."
Late_Blight,Bugwood_70.jpg,yes,leaf,skipped,"The tomato leaves show dark brown-to-black necrotic lesions with a water-soaked; oily appearance and visible grayish mycelial growth consistent with Late Blight caused by Phytophthora infestans."
Late_Blight,Bugwood_21.jpg,yes,leaf,skipped,"The image shows tomato leaves with large; irregular dark brown to purple-brown blotches and necrotic lesions consistent with late blight (Phytophthora infestans) symptoms as described; including the oily-appearing discoloration spreading across leaf tissue."
Late_Blight,Bugwood_106.jpg,yes,leaf,skipped,"The leaf shows water-soaked; oily-appearing blotches with grayish-white mycelium/sporulation visible on the underside; consistent with Late Blight (Phytophthora) symptoms described."
Late_Blight,Bugwood_34.jpg,no,seed,rejected,"The image shows microscopic fungal spores (sporangia or conidia) under light microscopy at 100 µm scale; not macroscopic plant tissue symptoms such as water-soaked lesions; purple-brown blotches; or white cottony growth on leaves/stems/pods as described for Late Blight."
Late_Blight,Bugwood_45.jpg,yes,leaf,skipped,"The leaf shows purple-brown; oily-appearing blotches with white cottony sporulation (sporangia) visible on the underside; consistent with Late Blight symptoms caused by Phytophthora species."
Late_Blight,Bugwood_49.jpg,yes,leaf,skipped,"The leaf shows whitish-gray cottony growth patches and water-soaked blotchy lesions on the undersurface; consistent with late blight sporulation symptoms described for high humidity conditions."
Late_Blight,Bugwood_59.jpg,yes,stem,ref,"The image shows a tomato plant with wilted; collapsed foliage and a darkened stem consistent with late blight infection caused by Phytophthora; which causes stem lesions and rapid plant collapse."
Late_Blight,Bugwood_31.jpg,yes,leaf,skipped,"The leaf shows a large; dark brown to grayish-brown lesion with concentric zonate rings and fuzzy/cottony sporulation on the underside; consistent with late blight symptoms including the oily-appearing blotch and white mycelial growth described."
Late_Blight,Bugwood_80.jpg,yes,stem,skipped,"The microscopic image shows filamentous mycelium and sporangiophore-like structures consistent with Phytophthora (Late Blight) oomycete morphology; including the characteristic branching hyphae associated with late blight pathogens."
Late_Blight,Bugwood_39.jpg,yes,leaf,skipped,"The microscopic image shows branched sporangiophores with terminal sporangia; consistent with Phytophthora species (the causal agents of Late Blight); which produce these characteristic white cottony sporulating structures observed on infected plant tissue."
Late_Blight,Bugwood_69.jpg,no,leaf,rejected,"The leaf shows circular lesions with dark centers and pale yellow halos; which are characteristic of early blight (Alternaria) or a similar fungal disease; not late blight's water-soaked purple-brown blotches with white cottony sporulation on the underside."
Late_Blight,Bugwood_11.jpg,yes,leaf,skipped,"The leaf shows characteristic late blight symptoms including a large; purple-brown oily-appearing blotch with visible white cottony sporulation (sporangia) on the underside; consistent with Phytophthora late blight infection."
Late_Blight,Bugwood_24.jpg,yes,stem,skipped,"The tomato stem shows dark brown-black necrotic lesions with a greasy; water-soaked appearance spreading along the stem; consistent with late blight stem symptoms caused by Phytophthora infestans."
Late_Blight,Bugwood_12.jpg,yes,leaf,skipped,"The leaf shows a large; water-soaked; oily-appearing brown-gray lesion with a white cottony sporulation at its margins; consistent with Late Blight symptoms caused by Phytophthora species."
Late_Blight,Bugwood_27.jpg,yes,leaf,skipped,"The leaf shows purple-brown necrotic blotches with white cottony sporulation (sporangia) visible on the leaf surface; consistent with Late Blight symptoms caused by Phytophthora species."
Late_Blight,Bugwood_28.jpg,yes,stem,skipped,"The tomato stem shows brown discoloration and dark lesions consistent with late blight stem symptoms caused by Phytophthora infestans; with the characteristic browning/necrosis spreading along the stem tissue."
Late_Blight,Bugwood_115.jpg,yes,leaf,skipped,"The image shows the underside of a leaf with a grayish-white cottony mycelial growth (sporulation) consistent with late blight's characteristic white cottony sporangia appearing on the undersides of leaves during high humidity conditions."
Late_Blight,Bugwood_51.jpg,yes,stem,skipped,"The tomato stem shows dark brown-to-black necrotic lesions with a greasy; water-soaked appearance and visible mycelial growth consistent with late blight (Phytophthora infestans) stem symptoms."
Late_Blight,Bugwood_47.jpg,yes,leaf,skipped,"The tomato leaf shows a large brown necrotic lesion with white cottony sporulation (sporangia) around the margins; consistent with late blight caused by Phytophthora infestans as described."
Late_Blight,Bugwood_46.jpg,yes,whole_plant,skipped,"The tomato plants show classic late blight symptoms including dark brown necrotic lesions on leaves; severe wilting and blighting of foliage; and brownish discoloration on developing fruits; consistent with Phytophthora infestans infection."
Late_Blight,Bugwood_105.jpg,yes,whole_plant,skipped,"The tomato seedlings show wilting; dark water-soaked lesions; and necrotic browning of leaves and stems consistent with late blight (Phytophthora) infection; with progressive collapse visible across multiple plants at different stages of disease severity."
Late_Blight,Bugwood_22.jpg,yes,stem,skipped,"The stem shows dark brown-black necrotic lesions with a water-soaked; oily appearance consistent with late blight stem symptoms caused by Phytophthora species."
Late_Blight,Bugwood_81.jpg,yes,whole_plant,skipped,"The tomato plant displays extensive brown; necrotic; blighted foliage with rapid collapse and browning consistent with late blight caused by Phytophthora infestans; matching the described purple-brown lesions and widespread tissue death."
Late_Blight,Bugwood_33.jpg,yes,leaf,skipped,"The tomato leaf displays a large; brown; necrotic lesion with an oily/water-soaked appearance at the leaf margin that is consistent with late blight (Phytophthora infestans) symptoms; including the rapid tissue collapse and dark brown discoloration described."
Late_Blight,Bugwood_100.jpg,no,seed,rejected,"The image shows microscopic sporangia or spores under a microscope; not macroscopic plant tissue displaying the water-soaked lesions; purple-brown blotches; or white cottony growth on leaves/stems/pods described for Late Blight."
Late_Blight,Bugwood_38.jpg,yes,leaf,skipped,"The microscopic image shows Phytophthora-type sporangia and mycelial structures consistent with Late Blight pathogens; displaying the characteristic spore-forming structures associated with Phytophthora species responsible for late blight disease."
Late_Blight,Bugwood_113.jpg,no,leaf,rejected,"The image shows microscopic fungal or oomycete hyphal structures (likely sporangiophores or mycelium) under a light microscope at 50 µm scale; not macroscopic leaf/stem/pod tissue with the water-soaked blotches; purple-brown lesions; or white cottony sporulation described for Late Blight visual symptoms."
Late_Blight,Bugwood_26.jpg,yes,whole_plant,skipped,"The image shows tomato plants with widespread brown-tan necrotic foliage; blighted stems; and fruit with dark greasy-brown lesions on the shoulders; all consistent with late blight caused by Phytophthora infestans."
Late_Blight,Bugwood_44.jpg,yes,whole_plant,skipped,"The image shows tomato plants with classic late blight symptoms including water-soaked; brown-dark lesions on fruit shoulders turning chocolate brown and leathery; along with widespread blighting and browning/necrosis of foliage consistent with Phytophthora late blight infection."
Late_Blight,Bugwood_53.jpg,yes,leaf,skipped,"The leaf shows water-soaked; oily-appearing blotches with tan/brown lesions consistent with late blight symptoms caused by Phytophthora species on what appears to be a potato or tomato plant."
Late_Blight,Bugwood_119.jpg,yes,leaf,skipped,"The leaf displays large; water-soaked; rapidly expanding brown necrotic blotches with a greasy; irregular appearance transitioning from green to tan/brown tissue; consistent with late blight symptoms caused by Phytophthora infection."
Late_Blight,Bugwood_48.jpg,yes,whole_plant,skipped,"The tomato plant shows widespread dark brown necrotic lesions on leaves and stems with characteristic wilting and collapse consistent with late blight caused by Phytophthora infestans; including the dark blotching on foliage and affected green fruits."
Late_Blight,Bugwood_13.jpg,yes,whole_plant,skipped,"The tomato seedlings show wilting; dark water-soaked lesions; and collapsing stems consistent with late blight (Phytophthora) infection causing rapid tissue collapse and death."
Late_Blight,Bugwood_103.jpg,yes,whole_plant,skipped,"The tomato plant shows extensive dark brown; necrotic; water-soaked lesions on leaves and stems with widespread wilting and collapse consistent with late blight caused by Phytophthora infestans."
Late_Blight,Bugwood_104.jpg,yes,whole_plant,skipped,"The tomato plants show characteristic late blight symptoms including purple-brown blotches on lower leaves; widespread wilting and necrosis progressing from the bottom up; and the oily/water-soaked appearance consistent with Phytophthora late blight infection."
Late_Blight,Bugwood_52.jpg,yes,pod,ref,"The tomato fruits display brown; leathery rotted areas with white cottony mycelial growth (sporangia) on the surface; consistent with late blight fruit symptoms caused by Phytophthora infestans showing greasy; chocolate-brown lesions with white sporulation."
Late_Blight,Bugwood_66.jpg,yes,stem,skipped,"The microscopic image shows a sporangiophore with an ovoid sporangium characteristic of Phytophthora species; which are the causal agents of Late Blight; consistent with the white cottony sporulation and spore-forming structures described in the disease description."
Late_Blight,Bugwood_116.jpg,yes,pod,ref,"The fruit shows brown; greasy; leathery lesions with dark chocolate-brown discoloration consistent with Late Blight symptoms on fruit as described."
Late_Blight,Bugwood_63.jpg,yes,whole_plant,skipped,"The tomato plants display wilting; dark brown necrotic lesions on leaves and stems with the characteristic drooping and collapse associated with late blight (Phytophthora infestans); consistent with the described purple-brown blotches and rapid tissue destruction."
Late_Blight,Bugwood_30.jpg,yes,leaf,skipped,"The leaf shows a large; dark brown necrotic lesion with concentric zonation and visible grayish mycelial growth (sporulation) at the lesion margin; consistent with Late Blight symptoms including oily-appearing blotches and cottony fungal growth on the leaf surface."
Late_Blight,Bugwood_73.jpg,yes,pod,skipped,"The tomato fruit displays the characteristic brown; greasy; leathery lesions with firm discoloration consistent with Late Blight fruit symptoms caused by Phytophthora infestans; starting on the surface and spreading across the fruit."
Late_Blight,Bugwood_117.jpg,no,leaf,rejected,"The image shows a large necrotic lesion with concentric rings and shot-hole appearance more consistent with early blight (Alternaria) rather than late blight; which would typically show water-soaked oily blotches with white cottony sporulation on leaf undersides."
Late_Blight,Bugwood_1.jpg,no,seed,rejected,"The image shows a microscopic view of what appears to be a single spore or oospore (~20 µm scale); not macroscopic plant tissue with the water-soaked lesions; purple-brown blotches; or white cottony sporulation characteristic of Late Blight symptoms."
Late_Blight,Bugwood_78.jpg,yes,pod,skipped,"The tomato fruit displays the characteristic brown; greasy; leathery lesions with concentric zonation consistent with late blight fruit infection caused by Phytophthora infestans; matching the described symptoms of brown; firm greasy spots becoming leathery and chocolate brown."
Late_Blight,Bugwood_43.jpg,yes,whole_plant,skipped,"The tomato plant displays characteristic late blight symptoms including water-soaked; purple-brown blotches on curled and wilting leaves with darkened lesions consistent with Phytophthora infestans infection."
Late_Blight,Bugwood_76.jpg,yes,whole_plant,skipped,"The tomato plant shows classic late blight symptoms including water-soaked to brown-purple blotches on leaves; extensive necrosis and collapse of foliage; dark lesions on stems; and brown greasy spots on the green fruit; consistent with Phytophthora infestans infection."
Late_Blight,Bugwood_4.jpg,yes,pod,skipped,"The tomatoes display characteristic late blight symptoms including brown; greasy-appearing discoloration and white cottony sporulation on the fruit surface; consistent with Phytophthora infestans infection causing chocolate-brown leathery lesions on tomato fruit."
Late_Blight,Bugwood_72.jpg,yes,leaf,skipped,"The leaf shows a large; grayish-brown; water-soaked necrotic lesion with a lighter halo; consistent with late blight symptoms including the oily-appearing blotch and grayish mycelial growth characteristic of Phytophthora infection."
Late_Blight,Bugwood_14.jpg,yes,whole_plant,skipped,"The tomato plant displays characteristic late blight symptoms including dark brown-purple lesions on leaves; water-soaked blotches; and widespread necrotic areas consistent with Phytophthora infestans infection."
Late_Blight,Bugwood_56.jpg,no,stem,rejected,"The image shows tomato seedlings with damping-off symptoms (dark; pinched stem lesions at the soil line and wilting/collapse); not the purple-brown oily blotches or white cottony sporulation characteristic of Late Blight."
Late_Blight,Bugwood_68.jpg,yes,pod,skipped,"The tomato fruit displays brown; leathery lesions with greasy/oily appearance and white cottony sporulation (mycelium) on the surface; consistent with late blight fruit symptoms described as chocolate-brown; firm; greasy spots beginning on the shoulders of the fruit."
Late_Blight,Bugwood_61.jpg,no,stem,rejected,"The image shows tomato seedlings with damping-off symptoms (dark; pinched stem lesions at the soil line causing wilting); not the water-soaked purple-brown blotches or white cottony sporulation characteristic of Late Blight."
Late_Blight,Bugwood_5.jpg,yes,stem,skipped,"The microscopic image shows branched; septate fungal hyphae/sporangiophores emerging from darkened; necrotic plant tissue; consistent with the mycelium and spore-forming structures of Phytophthora (Late Blight) infection on plant tissue."
Late_Blight,Bugwood_18.jpg,yes,pod,skipped,"The tomato fruit shows brown; firm discoloration with white cottony mycelial/sporangial growth on the surface; consistent with late blight fruit symptoms described as greasy-brown lesions with white cottony sporulation."
Late_Blight,Bugwood_16.jpg,yes,leaf,skipped,"The leaves display large; water-soaked; oily-appearing blotches with brown necrotic centers and pale halo regions consistent with late blight (Phytophthora) symptoms; including the characteristic spreading lesions on tomato foliage."
Late_Blight,Bugwood_71.jpg,yes,leaf,skipped,"The tomato leaf shows large; irregular brown-tan necrotic lesions with a greasy; water-soaked appearance at the margins; consistent with late blight caused by Phytophthora infestans."
Late_Blight,Bugwood_8.jpg,yes,leaf,skipped,"The tomato leaves show characteristic late blight symptoms including water-soaked; oily-appearing blotches with purple-brown discoloration and grayish sporulation visible on the leaf surfaces; consistent with Phytophthora infestans infection."
Late_Blight,Bugwood_102.jpg,no,stem,rejected,"The image shows a wilted/collapsed tomato plant with shriveled leaves and stem damage consistent with a vascular wilt disease (such as Fusarium or Verticillium wilt) rather than Late Blight; as there are no visible water-soaked lesions; purple-brown blotches; or white cottony sporulation characteristic of Phytophthora late blight."
Late_Blight,Bugwood_40.jpg,yes,pod,skipped,"The tomato fruits display classic late blight symptoms including brown; firm; greasy-appearing rot with white cottony mycelial/sporangial growth on the fruit surface; consistent with Phytophthora late blight infection."
Late_Blight,Bugwood_6.jpg,yes,leaf,skipped,"The tomato leaf displays a dark brown; water-soaked necrotic lesion with grayish-white cottony mycelial growth around the margins; consistent with late blight (Phytophthora) symptoms described."
Late_Blight,Bugwood_109.jpg,yes,pod,skipped,"The green tomato fruits display characteristic late blight symptoms including water-soaked; greasy brown lesions with white cottony sporulation (Phytophthora mycelium) on the fruit surface; consistent with the described late blight infection on fruit."
Late_Blight,Bugwood_54.jpg,yes,pod,skipped,"The tomato fruit displays brown; greasy; leathery lesions with white cottony mycelial growth around the stem end; consistent with late blight fruit symptoms caused by Phytophthora infestans affecting the shoulders of the fruit."
Late_Blight,Bugwood_7.jpg,yes,pod,skipped,"The cross-sectioned tomato fruit shows dark brown; leathery; greasy discoloration consistent with late blight fruit symptoms; including the chocolate-brown firm rotting tissue characteristic of Phytophthora infestans infection."
Late_Blight,Bugwood_110.jpg,yes,pod,skipped,"The green tomato fruits show brown; greasy-appearing blotches and discoloration consistent with late blight fruit infection caused by Phytophthora infestans; along with the surrounding blighted foliage typical of late blight disease."
Late_Blight,Bugwood_114.jpg,yes,leaf,skipped,"The leaf shows classic late blight symptoms including large purple-brown necrotic blotches with grayish-white cottony sporulation (sporangia) visible on the leaf surface; consistent with Phytophthora late blight infection."
Late_Blight,Bugwood_17.jpg,yes,whole_plant,skipped,"The tomato plants show widespread late blight symptoms including dark brown necrotic lesions on leaves; wilting and collapse of foliage; and greasy/discolored spots on the unripe fruit; consistent with Phytophthora infestans infection."
Late_Blight,Bugwood_2.jpg,no,seed,rejected,"The image shows a microscopic sporangium or spore structure (~20 µm scale) under light microscopy; not macroscopic late blight symptoms on a plant part such as water-soaked lesions; purple-brown blotches; or white cottony growth on leaves; stems; or pods."
Late_Blight,Bugwood_23.jpg,yes,leaf,skipped,"The leaf shows a pale; water-soaked lesion with whitish cottony growth at the center; consistent with Late Blight symptoms of oily-appearing blotches and white sporangia formation on the leaf surface."
Late_Blight,Bugwood_77.jpg,yes,leaf,skipped,"The tomato leaf shows large dark brown-to-gray necrotic lesions with a water-soaked; oily appearance consistent with late blight (Phytophthora infestans); matching the described purple-brown blotches on leaf tissue."
Late_Blight,Bugwood_101.jpg,yes,leaf,skipped,"The leaf shows a large; grayish-brown necrotic lesion with a water-soaked oily appearance and what appears to be grayish mycelial growth on the upper surface; consistent with Late Blight symptoms caused by Phytophthora species."
Late_Blight,Bugwood_111.jpg,yes,leaf,skipped,"The leaf shows large; water-soaked to brown necrotic blotches with pale margins consistent with late blight symptoms caused by Phytophthora species; matching the described purple-brown oily-appearing lesions on foliar tissue."
Late_Blight,Bugwood_65.jpg,yes,leaf,skipped,"The leaf shows large; dark brown; water-soaked blotches with white cottony sporulation visible at the lesion margins; consistent with Late Blight (Phytophthora) symptoms described."
Leaf_Mold,CDDM_1036.jpg,no,leaf,rejected,"The image shows yellowing/chlorosis between veins more consistent with a nutrient deficiency (such as magnesium deficiency) rather than the characteristic pale greenish-yellow spots with olive-green to brown velvety mold on the underside typical of Leaf Mold."
Leaf_Mold,CDDM_1035.jpg,no,leaf,rejected,"The leaf appears uniformly green and healthy without the characteristic pale yellow spots on the upper surface or olive-green to brown velvety mold on the lower surface indicative of Leaf Mold disease."
Leaf_Mold,CDDM_1080.jpg,yes,leaf,ref,"The leaf shows pale greenish-yellow spots on the upper surface consistent with the early symptoms of leaf mold; where discrete yellow to pale green discoloration is characteristic of Cladosporium fulvum infection."
Leaf_Mold,CDDM_1006.jpg,yes,leaf,ref,"The leaf displays yellowing/pale greenish-yellow discoloration and what appears to be olive-brown mold-like coating on the leaf surface; consistent with Leaf Mold symptoms described."
Leaf_Mold,CDDM_1057.jpg,yes,leaf,ref,"The leaf shows pale greenish-yellow spots and discoloration on the upper surface consistent with the early stages of leaf mold; with interveinal yellowing matching the described pale greenish-yellow spots without definite margins."
Leaf_Mold,CDDM_1043.jpg,yes,leaf,test,"The leaf shows pale yellowish spots on the upper surface consistent with early leaf mold symptoms; though the classic olive-green velvety mold on the underside is not visible in this view."
Leaf_Mold,CDDM_10.jpg,yes,leaf,test,"The leaf shows pale greenish-yellow spots on the upper surface with a slightly mottled appearance consistent with leaf mold symptoms; and the overall presentation matches the described discrete yellow spots and discoloration pattern of Cladosporium leaf mold."
Leaf_Mold,CDDM_1061.jpg,yes,leaf,test,"The leaf shows pale greenish-yellow spots on the upper surface with mottled discoloration and slight texture changes consistent with leaf mold infection as described."
Leaf_Mold,CDDM_1011.jpg,no,leaf,rejected,"The leaf shows only minor yellowing without the characteristic pale greenish-yellow spots on the upper surface or olive-green to brown velvety mold on the lower surface typical of Leaf Mold disease."
Leaf_Mold,CDDM_1069.jpg,yes,leaf,test,"The image shows leaves with pale yellowish-green discoloration and a whitish-to-olive mottled appearance on the leaf surfaces; consistent with the pale greenish-yellow spots and velvety mold symptoms described for Leaf Mold disease."
Leaf_Mold,CDDM_1064.jpg,yes,leaf,test,"The leaf shows pale greenish-yellow discoloration and mottling consistent with the early stages of leaf mold; where yellow spots form on the upper leaf surface before progressing to more severe symptoms."
Leaf_Mold,CDDM_1007.jpg,yes,leaf,skipped,"The leaf shows pale greenish-yellow discoloration and mottled spots consistent with the early symptoms of leaf mold; including uneven yellowing patterns on the upper leaf surface as described."
Leaf_Mold,CDDM_1048.jpg,yes,leaf,skipped,"The leaf shows pale greenish-yellow spots and discoloration on the upper surface consistent with the early stages of leaf mold; with irregular yellow-green patches matching the described symptoms of discrete yellow spots forming on the upper leaf surface."
Leaf_Mold,CDDM_1049.jpg,yes,leaf,skipped,"The leaf shows pale greenish-yellow spots on the upper surface; consistent with the described leaf mold symptoms of pale greenish-yellow spots with no definite margins on the upper leaf surface."
Leaf_Mold,CDDM_1063.jpg,yes,leaf,skipped,"The leaf shows pale yellowish spots on the upper surface consistent with the early stages of leaf mold (Passalora fulva); where discrete yellow-green lesions form on the upper leaf surface before the characteristic olive-brown velvety sporulation develops on the underside."
Leaf_Mold,CDDM_1039.jpg,yes,leaf,skipped,"The leaf shows yellowing/pale spots on the upper surface and a brownish discoloration consistent with olive-green to brown velvety mold typical of Leaf Mold disease on tomato leaves."
Leaf_Mold,CDDM_1041.jpg,yes,leaf,skipped,"The leaf shows pale yellowish-green discoloration and mottling consistent with the early stages of leaf mold; with the yellowing and potential velvety texture visible on the leaf surface matching the described symptoms."
Leaf_Mold,CDDM_1081.jpg,yes,leaf,skipped,"The leaf shows pale greenish-yellow interveinal spots on the upper surface consistent with the early stages of leaf mold; where discrete yellow discoloration without definite margins is characteristic of Cladosporium fulvum infection."
Leaf_Mold,CDDM_1067.jpg,yes,leaf,skipped,"The leaf shows yellowing/pale greenish-yellow discoloration on the upper surface consistent with early leaf mold symptoms; though the olive-green velvety mold on the underside is not clearly visible from this angle."
Leaf_Mold,CDDM_1031.jpg,yes,leaf,skipped,"The image shows pale greenish-yellow spots on the upper surface of a tomato leaf; consistent with the described leaf mold symptoms of discrete yellow spots without definite margins forming on the upper leaf surface."
Leaf_Mold,CDDM_1025.jpg,yes,leaf,skipped,"The leaf shows pale greenish-yellow discoloration and irregular spots consistent with early leaf mold symptoms; though the characteristic olive-green velvety mold on the underside is not clearly visible from this angle."
Leaf_Mold,CDDM_1017.jpg,yes,leaf,skipped,"The leaf displays pale greenish-yellow spots on the upper surface with irregular margins; consistent with the early symptoms of leaf mold caused by Cladosporium fulvum; as described in the disease profile."
Leaf_Mold,CDDM_1027.jpg,yes,leaf,skipped,"The leaf shows pale yellowish-green discoloration and browning consistent with leaf mold symptoms; including irregular necrotic areas and yellowing on the upper leaf surface as described."
Leaf_Mold,CDDM_1085.jpg,yes,leaf,skipped,"The tomato leaves display pale greenish-yellow irregular spots on the upper surface consistent with the early symptoms of leaf mold (Passalora fulva); matching the described pale greenish-yellow spots with no definite margins."
Leaf_Mold,CDDM_1070.jpg,yes,leaf,skipped,"The leaf shows pale greenish-yellow spots on the upper surface with olive-green to brown discoloration consistent with leaf mold symptoms as described."
Leaf_Mold,CDDM_1042.jpg,yes,leaf,skipped,"The leaf shows yellowish-green discoloration and pale spots on the upper surface consistent with the early stages of Leaf Mold; where pale greenish-yellow spots with no definite margins form on the upper leaf surface."
Leaf_Mold,CDDM_1073.jpg,yes,leaf,skipped,"The leaf shows pale greenish-yellow spots and discoloration on the upper surface consistent with the early stages of leaf mold; where chlorotic spots develop before the characteristic olive-green velvety mold becomes prominent."
Leaf_Mold,CDDM_1021.jpg,yes,leaf,skipped,"The leaf shows pale yellowish-green discoloration and what appears to be velvety mold-like texture on the surface; consistent with the early symptoms of leaf mold including yellowing spots and potential olive-colored growth."
Leaf_Mold,CDDM_1077.jpg,yes,leaf,skipped,"The leaf displays pale greenish-yellow discoloration consistent with the early pale greenish-yellow spots described for Leaf Mold; though the classic olive-green velvety mold on the underside is not clearly visible in this image."
Leaf_Mold,CDDM_1028.jpg,yes,leaf,skipped,"The leaf displays pale greenish-yellow spots on the upper surface consistent with the discrete yellow chlorotic spots described for leaf mold infection."
Leaf_Mold,CDDM_1005.jpg,yes,leaf,skipped,"The leaf shows pale greenish-yellow spots on the upper surface with brownish discoloration consistent with leaf mold caused by Cladosporium fulvum; matching the described discrete yellow-to-brown spots on the upper leaf surface."
Leaf_Mold,CDDM_1040.jpg,no,leaf,rejected,"The image shows large; dark brown necrotic lesions on the leaf rather than the pale greenish-yellow spots with olive-green velvety mold on the underside characteristic of Leaf Mold disease."
Leaf_Mold,CDDM_1051.jpg,no,leaf,rejected,"The leaf appears uniformly dark green and curled/wilted without the characteristic pale yellow spots on the upper surface or olive-green to brown velvety mold on the lower surface typical of Leaf Mold disease."
Leaf_Mold,CDDM_1055.jpg,yes,leaf,skipped,"The leaf shows pale greenish-yellow spots on the upper surface consistent with leaf mold symptoms; including the characteristic irregular discoloration described in the disease profile."
Leaf_Mold,CDDM_1065.jpg,yes,leaf,skipped,"The leaf shows pale greenish-yellow spots on the upper surface consistent with the early symptoms of leaf mold; with the discoloration pattern matching the described pale greenish-yellow spots without definite margins."
Leaf_Mold,CDDM_1038.jpg,yes,leaf,skipped,"The leaf shows pale greenish-yellow spots and discoloration on the upper surface consistent with the early stages of leaf mold infection as described."
Leaf_Mold,CDDM_1087.jpg,yes,leaf,skipped,"The leaf shows pale greenish-yellow discoloration and darker mottled spots consistent with the early stages of leaf mold; where pale greenish-yellow spots form on the upper leaf surface."
Leaf_Mold,CDDM_1045.jpg,yes,leaf,skipped,"The leaf shows pale greenish-yellow discoloration and mottled spots on the upper surface consistent with the pale greenish-yellow spots and early leaf mold symptoms described."
Leaf_Mold,CDDM_1075.jpg,yes,leaf,skipped,"The image shows tomato leaves with pale greenish-yellow spots on the upper surface and browning/necrotic areas consistent with leaf mold infection; matching the described symptoms of discrete yellow spots and leaf withering."
Leaf_Mold,CDDM_1009.jpg,yes,leaf,skipped,"The leaf shows pale greenish-yellow spots on the upper surface with some browning and mottling consistent with the described Leaf Mold symptoms of pale greenish-yellow spots and leaf discoloration."
Leaf_Mold,CDDM_1030.jpg,yes,leaf,skipped,"The leaf shows pale yellowish-green discoloration and mottled spots on the upper surface consistent with the early symptoms of leaf mold caused by Passalora fulva; matching the described pale greenish-yellow spots with no definite margins."
Leaf_Mold,CDDM_1019.jpg,yes,leaf,skipped,"The leaf shows pale greenish-yellow discoloration and spots consistent with the early symptoms of leaf mold; including irregular yellowing on the upper leaf surface as described."
Leaf_Mold,CDDM_1033.jpg,yes,leaf,skipped,"The leaf shows discoloration with yellowish-green to brown patches and mottled appearance consistent with leaf mold symptoms; including the pale spots and browning/wilting described for this disease."
Leaf_Mold,CDDM_1034.jpg,yes,leaf,skipped,"The leaf shows pale greenish-yellow spots and discoloration on the upper surface consistent with the early stages of leaf mold; with irregular chlorotic patches matching the described symptoms of pale greenish-yellow spots with no definite margins."
Leaf_Mold,CDDM_1014.jpg,yes,leaf,skipped,"The leaf shows pale greenish-yellow spots on the upper surface with brownish discoloration consistent with leaf mold (Passalora fulva); matching the described discrete yellow-to-brown spots typical of this disease."
Leaf_Mold,CDDM_1058.jpg,no,leaf,rejected,"The leaf shows only a single small tan/white lesion without the characteristic pale greenish-yellow spots; olive-green velvety mold on the underside; or widespread yellowing associated with Leaf Mold disease."
Leaf_Mold,CDDM_1053.jpg,yes,leaf,skipped,"The image shows leaves with yellowing/pale greenish-yellow discoloration and mottled appearance consistent with leaf mold symptoms; including the characteristic yellowing on the upper leaf surface."
Leaf_Mold,CDDM_1052.jpg,yes,leaf,skipped,"The leaf shows pale greenish-yellow spots on the upper surface and appears to have velvety discoloration consistent with olive-green mold development; along with withering at the margins; all characteristic of Leaf Mold disease."
Leaf_Mold,CDDM_1004.jpg,yes,leaf,skipped,"The tomato leaf shows pale yellowish-green discoloration on the upper surface with olive-brown velvety patches; consistent with the described Leaf Mold symptoms of yellow spots and mold growth."
Leaf_Mold,CDDM_1029.jpg,yes,leaf,skipped,"The leaf shows pale greenish-yellow interveinal chlorosis and discoloration on the upper surface consistent with early leaf mold symptoms; matching the described pale greenish-yellow spots with no definite margins on the upper leaf side."
Leaf_Mold,CDDM_1088.jpg,yes,leaf,skipped,"The leaf shows pale greenish-yellow spots and discoloration on the upper surface consistent with leaf mold symptoms; along with what appears to be darker mold growth in areas; matching the described pale greenish-yellow spots and velvety mold development."
Leaf_Mold,CDDM_104.jpg,yes,leaf,skipped,"The leaf shows pale yellowish discoloration and mottled greenish-yellow spots on the upper surface consistent with the early symptoms of Leaf Mold (Fulvia fulva); with some velvety browning visible."
Leaf_Mold,CDDM_100.jpg,no,leaf,rejected,"The leaf shows general interveinal chlorosis/yellowing consistent with nutrient deficiency (e.g.; magnesium deficiency) rather than the characteristic pale greenish-yellow spots with olive-green to brown velvety mold on the lower surface typical of Leaf Mold."
Leaf_Mold,CDDM_1044.jpg,yes,leaf,skipped,"The image shows tomato leaves with pale greenish-yellow spots on the upper surface and the characteristic yellowing/browning pattern consistent with leaf mold infection; with older leaves showing more advanced symptoms including withering and necrosis."
Leaf_Mold,CDDM_1012.jpg,yes,leaf,skipped,"The image shows pale greenish-yellow spots on the upper leaf surface with what appears to be velvety discoloration consistent with leaf mold symptoms described; including irregular lesions without definite margins on tomato foliage."
Leaf_Mold,CDDM_1032.jpg,yes,leaf,skipped,"The leaf shows pale yellowish spots on the upper surface with some discoloration consistent with leaf mold symptoms; matching the described pale greenish-yellow spots and mottled appearance characteristic of Cladosporium leaf mold infection."
Leaf_Mold,CDDM_1050.jpg,yes,leaf,skipped,"The leaves show pale greenish-yellow spots on the upper surface with irregular margins; consistent with the early foliar symptoms of Leaf Mold as described."
Leaf_Mold,CDDM_106.jpg,no,leaf,rejected,"The leaf appears uniformly dark green without the characteristic pale greenish-yellow spots on the upper surface or olive-green to brown velvety mold patches associated with Leaf Mold disease."
Leaf_Mold,CDDM_1018.jpg,yes,leaf,skipped,"The leaves show pale yellowish-green to brown discoloration with interveinal chlorosis and necrosis consistent with leaf mold symptoms; including the characteristic irregular spotting and withering described in the disease profile."
Leaf_Mold,CDDM_1054.jpg,yes,leaf,skipped,"The leaf shows pale greenish-yellow discoloration and uneven mottling consistent with early leaf mold symptoms; including yellowing spots on the upper leaf surface as described for Leaf_Mold disease."
Leaf_Mold,CDDM_102.jpg,yes,leaf,skipped,"The leaf shows pale yellowish-green discoloration and interveinal chlorotic spots on the upper surface consistent with leaf mold symptoms; which typically presents as pale greenish-yellow spots with olive-brown discoloration."
Leaf_Mold,CDDM_1002.jpg,yes,leaf,skipped,"The leaf shows pale greenish-yellow spots and discoloration on the upper surface consistent with the early symptoms of leaf mold; where discrete yellow to pale green spots form on the upper leaf surface."
Leaf_Mold,CDDM_1003.jpg,yes,leaf,skipped,"The leaf shows pale yellowish-green discoloration on the upper surface with an olive-brown velvety appearance consistent with the described Leaf_Mold symptoms of pale greenish-yellow spots and mold development."
Leaf_Mold,CDDM_1059.jpg,yes,leaf,skipped,"The leaf shows pale greenish-yellow discoloration and irregular spots consistent with early leaf mold symptoms; including the characteristic uneven yellowing on the upper leaf surface described in the disease profile."
Leaf_Mold,CDDM_1072.jpg,yes,leaf,skipped,"The leaf shows pale greenish-yellow spots on the upper surface consistent with early leaf mold symptoms; with the characteristic discoloration pattern matching the described discrete yellow spots associated with Leaf_Mold disease."
Leaf_Mold,CDDM_1015.jpg,yes,leaf,skipped,"The leaf shows pale yellowish spots on the upper surface consistent with the early symptoms of leaf mold (Passalora fulva); where discrete yellow-green discoloration appears before the characteristic olive velvety mold develops on the underside."
Leaf_Mold,CDDM_107.jpg,yes,leaf,skipped,"The leaf displays yellowing and mottled discoloration consistent with leaf mold symptoms; including pale greenish-yellow areas and surface texture changes typical of Cladosporium fulvum infection."
Leaf_Mold,CDDM_1037.jpg,yes,leaf,skipped,"The leaf shows pale greenish-yellow spots on the upper surface and what appears to be olive-green to brownish discoloration consistent with early leaf mold symptoms as described."
Leaf_Mold,CDDM_108.jpg,yes,leaf,skipped,"The leaf shows pale greenish-yellow spots and discoloration on the upper surface consistent with the early stages of leaf mold infection as described."
Leaf_Mold,CDDM_1016.jpg,yes,leaf,skipped,"The image shows a tomato leaf with pale greenish-yellow spots on the upper surface and signs of discoloration consistent with leaf mold infection as described."
Leaf_Mold,CDDM_1.jpg,yes,leaf,skipped,"The leaf shows pale greenish-yellow spots on the upper surface with what appears to be olive-brown mold development; consistent with the described Leaf Mold symptoms of discrete spots and velvety fungal growth."
Leaf_Mold,CDDM_1084.jpg,yes,leaf,skipped,"The image shows a tomato leaf with pale greenish-yellow discoloration and mottled spots on the upper surface; consistent with the early foliar symptoms of Leaf Mold caused by Passalora fulva."
Leaf_Mold,CDDM_105.jpg,yes,leaf,skipped,"The leaves show yellowish-green discoloration and pale spots consistent with the early stages of leaf mold; where pale greenish-yellow spots form on the upper leaf surface."
Leaf_Mold,CDDM_1082.jpg,yes,leaf,skipped,"The image shows pale greenish-yellow spots on the upper leaf surface consistent with the early symptoms of leaf mold (Passalora fulva); matching the described discrete yellow spots and mottled discoloration characteristic of this disease."
Leaf_Mold,CDDM_1046.jpg,no,leaf,rejected,"The image shows discrete brown necrotic lesions on the upper leaf surface without the characteristic pale greenish-yellow spots or olive-green velvety mold on the underside associated with Leaf Mold; suggesting a different disease such as early blight or another foliar pathogen."
Leaf_Mold,CDDM_1079.jpg,yes,leaf,skipped,"The leaf shows pale greenish-yellow spots on the upper surface with some discoloration consistent with early leaf mold symptoms as described; including irregular yellowish patches typical of Cladosporium leaf mold infection."
Leaf_Mold,CDDM_1020.jpg,no,leaf,rejected,"The leaves shown appear uniformly dark green without the characteristic pale greenish-yellow spots on the upper surface or olive-green to brown velvety mold on the lower surface that are diagnostic of Leaf Mold disease."
Leaf_Mold,CDDM_1062.jpg,yes,leaf,skipped,"The tomato leaves show characteristic symptoms of leaf mold including yellowing/browning discoloration; withering; and what appears to be mold growth causing the leaves to appear desiccated and bronzed; consistent with Cladosporium fulvum (leaf mold) infection."
Leaf_Mold,CDDM_1074.jpg,yes,leaf,skipped,"The image shows pale yellowish-green spots on the upper leaf surface with browning discoloration consistent with leaf mold symptoms; where the affected areas correspond to the discrete yellow spots and subsequent tissue death described in the disease profile."
Leaf_Mold,CDDM_1068.jpg,yes,leaf,skipped,"The leaf shows pale greenish-yellow discoloration and mottling consistent with the early stages of leaf mold; including the interveinal yellowing and chlorotic spots described for this disease."
Leaf_Mold,CDDM_1056.jpg,yes,leaf,skipped,"The leaf shows pale greenish-yellow spots on the upper surface consistent with the early symptoms of leaf mold (Fulvia fulva); where discrete chlorotic lesions develop on the upper leaf surface before the characteristic olive-green velvety sporulation appears on the underside."
Leaf_Mold,CDDM_1024.jpg,no,leaf,rejected,"The leaf shows general dark green coloration and some curling/distortion but lacks the characteristic pale greenish-yellow spots on the upper surface or olive-green to brown velvety mold on the lower surface typical of Leaf Mold disease."
Leaf_Mold,CDDM_1022.jpg,yes,leaf,skipped,"The leaf shows pale greenish-yellow discoloration and mottled spots on the upper surface consistent with the early pale greenish-yellow spots of leaf mold disease as described."
Leaf_Mold,CDDM_1078.jpg,no,leaf,rejected,"The image shows interveinal yellowing (chlorosis) on the leaf which is more consistent with nutrient deficiency (e.g.; magnesium deficiency) rather than Leaf Mold; as there are no visible olive-green to brown velvety mold patches or discrete yellow spots with corresponding spores on the underside."
Leaf_Mold,CDDM_1086.jpg,yes,leaf,skipped,"The leaf shows pale greenish-yellow discoloration with darker brownish-purple spots; consistent with the early stages of leaf mold infection showing irregular lesions on the leaf surface."
Leaf_Mold,CDDM_1001.jpg,yes,leaf,skipped,"The leaf shows pale greenish-yellow spots on the upper surface consistent with the early stages of Leaf Mold infection as described."
Leaf_Mold,CDDM_1047.jpg,yes,leaf,skipped,"The image shows leaves with pale yellowish spots on the upper surface and brownish discoloration consistent with olive-green to brown velvety mold associated with Leaf Mold disease; along with withering and necrotic areas described in the disease profile."
Leaf_Mold,CDDM_1066.jpg,yes,leaf,skipped,"The image shows pale greenish-yellow spots on the upper leaf surface with dark olive-brown lesions consistent with the velvety mold growth described for Leaf Mold disease."
Leaf_Mold,CDDM_1008.jpg,yes,leaf,skipped,"The leaf shows pale greenish-yellow spots and discoloration on the upper surface consistent with the described leaf mold symptoms of yellow to olive-colored lesions without definite margins."
Leaf_Mold,CDDM_1060.jpg,no,leaf,rejected,"The leaf shows some yellowing near the margins but lacks the characteristic pale greenish-yellow spots with olive-green to brown velvety mold on the lower surface that are diagnostic of Leaf Mold disease."
Leaf_Mold,CDDM_1076.jpg,yes,leaf,skipped,"The leaf shows pale greenish-yellow spots on the upper surface consistent with leaf mold symptoms; with the characteristic discoloration pattern matching the described disease progression."
Leaf_Mold,CDDM_101.jpg,yes,leaf,skipped,"The leaf shows pale greenish-yellow spots on the upper surface consistent with early leaf mold symptoms; matching the described pale greenish-yellow discoloration characteristic of Leaf_Mold disease."
Leaf_Mold,CDDM_1013.jpg,yes,leaf,skipped,"The leaf shows pale greenish-yellow spots on the upper surface with uneven discoloration and mottling consistent with the early stages of leaf mold infection as described."
Leaf_Mold,CDDM_1023.jpg,yes,leaf,skipped,"The leaf shows yellowing (chlorotic) spots and browning/necrotic areas on the upper surface consistent with leaf mold symptoms; where pale greenish-yellow spots develop on upper leaf surfaces while the leaf begins to wither."
Leaf_Mold,CDDM_1026.jpg,yes,leaf,skipped,"The leaf shows pale greenish-yellow spots on the upper surface consistent with the early stages of leaf mold; along with the characteristic mottled discoloration described in the disease profile."
Leaf_Mold,CDDM_103.jpg,yes,leaf,skipped,"The image shows leaves with pale greenish-yellow spots and brownish discoloration consistent with leaf mold symptoms; including the characteristic blotchy lesions and withering described for this disease."
Leaf_Mold,CDDM_1083.jpg,yes,leaf,skipped,"The leaf shows pale greenish-yellow spots on the upper surface with some discoloration consistent with the early stages of leaf mold; matching the described symptoms of pale greenish-yellow spots with no definite margins on the upper leaf surface."
Leaf_Mold,CDDM_1000.jpg,yes,leaf,skipped,"The leaf shows pale greenish-yellow interveinal spots on the upper surface consistent with the early symptoms of leaf mold; where discrete yellow discoloration forms without definite margins as described."
Leaf_Mold,CDDM_1010.jpg,yes,leaf,skipped,"The leaf displays pale greenish-yellow spots and interveinal yellowing on the upper surface consistent with the early pale greenish-yellow spots characteristic of Leaf Mold infection."
Leaf_Mold,CDDM_1071.jpg,yes,leaf,skipped,"The image shows pale greenish-yellow spots on the upper leaf surface consistent with leaf mold symptoms; along with what appears to be olive-green to brownish discoloration characteristic of Cladosporium (leaf mold) infection."
Phytophthora_Blight,Bugwood_137.jpg,yes,whole_plant,ref,"The two researchers are holding a wilted; collapsed pepper plant with root rot symptoms consistent with Phytophthora blight; which commonly causes sudden wilt and crown/root rot in pepper crops."
Phytophthora_Blight,Bugwood_136.jpg,yes,pod,ref,"The tomato fruits display dark brown to black water-soaked lesions and rotting characteristic of Phytophthora blight (Phytophthora infestans or P. capsici) infection on fruit."
Phytophthora_Blight,Bugwood_181.jpg,yes,leaf,ref,"The image shows large; water-soaked; necrotic lesions with concentric rings and rapid tissue collapse on leaves; which are characteristic symptoms of Phytophthora blight infection."
Phytophthora_Blight,Bugwood_107.jpg,no,whole_plant,rejected,"The image shows healthy young pepper or similar crop seedlings growing through black plastic mulch with no visible signs of Phytophthora blight such as water-soaked lesions; stem collapse; or foliar blight symptoms."
Phytophthora_Blight,Bugwood_158.jpg,yes,pod,ref,"The left bell pepper fruit shows characteristic Phytophthora blight symptoms including water-soaked; wrinkled; and whitish mycelial growth on the fruit surface; consistent with Phytophthora capsici infection."
Phytophthora_Blight,Bugwood_144.jpg,yes,pod,ref,"The image shows severely blighted; blackened and rotted fruit/pod tissue with collapsed stem tissue characteristic of Phytophthora blight infection on what appears to be a pepper or eggplant."
Phytophthora_Blight,Bugwood_10.jpg,yes,stem,ref,"The image shows dark brown to black necrotic lesions on pepper stems characteristic of Phytophthora blight (caused by Phytophthora capsici); with the stem dieback and discoloration consistent with this disease."
Phytophthora_Blight,Bugwood_162.jpg,yes,leaf,ref,"The image shows a dark brown necrotic lesion with water-soaked margins on a leaf; which is consistent with Phytophthora blight symptoms typically characterized by irregular brown lesions with dark borders on foliar tissue."
Phytophthora_Blight,Bugwood_112.jpg,yes,stem,ref,"The image shows dark brown to black stem rot and lesions at the base of the plant with wilted; necrotic foliage; which are classic symptoms of Phytophthora blight causing crown and stem rot."
Phytophthora_Blight,Bugwood_17.jpg,yes,leaf,ref,"The leaf shows large; irregular water-soaked to brown necrotic lesions with concentric zonation and surrounding yellowing (chlorosis); which are characteristic symptoms of Phytophthora blight on foliar tissue."
Phytophthora_Blight,Bugwood_165.jpg,yes,whole_plant,ref,"The image shows pepper plants with characteristic Phytophthora blight symptoms including darkened; water-soaked stem lesions; wilted and collapsed fruit with grayish-white mycelial growth; and general plant collapse consistent with Phytophthora capsici infection."
Phytophthora_Blight,Bugwood_108.jpg,yes,whole_plant,ref,"The plant shows severe wilting; collapse; and water-soaked lesions on stems and leaves consistent with Phytophthora blight; which causes rapid; dramatic wilting and tissue death in affected plants."
Phytophthora_Blight,Bugwood_149.jpg,yes,pod,test,"The eggplant fruit displays characteristic Phytophthora blight symptoms including water-soaked lesions; grayish-white mycelial growth near the calyx; and brown discoloration consistent with Phytophthora capsici infection."
Phytophthora_Blight,Bugwood_15.jpg,yes,whole_plant,test,"The image shows pepper plants with severe wilting and collapse along a row; consistent with Phytophthora blight which causes rapid wilting and dieback of entire plants due to root and crown rot caused by Phytophthora capsici."
Phytophthora_Blight,Bugwood_164.jpg,yes,pod,test,"The tomato fruit displays large; dark brown; water-soaked lesions with irregular margins characteristic of Phytophthora blight (Phytophthora infestans/capsici) fruit infection."
Phytophthora_Blight,Bugwood_14.jpg,yes,leaf,test,"The image shows a wilted; brown; necrotic leaf with dark lesions on the petiole and stem junction; consistent with Phytophthora blight which causes rapid tissue collapse; browning; and blighting of leaves and stems."
Phytophthora_Blight,Bugwood_142.jpg,yes,stem,ref,"The stem shows dark brown to black necrotic lesions with water-soaked appearance transitioning from healthy green tissue; which is characteristic of Phytophthora blight stem infection."
Phytophthora_Blight,Bugwood_182.jpg,yes,stem,test,"The image shows dark; water-soaked; necrotic lesions with blackening and collapse of stem tissue and petioles; which are classic symptoms of Phytophthora blight causing stem rot and damping-off."
Phytophthora_Blight,Bugwood_168.jpg,yes,leaf,skipped,"The image shows blackened; wilted; and necrotic leaves and stems consistent with Phytophthora blight; which characteristically causes rapid dark browning and collapse of plant tissue."
Phytophthora_Blight,Bugwood_132.jpg,no,whole_plant,rejected,"The image shows healthy young pepper or similar seedlings growing through black plastic mulch with no visible signs of Phytophthora blight such as water-soaked lesions; stem collapse; wilting; or dark necrotic areas."
Phytophthora_Blight,Bugwood_126.jpg,yes,pod,skipped,"The green tomato fruits display large; dark brown; greasy-looking lesions characteristic of Phytophthora blight (Phytophthora infestans or P. capsici) fruit infection; consistent with the water-soaked to brown discoloration pattern typical of this disease."
Phytophthora_Blight,Bugwood_118.jpg,yes,pod,skipped,"The image shows a pepper plant with darkened; water-soaked; rotting fruit and blighted stem tissue with necrosis and possible sporulation; which are classic symptoms of Phytophthora blight (Phytophthora capsici) on pepper."
Phytophthora_Blight,Bugwood_128.jpg,yes,stem,skipped,"The image shows classic Phytophthora blight symptoms including dark brown to black stem lesions; wilting; and collapsed tissue at the base of the plant; consistent with Phytophthora crown and stem rot causing rapid plant death."
Phytophthora_Blight,Bugwood_186.jpg,yes,pod,skipped,"The tomato fruits display dark brown; water-soaked lesions with firm; greasy-appearing rot characteristic of Phytophthora fruit rot (Phytophthora infestans or P. capsici); consistent with Phytophthora Blight symptoms on fruit."
Phytophthora_Blight,Bugwood_171.jpg,yes,leaf,skipped,"The image shows angular; water-soaked to brown necrotic lesions bounded by leaf veins on what appears to be a cucurbit leaf; which is consistent with Phytophthora blight symptoms."
Phytophthora_Blight,Bugwood_143.jpg,yes,stem,skipped,"The image shows a stem canker with dark; water-soaked necrotic lesions and tissue collapse characteristic of Phytophthora blight infection on a woody stem."
Phytophthora_Blight,Bugwood_174.jpg,no,seed,rejected,"The image shows tomato fruits with blossom-end rot (dark; sunken lesions at the blossom end caused by calcium deficiency/water stress); not the water-soaked; greasy lesions with white mycelial growth characteristic of Phytophthora blight."
Phytophthora_Blight,Bugwood_122.jpg,yes,stem,skipped,"The image shows dark brown to black necrotic lesions on the stem with water-soaked appearance; consistent with Phytophthora blight stem canker symptoms."
Phytophthora_Blight,Bugwood_178.jpg,yes,pod,skipped,"The green tomato fruits display dark brown; water-soaked lesions with irregular margins characteristic of Phytophthora blight (caused by Phytophthora infestans or related species) on tomato fruit."
Phytophthora_Blight,Bugwood_129.jpg,yes,leaf,skipped,"The image shows dark brown; water-soaked necrotic lesions on a leaf consistent with Phytophthora blight symptoms; which typically present as irregular; dark brown blighted areas on leaf tissue."
Phytophthora_Blight,Bugwood_106.jpg,yes,stem,skipped,"The image shows dark brown-to-black necrotic stem lesions with wilting and blighting of the growing tip; which are characteristic symptoms of Phytophthora blight causing stem rot and collapse."
Phytophthora_Blight,Bugwood_141.jpg,yes,leaf,skipped,"The image shows irregular; water-soaked to brown necrotic lesions on a green leaf; which are characteristic symptoms of Phytophthora blight infection on foliar tissue."
Phytophthora_Blight,Bugwood_152.jpg,yes,whole_plant,skipped,"The image shows pepper plants in a flooded field with wilting and collapse of stems and foliage in the low-lying wet areas; which is consistent with Phytophthora blight (caused by Phytophthora capsici) that thrives in waterlogged conditions and causes rapid wilting and death of pepper plants."
Phytophthora_Blight,Bugwood_156.jpg,yes,leaf,skipped,"The image shows a water-soaked; pale tan lesion with dark center on a green leaf; consistent with Phytophthora blight which typically produces greasy; water-soaked lesions that turn tan to brown on foliage."
Phytophthora_Blight,Bugwood_166.jpg,yes,stem,skipped,"The image shows dark brown to black necrotic lesions on the stem with wilting and collapse of tissue above the infection point; which are characteristic symptoms of Phytophthora blight causing stem cankers and plant dieback."
Phytophthora_Blight,Bugwood_139.jpg,yes,pod,skipped,"The eggplant fruit shows water-soaked; browning lesions with a dull; grayish appearance and possible fungal sporulation at the blossom end; consistent with Phytophthora blight fruit rot symptoms."
Phytophthora_Blight,Bugwood_188.jpg,yes,pod,skipped,"The pepper fruit shows characteristic Phytophthora blight symptoms including water-soaked lesions; white mycelial growth; tissue collapse; and rot near the calyx; consistent with Phytophthora capsici infection."
Phytophthora_Blight,Bugwood_146.jpg,yes,stem,skipped,"The image shows dark brown to black necrotic lesions on the stems with wilting and collapse of tissue; which are classic symptoms of Phytophthora blight affecting the vascular and stem tissue of what appears to be a solanaceous plant such as pepper or tomato."
Phytophthora_Blight,Bugwood_176.jpg,no,whole_plant,rejected,"The image shows a field of young seedlings with no visible Phytophthora blight symptoms such as water-soaked lesions; stem collapse; or dark necrotic areas; the plants appear generally healthy with sparse but uniform stands."
Phytophthora_Blight,Bugwood_11.jpg,yes,whole_plant,skipped,"The pepper plant shows characteristic Phytophthora blight symptoms including wilting; water-soaked brown lesions at the base of stems and lower leaves; with collapse of lower foliage consistent with Phytophthora capsici infection."
Phytophthora_Blight,Bugwood_131.jpg,yes,stem,skipped,"The image shows dark brown to black stem lesions with wilting and blighted tissue collapse characteristic of Phytophthora blight infection on what appears to be a solanaceous plant stem."
Phytophthora_Blight,Bugwood_12.jpg,yes,whole_plant,skipped,"The image shows pepper plants with characteristic Phytophthora blight symptoms including wilting and collapse of entire plants in waterlogged field conditions; which are classic signs of Phytophthora capsici infection favored by flooded soils."
Phytophthora_Blight,Bugwood_134.jpg,yes,pod,skipped,"The image shows severely blighted; darkened and collapsed pods/fruit with characteristic water-soaked; necrotic tissue typical of Phytophthora blight infection on what appears to be pepper plants."
Phytophthora_Blight,Bugwood_135.jpg,yes,stem,skipped,"The image shows dark brown to black stem lesions with wilted; blighted tissue and collapsed plant parts consistent with Phytophthora blight; which characteristically causes dark water-soaked stem cankers and rapid tissue collapse."
Phytophthora_Blight,Bugwood_115.jpg,yes,leaf,skipped,"The image shows wilted; collapsed; and blackened/brown necrotic leaves hanging from the stem; consistent with Phytophthora blight symptoms including rapid tissue collapse and dark lesions on petioles typical of this disease."
Phytophthora_Blight,Bugwood_159.jpg,yes,whole_plant,skipped,"The image shows a plant with brown; rotted stem tissue at the crown and root area with dried fibrous roots and wilted tissue; consistent with Phytophthora blight causing crown and root rot."
Phytophthora_Blight,Bugwood_154.jpg,yes,whole_plant,skipped,"The image shows tomato/pepper plants in a field trial with red and black plastic mulch; and some plants appear stunted or wilted; consistent with Phytophthora blight infection causing plant collapse; a hallmark symptom of this soilborne disease."
Phytophthora_Blight,Bugwood_153.jpg,yes,pod,skipped,"The tomato fruit displays large; dark brown; water-soaked lesions with concentric zonation radiating from the stem end; which is characteristic of Phytophthora blight (Phytophthora capsici or P. infestans) on fruit."
Phytophthora_Blight,Bugwood_105.jpg,yes,pod,skipped,"The pepper fruit displays dark; water-soaked lesions with white mycelial growth at the blossom end; which are characteristic symptoms of Phytophthora blight (Phytophthora capsici) on pepper fruit."
Phytophthora_Blight,Bugwood_13.jpg,yes,pod,skipped,"The green tomato fruits display large; dark brown to purplish-black water-soaked lesions characteristic of Phytophthora blight (Phytophthora infestans) fruit infection."
Phytophthora_Blight,Bugwood_189.jpg,yes,seed,ref,"The tomato fruit displays a large; dark brown; water-soaked lesion with concentric zonation near the stem end; consistent with Phytophthora blight (caused by Phytophthora infestans or P. capsici) on fruit."
Phytophthora_Blight,Bugwood_140.jpg,yes,leaf,skipped,"The leaf shows a large; water-soaked to brown necrotic lesion with darker margins characteristic of Phytophthora blight infection on a solanaceous plant."
Phytophthora_Blight,Bugwood_100.jpg,yes,whole_plant,skipped,"The image shows pepper plants in the foreground with severe wilting; collapse; and dieback across entire plants consistent with Phytophthora blight (caused by Phytophthora capsici); which causes rapid plant death and fruit rot in peppers; contrasting sharply with the healthy plants in adjacent rows."
Phytophthora_Blight,Bugwood_145.jpg,yes,leaf,skipped,"The leaf displays large; irregularly shaped water-soaked to brown necrotic lesions characteristic of Phytophthora blight infection on a broad-leaved plant."
Phytophthora_Blight,Bugwood_113.jpg,yes,whole_plant,skipped,"The field shows pepper plants with widespread wilting and collapse across multiple rows; consistent with Phytophthora blight (caused by Phytophthora capsici); which causes rapid wilting and plant death in pepper crops."
Phytophthora_Blight,Bugwood_133.jpg,yes,whole_plant,skipped,"The image shows rows of pepper plants with widespread wilting; browning; and collapse characteristic of Phytophthora blight; a soilborne disease that causes rapid whole-plant death in peppers; with healthy plants visible in adjacent unaffected rows."
Phytophthora_Blight,Bugwood_151.jpg,yes,leaf,skipped,"The leaves show large; water-soaked; necrotic lesions with irregular tan-to-brown discoloration and dark green water-soaked margins; which are characteristic symptoms of Phytophthora blight on pepper plants."
Phytophthora_Blight,Bugwood_160.jpg,yes,leaf,skipped,"The image shows blackened; water-soaked; wilted and collapsed leaves hanging from the stem; which is consistent with Phytophthora blight symptoms including rapid tissue necrosis and dark discoloration characteristic of this oomycete pathogen."
Phytophthora_Blight,Bugwood_119.jpg,yes,root,ref,"The image shows darkened; rotted root and crown tissue with characteristic Phytophthora blight symptoms including dark brown discoloration and decay at the stem-root interface; consistent with Phytophthora root and crown rot."
Phytophthora_Blight,Bugwood_155.jpg,yes,stem,skipped,"The image shows dark brown to black necrotic lesions on the stem and blackened; shriveled fruit/pod typical of Phytophthora blight; with characteristic tissue collapse and water-soaked decay consistent with Phytophthora infection on a pepper or eggplant."
Phytophthora_Blight,Bugwood_120.jpg,yes,pod,skipped,"The eggplant fruit shows dark; water-soaked lesions with white powdery sporulation and rotting tissue consistent with Phytophthora blight infection on fruit."
Phytophthora_Blight,Bugwood_103.jpg,yes,whole_plant,skipped,"The image shows pepper plants with characteristic Phytophthora blight symptoms including dark; water-soaked stem lesions (crown rot); wilted and collapsed fruit with a shrunken; rotted appearance; and general plant collapse consistent with Phytophthora capsici infection."
Phytophthora_Blight,Bugwood_104.jpg,yes,pod,skipped,"The eggplant fruit shows water-soaked; brown lesions with white mycelial growth and tissue collapse characteristic of Phytophthora blight caused by Phytophthora capsici."
Phytophthora_Blight,Bugwood_16.jpg,yes,leaf,skipped,"The leaf shows water-soaked; greasy-appearing lesions with irregular necrotic areas and darkened tissue consistent with Phytophthora blight symptoms."
Phytophthora_Blight,Bugwood_173.jpg,yes,whole_plant,skipped,"The image shows pepper plants in a field with characteristic Phytophthora blight symptoms including wilting; collapse of foliage; and a patchy distribution of affected plants interspersed with healthy ones; consistent with Phytophthora capsici infection."
Phytophthora_Blight,Bugwood_116.jpg,yes,whole_plant,skipped,"The field shows pepper plants with severe wilting and collapse across alternating rows; consistent with Phytophthora blight (caused by Phytophthora capsici); which characteristically causes sudden whole-plant wilt and death; often in a patchy or row pattern associated with wet soil conditions."
Phytophthora_Blight,Bugwood_170.jpg,yes,leaf,skipped,"The image shows water-soaked; brown necrotic lesions on the leaf tissue with a greasy; collapsed appearance characteristic of Phytophthora blight infection."
Phytophthora_Blight,Bugwood_138.jpg,yes,leaf,skipped,"The leaf shows large; irregular water-soaked to necrotic lesions with dark margins characteristic of Phytophthora blight infection on a cucurbit or similar broadleaf plant."
Phytophthora_Blight,Bugwood_180.jpg,yes,pod,skipped,"The squash fruit shows water-soaked; greasy lesions with white mycelial growth and tissue collapse on the blossom end; which are classic symptoms of Phytophthora blight caused by Phytophthora capsici on cucurbits."
Phytophthora_Blight,Bugwood_117.jpg,yes,pod,skipped,"The green tomato fruits display dark brown; water-soaked; greasy-looking lesions characteristic of Phytophthora blight (caused by Phytophthora infestans or related species) on fruit surfaces."
Phytophthora_Blight,Bugwood_1.jpg,yes,leaf,skipped,"The image shows large; irregularly shaped water-soaked to brown necrotic lesions on pepper leaves; which are characteristic symptoms of Phytophthora blight caused by Phytophthora capsici."
Phytophthora_Blight,Bugwood_185.jpg,yes,leaf,skipped,"The leaf shows a water-soaked; dark necrotic lesion with a greasy appearance; which is characteristic of Phytophthora blight infection on pepper leaves."
Phytophthora_Blight,Bugwood_150.jpg,yes,whole_plant,skipped,"The plant shows characteristic Phytophthora blight symptoms including dark; blackened and necrotic stem tissue at the growing tip with wilting and collapse of the apical portion; consistent with Phytophthora capsici infection on pepper."
Phytophthora_Blight,Bugwood_183.jpg,yes,whole_plant,skipped,"The severely wilted and collapsed young plant on the left shows classic Phytophthora blight symptoms including rapid whole-plant wilting and water-soaked tissue collapse; contrasting with the healthy plant nearby."
Phytophthora_Blight,Bugwood_147.jpg,yes,leaf,skipped,"The image shows a large; water-soaked lesion with concentric browning and necrosis on a leaf; which is consistent with Phytophthora blight symptoms caused by Phytophthora spp."
Phytophthora_Blight,Bugwood_18.jpg,yes,pod,skipped,"The eggplant fruit shows a large; irregular brown discoloration and rotting at the blossom end consistent with Phytophthora blight fruit rot caused by Phytophthora capsici."
Phytophthora_Blight,Bugwood_121.jpg,yes,pod,skipped,"The green tomato fruits display large; irregular dark brown to chocolate-colored lesions with greasy/water-soaked appearance characteristic of Phytophthora fruit rot (late blight/Phytophthora infestans or P. capsici) on tomato."
Phytophthora_Blight,Bugwood_163.jpg,yes,stem,skipped,"The image shows stem dieback; brown lesions with white mycelial growth; and blighted necrotic tissue characteristic of Phytophthora blight infection on stems and associated leaves."
Phytophthora_Blight,Bugwood_175.jpg,yes,leaf,skipped,"The leaf shows water-soaked; necrotic lesions with tan/brown coloration consistent with Phytophthora blight infection symptoms on foliage."
Phytophthora_Blight,Bugwood_169.jpg,yes,stem,skipped,"The image shows dark; water-soaked lesions with necrotic tissue and possible mycelial growth on the stem; consistent with Phytophthora blight symptoms including tissue collapse and browning at the infection site."
Phytophthora_Blight,Bugwood_157.jpg,yes,seed,ref,"The tomato fruits display dark brown; water-soaked lesions characteristic of Phytophthora blight (caused by Phytophthora infestans or P. capsici); with the greasy; dark discoloration spreading across the fruit surface consistent with this oomycete disease."
Phytophthora_Blight,Bugwood_125.jpg,yes,pod,skipped,"The tomato fruit displays dark brown; water-soaked lesions with concentric zonation patterns characteristic of Phytophthora blight (Phytophthora infestans or P. capsici) infection on fruit."
Phytophthora_Blight,Bugwood_123.jpg,yes,leaf,skipped,"The leaf shows irregular water-soaked to necrotic lesions with browning at the tip and scattered spots; which are consistent with Phytophthora blight symptoms on what appears to be an eggplant leaf."
Phytophthora_Blight,Bugwood_179.jpg,yes,pod,skipped,"The eggplant fruit shows extensive brown water-soaked rotting lesions with white mycelial growth characteristic of Phytophthora blight caused by Phytophthora capsici."
Phytophthora_Blight,Bugwood_187.jpg,yes,whole_plant,skipped,"The pepper plants show severe wilting and collapse of foliage across multiple plants; consistent with Phytophthora blight (caused by Phytophthora capsici); which causes rapid whole-plant wilting and death in peppers."
Phytophthora_Blight,Bugwood_102.jpg,yes,leaf,skipped,"The leaf shows large; irregular water-soaked to brown necrotic lesions characteristic of Phytophthora blight infection on what appears to be a solanaceous plant such as eggplant or pepper."
Phytophthora_Blight,Bugwood_148.jpg,yes,whole_plant,skipped,"The pepper plant shows classic Phytophthora blight symptoms including sudden wilting and collapse of lower branches and leaves while upper foliage remains green; consistent with Phytophthora capsici infection causing stem and root rot."
Phytophthora_Blight,Bugwood_167.jpg,yes,pod,skipped,"The green tomato fruit shows characteristic large; dark brown; water-soaked lesions consistent with Phytophthora blight (Phytophthora infestans) fruit infection; which typically produces greasy-brown; rapidly spreading necrotic patches on the fruit surface."
Phytophthora_Blight,Bugwood_109.jpg,yes,leaf,skipped,"The leaf shows a large; water-soaked to brown necrotic lesion with irregular margins characteristic of Phytophthora blight infection on pepper leaves."
Phytophthora_Blight,Bugwood_161.jpg,yes,whole_plant,skipped,"The image shows pepper plants with characteristic Phytophthora blight symptoms including wilted and necrotic foliage; dark stem lesions; and rotting fruits consistent with Phytophthora capsici infection."
Phytophthora_Blight,Bugwood_177.jpg,yes,whole_plant,skipped,"The image shows pepper plants with characteristic Phytophthora blight symptoms including sudden wilting; collapse of entire plants while remaining green; and a patchy field pattern of affected plants consistent with Phytophthora capsici infection."
Phytophthora_Blight,Bugwood_110.jpg,yes,pod,skipped,"The pepper fruit shows water-soaked; greasy-looking lesions with white mycelial growth and severe tissue collapse; which are hallmark symptoms of Phytophthora blight (Phytophthora capsici) on pepper fruit."
Phytophthora_Blight,Bugwood_114.jpg,yes,pod,skipped,"The green tomato fruits display dark brown; water-soaked lesions characteristic of Phytophthora blight (Phytophthora infestans or P. capsici) fruit infection; with the greasy; rapidly expanding necrotic areas typical of this disease."
Phytophthora_Blight,Bugwood_124.jpg,yes,stem,skipped,"The image shows a stem lesion with brown; water-soaked necrotic tissue and fuzzy mycelial growth at the node/branch junction; which is consistent with Phytophthora blight stem canker symptoms."
Phytophthora_Blight,Bugwood_127.jpg,yes,leaf,skipped,"The leaf shows dark; water-soaked necrotic lesions with irregular brown discoloration characteristic of Phytophthora blight infection on a solanaceous plant (likely eggplant or pepper)."
Phytophthora_Blight,Bugwood_130.jpg,yes,whole_plant,skipped,"The image shows pepper plants with severe wilting; collapse; and death of entire plants in a row—symptoms consistent with Phytophthora blight (caused by Phytophthora capsici); which causes rapid whole-plant collapse; stem lesions; and fruit rot in pepper crops."
Phytophthora_Blight,Bugwood_184.jpg,yes,leaf,skipped,"The leaves show large; water-soaked; irregular lesions with brown necrotic centers characteristic of Phytophthora blight infection on pepper leaves."
Phytophthora_Blight,Bugwood_101.jpg,yes,leaf,skipped,"The leaves show water-soaked lesions; yellowing margins; and necrotic spots consistent with Phytophthora blight infection on pepper plants."
Phytophthora_Blight,Bugwood_111.jpg,yes,leaf,skipped,"The image shows a large; water-soaked to brown necrotic lesion on a pepper leaf; consistent with Phytophthora blight caused by Phytophthora capsici; which typically produces irregular; greasy-brown blighted areas on leaves."
Phytophthora_Blight,Bugwood_172.jpg,yes,leaf,skipped,"The image shows severely blighted; blackened; and collapsed leaves with dark necrotic tissue hanging limply; consistent with Phytophthora blight symptoms which characteristically cause rapid dark brown to black water-soaked lesions and tissue collapse."
Phytophthora_Root_And_Crown_Rots,Bugwood_7.jpg,no,pod,rejected,"The image shows tomato fruits with large; dark brown concentric lesions characteristic of Phytophthora fruit rot; not root and crown rot symptoms which would appear on below-ground or crown tissues."
Phytophthora_Root_And_Crown_Rots,Bugwood_3.jpg,yes,whole_plant,ref,"The tomato fruits show dark; water-soaked basal rot lesions consistent with Phytophthora infection; and the plant is prostrate near soil level suggesting crown/root rot involvement typical of Phytophthora root and crown rot disease."
Phytophthora_Root_And_Crown_Rots,Bugwood_2.jpg,no,pod,rejected,"The image shows an eggplant fruit (pod) with a white moldy lesion on its surface; which is more consistent with a fruit rot or postharvest fungal disease rather than Phytophthora root and crown rot; which typically affects roots; crowns; and stems rather than fruit surfaces."
Phytophthora_Root_And_Crown_Rots,Bugwood_8.jpg,no,seed,rejected,"The image shows a cross-section of an eggplant fruit with internal brown discoloration and rotting of the flesh; which is more consistent with fruit rot or internal browning rather than classic Phytophthora root and crown rot symptoms that affect roots; crowns; and stems."
Phytophthora_Root_And_Crown_Rots,Bugwood_5.jpg,no,seed,rejected,"The image shows a tomato fruit with brown lesions and white mycelial growth consistent with Phytophthora fruit rot; not root and crown rot symptoms which would typically be shown on roots or the crown/stem base of the plant."
Phytophthora_Root_And_Crown_Rots,Bugwood_6.jpg,no,pod,rejected,"The image shows a green fruit (likely apple or tomato) with brown rot and fungal mycelium on its surface; which is more consistent with a fruit rot disease rather than Phytophthora root and crown rot; which primarily affects roots and crown tissue."
Phytophthora_Root_And_Crown_Rots,Bugwood_9.jpg,no,seed,rejected,"The image shows green tomato fruits with blossom-end rot or Phytophthora fruit rot lesions; not root and crown rot symptoms; as the affected plant parts are fruits rather than roots or crowns."
Phytophthora_Root_And_Crown_Rots,Bugwood_4.jpg,no,seed,rejected,"The image shows tomato fruits with dark brown lesions consistent with Phytophthora fruit rot (late blight or Phytophthora infestans); not root and crown rot symptoms; as the affected plant parts are fruits rather than roots or crown tissue."
Phytophthora_Root_And_Crown_Rots,Bugwood_1.jpg,no,pod,rejected,"The image shows tomato fruits with dark; water-soaked lesions consistent with Phytophthora fruit rot or blossom-end rot; not root and crown rot symptoms which would be visible on roots or the base of the stem."
Phytophthora_Root_And_Crown_Rots,Bugwood_10.jpg,no,seed,rejected,"The image shows a tomato fruit with blossom-end rot (dark; sunken; leathery lesion at the blossom end); not Phytophthora root and crown rot symptoms on roots or crown tissue."
Powdery_Mildew,CDDM_1036.jpg,yes,whole_plant,ref,"The image shows leaves with whitish; powdery coating and necrotic lesions consistent with powdery mildew; with withered leaves remaining attached to the stem."
Powdery_Mildew,CDDM_1035.jpg,no,leaf,rejected,"The leaves in the image appear healthy green without any visible white powdery coating; yellow lesions; or necrotic spots characteristic of powdery mildew infection."
Powdery_Mildew,CDDM_1080.jpg,yes,leaf,ref,"The image shows white; powdery patches on the upper leaf surface; consistent with the powdery mildew description of white powdery sporulation appearing as spots on leaf surfaces."
Powdery_Mildew,CDDM_1006.jpg,yes,leaf,ref,"The leaves show white powdery spots/patches on the upper leaf surface; consistent with powdery mildew sporulation as described."
Powdery_Mildew,CDDM_1057.jpg,yes,leaf,ref,"The leaves show light-green to yellowish discoloration and what appears to be a faint powdery or dusty coating on the leaf surfaces; consistent with early powdery mildew symptoms as described."
Powdery_Mildew,CDDM_1043.jpg,no,leaf,rejected,"The image shows small white droplets or water spots on the underside of a leaf; but lacks the characteristic powdery white fungal sporulation; yellow lesions; or necrotic patches associated with Powdery Mildew."
Powdery_Mildew,CDDM_10.jpg,no,leaf,rejected,"The leaves appear uniformly dark green without any visible white powdery coating; yellow lesions; necrotic spots; or other symptoms characteristic of powdery mildew."
Powdery_Mildew,CDDM_1061.jpg,yes,leaf,test,"The leaf surface shows a white; powdery coating consistent with powdery mildew sporulation as described in the disease description."
Powdery_Mildew,CDDM_1011.jpg,yes,leaf,test,"The image shows white powdery patches on the leaf surface; consistent with the powdery mildew description of white; powdery sporulation forming spots on leaf surfaces."
Powdery_Mildew,CDDM_1069.jpg,no,leaf,rejected,"The leaves in the image appear uniformly green without any visible white powdery coating; yellow lesions; or necrotic spots characteristic of powdery mildew infection."
Powdery_Mildew,CDDM_1064.jpg,yes,leaf,test,"The leaf surface shows a whitish; powdery coating consistent with powdery mildew sporulation as described in the disease description."
Powdery_Mildew,CDDM_1007.jpg,no,leaf,rejected,"The image shows green leaves without the characteristic white powdery sporulation; yellow lesions; or necrotic patches described for Powdery Mildew; the leaves appear largely healthy or show only minor discoloration."
Powdery_Mildew,CDDM_1048.jpg,yes,leaf,test,"The image shows a leaf surface with whitish; powdery-looking patches consistent with the white powdery sporulation characteristic of powdery mildew infection."
Powdery_Mildew,CDDM_1049.jpg,no,leaf,rejected,"The leaves appear uniformly green and healthy with only water droplets visible; showing no white powdery coating; yellow lesions; or necrotic areas characteristic of powdery mildew."
Powdery_Mildew,CDDM_1063.jpg,yes,leaf,test,"The image shows white powdery spots on the upper leaf surfaces; consistent with the powdery mildew description of white powdery sporulation forming round spots on leaves."
Powdery_Mildew,CDDM_1039.jpg,yes,leaf,skipped,"The leaves show white; powdery patches and light discoloration on the upper leaf surface; consistent with powdery mildew sporulation as described."
Powdery_Mildew,CDDM_1041.jpg,yes,leaf,skipped,"The image shows leaves with a whitish; powdery coating on the surface; consistent with the white powdery sporulation characteristic of Powdery Mildew disease."
Powdery_Mildew,CDDM_1081.jpg,yes,leaf,skipped,"The image shows leaves with white; powdery patches on the leaf surfaces; which is consistent with the powdery mildew symptom description of white powdery sporulation on leaf surfaces."
Powdery_Mildew,CDDM_1067.jpg,yes,leaf,skipped,"The image shows leaves with a white; powdery coating on their surfaces; which is consistent with powdery mildew symptoms described as white powdery sporulation on leaf surfaces."
Powdery_Mildew,CDDM_1031.jpg,yes,leaf,skipped,"The image shows leaves with yellow-green lesions; necrotic areas; and what appears to be a white powdery coating on the leaf surfaces; consistent with powdery mildew symptoms described."
Powdery_Mildew,CDDM_1025.jpg,no,leaf,rejected,"The leaf shown appears uniformly green without visible white powdery sporulation; yellow lesions; or necrotic patches characteristic of powdery mildew infection."
Powdery_Mildew,CDDM_1017.jpg,no,leaf,rejected,"The leaf shown appears uniformly green and healthy with no visible powdery white coating; yellow lesions; necrotic areas; or any other symptoms consistent with powdery mildew infection."
Powdery_Mildew,CDDM_1027.jpg,yes,leaf,skipped,"The image shows leaves with light-green to yellow lesions and a powdery; whitish coating on the leaf surfaces; consistent with powdery mildew symptoms described."
Powdery_Mildew,CDDM_1085.jpg,no,leaf,rejected,"The image shows green leaves without the characteristic white powdery sporulation; yellow lesions; or necrotic patches described for Powdery Mildew; the leaves appear largely healthy or show only mild discoloration."
Powdery_Mildew,CDDM_1070.jpg,no,leaf,rejected,"The leaf appears uniformly dark green without any visible white powdery coating; yellow lesions; or necrotic spots characteristic of powdery mildew infection."
Powdery_Mildew,CDDM_1042.jpg,yes,leaf,skipped,"The leaves show a whitish; powdery coating on their surfaces consistent with powdery mildew sporulation as described."
Powdery_Mildew,CDDM_1073.jpg,yes,leaf,skipped,"The image shows white; powdery circular spots on the upper leaf surface; consistent with the powdery mildew description of round white powdery sporulation that begins small and can expand."
Powdery_Mildew,CDDM_1021.jpg,no,leaf,rejected,"The leaf shown appears uniformly dark green without visible white powdery sporulation; yellow lesions; or necrotic patches characteristic of powdery mildew infection."
Powdery_Mildew,CDDM_1077.jpg,yes,leaf,skipped,"The image shows white powdery circular spots on the leaf surface; consistent with the powdery mildew description of white powdery sporulation in round spots on leaf surfaces."
Powdery_Mildew,CDDM_1028.jpg,no,leaf,rejected,"The image shows yellowing and necrotic lesions on leaves but lacks the characteristic white powdery sporulation or powdery coating on leaf surfaces described for Powdery Mildew; the symptoms appear more consistent with early blight or another foliar disease."
Powdery_Mildew,CDDM_1005.jpg,yes,leaf,skipped,"The image shows leaves with white; powdery patches on their surfaces; consistent with the white powdery sporulation characteristic of powdery mildew infection."
Powdery_Mildew,CDDM_1040.jpg,yes,leaf,skipped,"The leaf shows characteristic powdery mildew symptoms including whitish-gray powdery patches and light-green to pale discoloration consistent with fungal sporulation on the leaf surface."
Powdery_Mildew,CDDM_1051.jpg,no,leaf,rejected,"The leaves appear healthy and green with no visible powdery white coating; yellow lesions; or necrotic spots characteristic of powdery mildew infection."
Powdery_Mildew,CDDM_1055.jpg,no,leaf,rejected,"The image shows leaves with some discoloration but no visible white powdery sporulation or coating characteristic of powdery mildew; the image is too blurry to confirm diagnostic symptoms."
Powdery_Mildew,CDDM_1065.jpg,yes,leaf,skipped,"The leaf shows white powdery patches and light green to pale discoloration on the upper surface; consistent with powdery mildew sporulation as described."
Powdery_Mildew,CDDM_1038.jpg,yes,leaf,skipped,"The image shows white powdery patches/coating on the leaf surface; consistent with the powdery mildew description of white sporulation on leaf surfaces."
Powdery_Mildew,CDDM_1087.jpg,no,leaf,rejected,"The leaves appear uniformly green without any visible powdery white coating; yellow lesions; necrosis; or other symptoms characteristic of powdery mildew infection."
Powdery_Mildew,CDDM_1045.jpg,no,leaf,rejected,"The leaf shows yellowing and small dark spots but lacks the characteristic white powdery sporulation or powdery coating on leaf surfaces described for Powdery Mildew."
Powdery_Mildew,CDDM_1075.jpg,yes,leaf,skipped,"The image shows leaves with light yellow-green lesions and some pale powdery patches on the upper leaf surface; consistent with the early stages of powdery mildew as described."
Powdery_Mildew,CDDM_1009.jpg,yes,leaf,skipped,"The image shows leaves with light-green to yellowish lesions and a powdery white coating visible on the leaf surfaces; consistent with powdery mildew symptoms described."
Powdery_Mildew,CDDM_1030.jpg,yes,leaf,skipped,"The image shows white; powdery circular spots on the upper leaf surfaces; consistent with the powdery mildew description of white powdery sporulation appearing as round spots that expand on leaves."
Powdery_Mildew,CDDM_1019.jpg,no,leaf,rejected,"The leaf shows irregular necrotic patches and tissue damage but lacks the characteristic white powdery sporulation or powdery coating on either leaf surface described for Powdery Mildew."
Powdery_Mildew,CDDM_1033.jpg,yes,leaf,skipped,"The image shows leaves with light-green to yellow lesions and a whitish powdery coating on the leaf surfaces; consistent with the described powdery mildew symptoms."
Powdery_Mildew,CDDM_1034.jpg,yes,leaf,skipped,"The image shows white; powdery sporulation in discrete spots on the upper leaf surface; consistent with powdery mildew symptoms described as round white powdery patches that expand on leaf surfaces."
Powdery_Mildew,CDDM_1014.jpg,yes,leaf,skipped,"The leaf shows yellowing; light-green mottled lesions; and necrotic areas consistent with powdery mildew symptoms including discoloration and withering on the leaf surface as described."
Powdery_Mildew,CDDM_1058.jpg,yes,leaf,skipped,"The image shows leaves with a white; powdery coating on the leaf surfaces; which is characteristic of powdery mildew infection as described."
Powdery_Mildew,CDDM_1053.jpg,yes,leaf,skipped,"The leaf shows white powdery patches/coating on its surface; consistent with the powdery mildew description of white powdery sporulation on leaf surfaces."
Powdery_Mildew,CDDM_1052.jpg,yes,leaf,skipped,"The leaf surface shows white powdery spots characteristic of powdery mildew; with circular white fungal growth patches visible on the upper leaf surface consistent with the described symptoms."
Powdery_Mildew,CDDM_1004.jpg,yes,leaf,skipped,"The image shows leaves with yellowish lesions and a white powdery coating/sporulation on the leaf surfaces; consistent with powdery mildew symptoms as described."
Powdery_Mildew,CDDM_1029.jpg,yes,leaf,skipped,"The image shows white; powdery patches on the leaf surface consistent with powdery mildew sporulation as described in the disease description."
Powdery_Mildew,CDDM_1088.jpg,yes,leaf,skipped,"The image shows white; powdery spots on the upper leaf surface; consistent with the powdery mildew description of white powdery sporulation forming round spots on leaves."
Powdery_Mildew,CDDM_104.jpg,yes,leaf,skipped,"The image shows white; powdery fungal growth covering the leaf surfaces; which is characteristic of powdery mildew infection as described."
Powdery_Mildew,CDDM_100.jpg,yes,leaf,skipped,"The leaf shows characteristic powdery mildew symptoms including whitish-gray powdery patches/coating on the upper leaf surface; consistent with the described white powdery sporulation."
Powdery_Mildew,CDDM_1044.jpg,yes,leaf,skipped,"The image shows leaves with a white powdery coating/sporulation on the upper leaf surface; consistent with the powdery mildew description of white powdery growth on leaf surfaces."
Powdery_Mildew,CDDM_1012.jpg,yes,leaf,skipped,"The image shows white; powdery sporulation patches on the leaf surface; consistent with the powdery mildew description of white powdery growth expanding on leaf surfaces."
Powdery_Mildew,CDDM_1032.jpg,no,leaf,rejected,"The leaf shown appears uniformly dark green without any visible white powdery coating; yellow lesions; or necrotic spots characteristic of powdery mildew infection."
Powdery_Mildew,CDDM_1050.jpg,yes,leaf,skipped,"The leaves display a characteristic white powdery coating on their surfaces; consistent with powdery mildew sporulation as described."
Powdery_Mildew,CDDM_106.jpg,no,leaf,rejected,"The leaf shows some faint discoloration and minor spots but lacks the characteristic white powdery coating or sporulation on leaf surfaces described for Powdery Mildew."
Powdery_Mildew,CDDM_1018.jpg,yes,leaf,skipped,"The image shows a leaf with a whitish; powdery coating on its surface; consistent with the powdery mildew description of white powdery sporulation on leaf surfaces."
Powdery_Mildew,CDDM_1054.jpg,yes,leaf,skipped,"The leaf surface shows a characteristic white; powdery coating consistent with powdery mildew sporulation as described in the disease description."
Powdery_Mildew,CDDM_102.jpg,yes,leaf,skipped,"The image shows white; powdery circular spots on the upper leaf surface; which is consistent with the powdery mildew description of white powdery sporulation in round spots on leaves."
Powdery_Mildew,CDDM_1002.jpg,yes,leaf,skipped,"The image shows white; powdery circular spots on the upper leaf surface; which is consistent with the powdery mildew disease description of white powdery sporulation appearing as round spots on leaves."
Powdery_Mildew,CDDM_1003.jpg,yes,leaf,skipped,"The image shows a dark leaf with a whitish-gray powdery patch on the upper surface; consistent with powdery mildew sporulation as described."
Powdery_Mildew,CDDM_1059.jpg,yes,leaf,skipped,"The image shows white powdery patches on the leaf surface; consistent with the powdery mildew description of white sporulation forming round spots on leaf surfaces."
Powdery_Mildew,CDDM_1072.jpg,no,leaf,rejected,"The leaves in the image appear uniformly green without the characteristic white powdery sporulation; yellow lesions; or necrotic patches described for Powdery Mildew."
Powdery_Mildew,CDDM_1015.jpg,yes,leaf,skipped,"The leaves show white powdery patches/coating on their surfaces; consistent with the powdery mildew description of white powdery sporulation on leaf surfaces."
Powdery_Mildew,CDDM_107.jpg,yes,leaf,skipped,"The leaf shows yellowing; light green lesions; and a patchy discoloration consistent with powdery mildew symptoms described; including the spread of lesions across the upper leaf surface."
Powdery_Mildew,CDDM_1037.jpg,no,leaf,rejected,"The leaf shown appears dark green with normal venation and no visible white powdery coating; yellow lesions; or necrotic spots characteristic of powdery mildew infection."
Powdery_Mildew,CDDM_108.jpg,no,leaf,rejected,"The leaves appear uniformly dark green without any visible white powdery coating; yellow lesions; or necrotic patches characteristic of powdery mildew infection."
Powdery_Mildew,CDDM_1016.jpg,yes,leaf,skipped,"The image shows white; powdery fungal growth on the leaf surface; consistent with the powdery mildew description of white powdery sporulation forming spots on leaf surfaces."
Powdery_Mildew,CDDM_1.jpg,no,leaf,rejected,"The leaves appear mostly green and shiny without the characteristic white powdery sporulation; yellow lesions; or necrotic patches described for powdery mildew."
Powdery_Mildew,CDDM_1084.jpg,yes,leaf,skipped,"The leaf shows light-green to yellow mosaic-like lesions on the upper surface consistent with early powdery mildew symptoms; though the classic white powdery coating is not prominently visible; the irregular chlorotic patches align with the described early-stage foliar symptoms."
Powdery_Mildew,CDDM_105.jpg,yes,leaf,skipped,"The leaf shows light-green to yellowish discoloration with pale; powdery-looking patches on the surface consistent with powdery mildew symptoms as described."
Powdery_Mildew,CDDM_1082.jpg,no,leaf,rejected,"The leaf appears uniformly dark green with only a very faint whitish spot; lacking the characteristic white powdery sporulation; yellow lesions; or necrotic patches described for powdery mildew."
Powdery_Mildew,CDDM_1046.jpg,yes,leaf,skipped,"The image shows leaves with white; powdery patches on the surface; consistent with the powdery mildew symptoms described; including light powdery coating visible on the leaf surfaces."
Powdery_Mildew,CDDM_1079.jpg,no,leaf,rejected,"The leaves appear uniformly green and healthy without any visible white powdery coating; yellow lesions; or necrotic areas characteristic of powdery mildew infection."
Powdery_Mildew,CDDM_1020.jpg,yes,leaf,skipped,"The image shows leaves with a whitish; powdery coating on the upper surface consistent with powdery mildew sporulation as described."
Powdery_Mildew,CDDM_1062.jpg,no,leaf,rejected,"The leaf shown appears mostly green without the characteristic white powdery sporulation; yellow lesions; or necrotic patches described for Powdery Mildew."
Powdery_Mildew,CDDM_1074.jpg,yes,leaf,skipped,"The image shows white; powdery sporulation on the upper leaf surface in patches that are characteristic of powdery mildew infection as described."
Powdery_Mildew,CDDM_1068.jpg,yes,leaf,skipped,"The image shows white; powdery circular spots on the upper leaf surface; which is consistent with the powdery mildew description of white powdery sporulation appearing as round spots on leaves."
Powdery_Mildew,CDDM_1056.jpg,yes,leaf,skipped,"The image shows white; powdery fungal growth on the leaf surface; consistent with the powdery mildew description of white powdery sporulation on leaf surfaces."
Powdery_Mildew,CDDM_1024.jpg,yes,leaf,skipped,"The image shows a leaf with a characteristic white; powdery coating on its surface; consistent with the powdery mildew description of white sporulation on leaf surfaces."
Powdery_Mildew,CDDM_1022.jpg,yes,leaf,skipped,"The image shows yellow-green lesions on the upper leaf surface consistent with the early powdery mildew symptom description of light-green to bright yellow lesions on foliage."
Powdery_Mildew,CDDM_1078.jpg,no,leaf,rejected,"The leaf appears uniformly green without the characteristic white powdery sporulation; yellow lesions; or necrotic patches described for powdery mildew."
Powdery_Mildew,CDDM_1086.jpg,no,leaf,rejected,"The image shows a green leaf with no visible white powdery coating; yellow lesions; or necrotic spots characteristic of powdery mildew; only a small insect or larva is visible on the leaf surface."
Powdery_Mildew,CDDM_1001.jpg,yes,leaf,skipped,"The leaf shows characteristic powdery mildew symptoms including yellowing/chlorotic lesions on the upper leaf surface and a white powdery coating consistent with fungal sporulation as described."
Powdery_Mildew,CDDM_1047.jpg,yes,leaf,skipped,"The leaf shows pale; whitish powdery patches and light-green to yellowish discoloration on the upper surface consistent with powdery mildew infection."
Powdery_Mildew,CDDM_1066.jpg,yes,leaf,skipped,"The image shows a leaf with light green to yellowish discoloration and a pale; whitish powdery-looking coating consistent with powdery mildew symptoms described."
Powdery_Mildew,CDDM_1008.jpg,no,leaf,rejected,"The image shows yellowing and necrotic lesions on leaves but lacks the characteristic white powdery sporulation or powdery coating on the leaf surfaces that is the hallmark symptom of powdery mildew."
Powdery_Mildew,CDDM_1060.jpg,yes,leaf,skipped,"The leaf shows light-green to yellow mottled lesions on the upper surface consistent with early powdery mildew symptoms; though the characteristic white powdery coating may be more visible on the underside."
Powdery_Mildew,CDDM_1076.jpg,yes,leaf,skipped,"The leaf shows white; powdery patches on its surface consistent with powdery mildew sporulation as described in the disease description."
Powdery_Mildew,CDDM_101.jpg,yes,leaf,skipped,"The leaf shows a whitish; powdery coating on its surface with light discoloration consistent with powdery mildew sporulation as described."
Powdery_Mildew,CDDM_1013.jpg,yes,leaf,skipped,"The image shows white; powdery circular spots on the upper leaf surface; consistent with the powdery mildew description of round white powdery sporulation that begins as small spots on foliage."
Powdery_Mildew,CDDM_1023.jpg,yes,leaf,skipped,"The image shows white powdery circular spots on the upper leaf surface; consistent with the powdery mildew description of round white powdery sporulation that begins as small spots on leaves."
Powdery_Mildew,CDDM_1026.jpg,yes,leaf,skipped,"The image shows a leaf with white powdery fungal growth covering the upper surface; which is characteristic of powdery mildew infection as described."
Powdery_Mildew,CDDM_103.jpg,no,leaf,rejected,"The leaf shown appears uniformly green without visible white powdery sporulation; yellow lesions; or necrotic areas characteristic of powdery mildew."
Powdery_Mildew,CDDM_1083.jpg,no,leaf,rejected,"The leaves appear healthy and green without any visible white powdery coating; yellow lesions; or necrotic spots characteristic of powdery mildew infection."
Powdery_Mildew,CDDM_1000.jpg,no,leaf,rejected,"The image shows yellow-green lesions and necrotic spots on the leaf without any visible white powdery coating or sporulation characteristic of powdery mildew; suggesting a different disease such as early blight or downy mildew."
Powdery_Mildew,CDDM_1010.jpg,no,leaf,rejected,"The leaf shown appears uniformly dark green and healthy with no visible white powdery coating; yellow lesions; or necrotic areas characteristic of powdery mildew."
Powdery_Mildew,CDDM_1071.jpg,yes,leaf,skipped,"The image shows leaves with white powdery patches/coating on the leaf surfaces; consistent with the white powdery sporulation characteristic of Powdery Mildew disease."
Rhizopus_Soft_Rots,Bugwood_3.jpg,yes,seed,ref,"The image shows dense white mycelial growth with dark sporangia characteristic of Rhizopus species causing soft rot on what appears to be a seed or fruit tissue."
Rhizopus_Soft_Rots,Bugwood_8.jpg,no,stem,rejected,"The image shows split stems with white mycelial growth and internal browning/discoloration more consistent with Sclerotinia stem rot (white mold) rather than Rhizopus soft rot; which typically presents as a water-soaked; mushy decay with characteristic sporangiophores on soft tissue."
Rhizopus_Soft_Rots,Bugwood_2.jpg,yes,seed,ref,"The image shows a close-up of fungal mycelium with characteristic dark sporangia consistent with Rhizopus species causing soft rot on plant tissue; likely a seed or fruit surface."
Rhizopus_Soft_Rots,Bugwood_15.jpg,yes,seed,ref,"The microscopic image shows spherical sporangiospores characteristic of Rhizopus species; the fungal pathogen responsible for Rhizopus soft rot disease in plants."
Rhizopus_Soft_Rots,Bugwood_9.jpg,yes,pod,ref,"The image shows a rotted; shriveled; and water-soaked fruit/pod with brown discoloration and a glistening; collapsed surface consistent with Rhizopus soft rot infection."
Rhizopus_Soft_Rots,Bugwood_7.jpg,yes,seed,test,"The image shows under microscopy the characteristic Rhizopus sporangiophores with dark sporangia and mycelial growth consistent with Rhizopus soft rot infection on plant tissue."
Rhizopus_Soft_Rots,Bugwood_14.jpg,yes,seed,test,"The microscopic image shows characteristic Rhizopus sporangia (dark; round spore-bearing structures on stalks/sporangiophores) with mycelial hyphae; which are the fungal structures responsible for Rhizopus soft rot disease."
Rhizopus_Soft_Rots,Bugwood_11.jpg,yes,stem,ref,"The microscopic image shows characteristic Rhizopus sporangiophores with dark sporangia (spore-bearing structures) and brown stolons; which are the defining fungal structures associated with Rhizopus soft rot disease."
Rhizopus_Soft_Rots,Bugwood_4.jpg,yes,whole_plant,ref,"The image shows a uprooted plant with extensive wilting; collapse; and soft rot decay at the crown/stem base region; consistent with Rhizopus soft rot causing rapid tissue breakdown and whole-plant collapse."
Rhizopus_Soft_Rots,Bugwood_12.jpg,yes,stem,ref,"The image shows a cross-section of a plant stem with dark; mycelium-filled internal rot and fuzzy fungal growth consistent with Rhizopus soft rot infection."
Rhizopus_Soft_Rots,Bugwood_13.jpg,yes,stem,ref,"The image shows dense gray-brown sporangiophore and mycelial growth characteristic of Rhizopus soft rot infection on plant stem tissue; consistent with the fuzzy fungal mass typical of Rhizopus species."
Rhizopus_Soft_Rots,Bugwood_6.jpg,yes,seed,test,"The image shows dense fungal mycelium with dark sporangia consistent with Rhizopus stolonifer causing soft rot; typically seen on seeds or storage organs."
Rhizopus_Soft_Rots,Bugwood_1.jpg,yes,seed,test,"The microscopic image shows dense dark sporangia (round black structures) on mycelial hyphae characteristic of Rhizopus species; consistent with Rhizopus soft rot fungal structures observed on infected plant tissue."
Rhizopus_Soft_Rots,Bugwood_10.jpg,yes,seed,test,"The microscopic image shows Rhizopus sporangiophores with dark sporangia and released sporangiospores; which are the characteristic fungal structures responsible for Rhizopus soft rot disease."
Rhizopus_Soft_Rots,Bugwood_5.jpg,yes,seed,skipped,"The image shows a microscopic view of Rhizopus sporangiophore with a dark; mature sporangium filled with spores; which is characteristic of Rhizopus species responsible for soft rot diseases in plants."
Sclerotinia_Timber_Rot,Bugwood_23.jpg,yes,stem,ref,"The image shows stem segments covered with white cottony mycelium and black sclerotia; which are the hallmark signs of Sclerotinia stem rot (timber rot) caused by Sclerotinia sclerotiorum."
Sclerotinia_Timber_Rot,Bugwood_14.jpg,yes,stem,ref,"The image shows stem segments covered with white cottony mycelium and dark sclerotia; which are characteristic signs of Sclerotinia species causing timber rot on plant stems."
Sclerotinia_Timber_Rot,Bugwood_4.jpg,yes,stem,ref,"The image shows split plant stems with large; irregular black sclerotia (fungal survival structures) embedded in the white pith tissue; which is the hallmark sign of Sclerotinia stem rot (timber rot) caused by Sclerotinia sclerotiorum."
Sclerotinia_Timber_Rot,Bugwood_9.jpg,yes,whole_plant,ref,"The uprooted plant shows wilted/collapsed foliage and a darkened; rotted stem base with a swollen root/crown region; consistent with Sclerotinia timber rot causing crown and stem rot with associated wilting."
Sclerotinia_Timber_Rot,Bugwood_21.jpg,yes,stem,test,"The image shows white mycelial growth and dark sclerotia on the stem base at the soil line; which are characteristic signs of Sclerotinia stem rot (timber rot) caused by Sclerotinia sclerotiorum."
Sclerotinia_Timber_Rot,Bugwood_19.jpg,yes,whole_plant,ref,"The image shows two uprooted plants with dark; rotted stem bases and decayed root systems; which is consistent with Sclerotinia timber rot causing stem and crown rot leading to plant collapse."
Sclerotinia_Timber_Rot,Bugwood_3.jpg,yes,stem,test,"The image shows white mycelial growth and dark sclerotia (the hard; dark fungal bodies characteristic of Sclerotinia species) on a stem; consistent with Sclerotinia stem rot (timber rot)."
Sclerotinia_Timber_Rot,Bugwood_2.jpg,yes,whole_plant,ref,"The tomato plant shows severe wilting; collapse; and browning of stems and foliage consistent with Sclerotinia stem rot (timber rot); which causes rapid whole-plant wilt and necrosis in tomatoes."
Sclerotinia_Timber_Rot,Bugwood_22.jpg,yes,stem,test,"The split stem reveals internal white mycelium; tissue decay; and dark sclerotia bodies characteristic of Sclerotinia stem rot (timber rot)."
Sclerotinia_Timber_Rot,Bugwood_24.jpg,yes,stem,test,"The image shows a green stem tissue covered with dense white cottony mycelial growth characteristic of Sclerotinia species (white mold/timber rot); consistent with Sclerotinia sclerotiorum infection."
Sclerotinia_Timber_Rot,Bugwood_10.jpg,yes,stem,test,"The image shows a tomato stem with brown necrotic lesions and white mycelial growth characteristic of Sclerotinia stem rot (timber rot); along with wilted and dead foliage consistent with this disease."
Sclerotinia_Timber_Rot,Bugwood_20.jpg,yes,stem,skipped,"The petri dishes show white fluffy mycelial growth with dark sclerotia characteristic of Sclerotinia species; consistent with laboratory culture of the Sclerotinia pathogen responsible for Timber Rot."
Sclerotinia_Timber_Rot,Bugwood_7.jpg,yes,stem,skipped,"The image shows a stem with white mycelial growth and dark sclerotia characteristic of Sclerotinia stem rot (timber rot); where the fungus produces fluffy white cottony mycelium and hard black sclerotia on infected plant tissue."
Sclerotinia_Timber_Rot,Bugwood_15.jpg,yes,stem,skipped,"The image shows a stem with white mycelial growth and dark sclerotia characteristic of Sclerotinia stem rot (timber rot); with bleached/white necrotic tissue typical of this disease."
Sclerotinia_Timber_Rot,Bugwood_18.jpg,yes,stem,skipped,"The image shows a stem with white mycelial growth and dark sclerotia (hardened fungal bodies) characteristic of Sclerotinia stem rot (timber rot); caused by Sclerotinia sclerotiorum."
Sclerotinia_Timber_Rot,Bugwood_11.jpg,yes,stem,skipped,"The image shows white cottony mycelial growth and bleached; water-soaked stem rot at the base of the plant; which are classic symptoms of Sclerotinia stem rot (timber rot) caused by Sclerotinia sclerotiorum."
Sclerotinia_Timber_Rot,Bugwood_8.jpg,yes,stem,skipped,"The image shows a stem with bleached; necrotic lesions and tissue decay consistent with Sclerotinia stem rot (timber rot); which typically causes white; bleached; rotted stem tissue with possible sclerotia formation at the infection site."
Sclerotinia_Timber_Rot,Bugwood_13.jpg,yes,stem,skipped,"The stems show brown discoloration; white mycelial growth; and small sclerotia characteristic of Sclerotinia stem rot (timber rot); which causes bleached/necrotic stem lesions with white cottony mycelium and hard sclerotia."
Sclerotinia_Timber_Rot,Bugwood_5.jpg,yes,stem,skipped,"The image shows classic Sclerotinia stem rot (timber rot) symptoms including white cottony mycelial growth and dark sclerotia on the stem tissue; which are hallmark signs of Sclerotinia sclerotiorum infection."
Sclerotinia_Timber_Rot,Bugwood_16.jpg,yes,seed,ref,"The image shows small seeds with black sclerotia-like structures and white mycelial growth characteristic of Sclerotinia species infection; consistent with Sclerotinia timber rot pathogen presence on seeds."
Sclerotinia_Timber_Rot,Bugwood_17.jpg,yes,stem,skipped,"The image shows a split stem with internal browning; decay; and visible white mycelium along with dark sclerotia bodies; which are hallmark signs of Sclerotinia stem rot (timber rot)."
Sclerotinia_Timber_Rot,Bugwood_1.jpg,yes,stem,skipped,"The image shows a stem with bleached; tan-colored lesions and tissue collapse characteristic of Sclerotinia timber rot (white mold); with surrounding dead and wilted plant tissue consistent with this disease."
Sclerotinia_Timber_Rot,Bugwood_12.jpg,yes,whole_plant,skipped,"The image shows tomato plants with wilting; browning; and tissue collapse consistent with Sclerotinia stem rot (timber rot); which causes water-soaked lesions and extensive dieback of stems and leaves near the crown."
Sclerotinia_Timber_Rot,Bugwood_6.jpg,yes,stem,skipped,"The image shows green stem segments covered with white cottony mycelial growth characteristic of Sclerotinia species; which causes the fluffy white fungal growth known as timber rot on stems."
Septoria_Leaf_Blotch,CDDM_1036.jpg,yes,leaf,ref,"The leaf shows multiple small; circular to irregular dark spots with defined margins scattered across the yellowing lamina; which is characteristic of Septoria leaf blotch symptoms."
Septoria_Leaf_Blotch,CDDM_1035.jpg,yes,leaf,ref,"The leaf displays numerous small; scattered lesions with light centers and darker borders; which is characteristic of Septoria leaf blotch infection."
Septoria_Leaf_Blotch,CDDM_1080.jpg,yes,leaf,ref,"The leaves display characteristic symptoms of Septoria leaf blotch; including irregular necrotic brown lesions with yellowing (chlorotic) halos surrounding the dead tissue; which is typical of Septoria species infection."
Septoria_Leaf_Blotch,CDDM_1006.jpg,yes,leaf,test,"The leaf shows small; dark-centered lesions scattered across a yellowing blade; which is consistent with Septoria leaf blotch symptoms characterized by circular spots with dark borders and chlorotic halos."
Septoria_Leaf_Blotch,CDDM_1057.jpg,yes,leaf,test,"The leaf displays numerous small; circular lesions with dark borders and lighter centers characteristic of Septoria leaf blotch infection."
Septoria_Leaf_Blotch,CDDM_1043.jpg,yes,leaf,test,"The leaf displays small; scattered dark spots with yellowish halos characteristic of Septoria leaf blotch infection."
Septoria_Leaf_Blotch,CDDM_10.jpg,yes,leaf,test,"The image shows classic Septoria leaf spot symptoms with dark-bordered circular lesions and pale/white centers (pycnidia) on a green leaf; consistent with Septoria leaf blotch disease caused by Septoria albopunctata as labeled."
Septoria_Leaf_Blotch,CDDM_1061.jpg,yes,leaf,test,"The leaves show numerous small; irregular yellow and necrotic spots characteristic of Septoria leaf blotch; with interveinal chlorosis and lesion patterns consistent with Septoria infection on tomato foliage."
Septoria_Leaf_Blotch,CDDM_1011.jpg,yes,leaf,skipped,"The leaves display small; irregular dark spots and blotchy discoloration consistent with Septoria leaf blotch infection; which typically causes necrotic lesions on foliage."
Septoria_Leaf_Blotch,CDDM_1069.jpg,yes,leaf,skipped,"The leaf displays irregular blotchy lesions and discoloration along the margins and surface; which are consistent with Septoria leaf blotch symptoms typically characterized by necrotic spots and yellowing on leaf tissue."
Septoria_Leaf_Blotch,CDDM_1064.jpg,yes,leaf,skipped,"The image shows a leaf with large necrotic blotches and browning tissue consistent with Septoria leaf blotch; which typically causes irregular tan-to-brown lesions on foliage."
Septoria_Leaf_Blotch,CDDM_1007.jpg,yes,leaf,skipped,"The leaf shows irregular yellowing and blotchy lesions characteristic of Septoria leaf blotch infection; consistent with the disease label."
Septoria_Leaf_Blotch,CDDM_1048.jpg,yes,leaf,skipped,"The leaf shows multiple small; scattered lesions with necrotic centers and yellow halos; along with larger irregular blighted areas at the margins; which are characteristic symptoms of Septoria leaf blotch."
Septoria_Leaf_Blotch,CDDM_1049.jpg,yes,leaf,skipped,"The leaf shows numerous small; circular lesions with dark borders and lighter centers characteristic of Septoria leaf blotch infection."
Septoria_Leaf_Blotch,CDDM_1063.jpg,yes,leaf,skipped,"The leaf displays multiple small; circular to irregular necrotic lesions with dark brown borders and lighter centers; which are characteristic symptoms of Septoria leaf blotch infection."
Septoria_Leaf_Blotch,CDDM_1039.jpg,yes,leaf,skipped,"The leaf displays multiple dark-bordered necrotic lesions with tan to dark brown centers scattered across the blade; which is characteristic of Septoria leaf blotch infection."
Septoria_Leaf_Blotch,CDDM_1041.jpg,yes,leaf,skipped,"The leaf shows multiple small; circular to irregular necrotic lesions with dark borders and yellowing halos; which are characteristic symptoms of Septoria leaf blotch infection."
Septoria_Leaf_Blotch,CDDM_1081.jpg,yes,leaf,skipped,"The leaf shows characteristic symptoms of Septoria leaf blotch including irregular tan to brown necrotic lesions with yellowing (chlorosis) around the affected areas; consistent with Septoria infection."
Septoria_Leaf_Blotch,CDDM_1067.jpg,yes,leaf,skipped,"The leaf shows small dark spots/lesions and yellowing (chlorosis) consistent with Septoria leaf blotch; which typically presents as irregular necrotic spots with yellowing surrounding tissue."
Septoria_Leaf_Blotch,CDDM_1031.jpg,yes,leaf,skipped,"The leaf shows multiple small; scattered lesions with dark borders and lighter centers; which are characteristic symptoms of Septoria leaf blotch infection."
Septoria_Leaf_Blotch,CDDM_1025.jpg,yes,leaf,skipped,"The leaf shows numerous small; dark-centered lesions with irregular necrotic spots scattered across the blade; which is consistent with Septoria leaf blotch symptoms."
Septoria_Leaf_Blotch,CDDM_1017.jpg,yes,leaf,skipped,"The leaf shows numerous small; circular to irregular necrotic spots with darker borders scattered across the surface; which is consistent with Septoria leaf blotch symptoms."
Septoria_Leaf_Blotch,CDDM_1027.jpg,yes,leaf,skipped,"The leaf shows small; dark necrotic spots with surrounding yellowing (chlorosis); which is consistent with Septoria leaf blotch symptoms typically characterized by dark lesions on leaves."
Septoria_Leaf_Blotch,CDDM_1085.jpg,yes,leaf,skipped,"The leaf shows irregular yellow and brown necrotic blotches with dark lesions characteristic of Septoria leaf blotch infection."
Septoria_Leaf_Blotch,CDDM_1070.jpg,yes,leaf,skipped,"The leaves display irregular brown blotches and necrotic lesions with yellowing (chlorosis) around affected areas; which is consistent with Septoria leaf blotch symptoms."
Septoria_Leaf_Blotch,CDDM_1042.jpg,yes,leaf,skipped,"The leaf shows small; circular to irregular necrotic lesions with darker borders and surrounding chlorosis (yellowing); which are characteristic symptoms of Septoria leaf blotch infection."
Septoria_Leaf_Blotch,CDDM_1073.jpg,yes,leaf,skipped,"The leaf displays numerous small; dark; circular to oval lesions with distinct borders scattered across the green lamina; which is characteristic of Septoria leaf blotch infection."
Septoria_Leaf_Blotch,CDDM_1021.jpg,yes,leaf,skipped,"The image shows a leaf with irregular blotchy lesions and white/pale spots consistent with Septoria leaf blotch symptoms."
Septoria_Leaf_Blotch,CDDM_1077.jpg,yes,leaf,skipped,"The leaf displays numerous small; circular lesions with dark borders and lighter centers; which are characteristic symptoms of Septoria leaf blotch infection."
Septoria_Leaf_Blotch,CDDM_1028.jpg,yes,leaf,skipped,"The leaf shows numerous small; dark-centered lesions with chlorotic (yellowing) halos scattered across the surface; which is characteristic of Septoria leaf blotch infection."
Septoria_Leaf_Blotch,CDDM_1005.jpg,yes,leaf,skipped,"The leaf displays characteristic Septoria leaf blotch symptoms including numerous small; circular to irregular lesions with dark brown borders and lighter centers (pycnidia visible); accompanied by surrounding yellowing (chlorosis); consistent with Septoria species infection."
Septoria_Leaf_Blotch,CDDM_1040.jpg,yes,leaf,skipped,"The leaf shows small; circular to irregular necrotic spots with darker borders and yellowing (chlorosis) around them; which are characteristic symptoms of Septoria leaf blotch disease."
Septoria_Leaf_Blotch,CDDM_1051.jpg,yes,leaf,skipped,"The leaf shows numerous small; irregular lesions with pale centers and darker borders scattered across the surface; which is characteristic of Septoria leaf blotch disease."
Septoria_Leaf_Blotch,CDDM_1055.jpg,yes,leaf,skipped,"The leaf shows multiple small; dark-bordered necrotic spots with yellowing (chlorosis) around them; which is consistent with Septoria leaf blotch symptoms characterized by circular to irregular lesions on foliage."
Septoria_Leaf_Blotch,CDDM_1065.jpg,yes,leaf,skipped,"The leaf shows characteristic Septoria leaf blotch symptoms including numerous small dark lesions/pycnidia spots scattered across yellowing and necrotic tissue with irregular brown blighting; consistent with Septoria infection."
Septoria_Leaf_Blotch,CDDM_1038.jpg,yes,leaf,skipped,"The leaf shows irregular blotchy discoloration; necrotic patches; and yellowing consistent with Septoria leaf blotch symptoms; which typically cause irregular tan to brown lesions on foliage."
Septoria_Leaf_Blotch,CDDM_1087.jpg,yes,leaf,skipped,"The leaf shows small; scattered lesions with dark borders consistent with Septoria leaf blotch symptoms; a fungal disease known to cause such spotting patterns on foliage."
Septoria_Leaf_Blotch,CDDM_1045.jpg,yes,leaf,skipped,"The leaf shows small; circular to irregular necrotic lesions with darker borders scattered across a yellowing blade; which is consistent with Septoria leaf blotch symptoms."
Septoria_Leaf_Blotch,CDDM_1075.jpg,yes,leaf,skipped,"The leaf shows multiple small; dark-centered lesions with yellow halos scattered across the blade; which is characteristic of Septoria leaf blotch infection."
Septoria_Leaf_Blotch,CDDM_1009.jpg,yes,leaf,skipped,"The leaf shows numerous small; scattered lesions with yellow chlorotic halos and dark centers on a yellowing background; which is consistent with Septoria leaf blotch symptoms."
Septoria_Leaf_Blotch,CDDM_1030.jpg,yes,leaf,skipped,"The leaf shows yellowing and necrotic lesions consistent with Septoria leaf blotch; a fungal disease that causes chlorotic and necrotic spots on foliage."
Septoria_Leaf_Blotch,CDDM_1019.jpg,yes,leaf,skipped,"The leaf shows small; circular to irregular lesions with yellowish halos and necrotic centers scattered across the surface; which are characteristic symptoms of Septoria leaf blotch infection."
Septoria_Leaf_Blotch,CDDM_1033.jpg,yes,leaf,skipped,"The leaf shows multiple small; circular to irregular lesions with dark borders and lighter centers scattered across the surface; which are characteristic symptoms of Septoria leaf blotch infection."
Septoria_Leaf_Blotch,CDDM_1034.jpg,yes,leaf,skipped,"The leaf shows small reddish-brown spots scattered across the surface; which are consistent with early Septoria leaf blotch lesions characteristic of this disease."
Septoria_Leaf_Blotch,CDDM_1014.jpg,yes,leaf,skipped,"The leaf shows multiple small; circular to irregular dark lesions with possible lighter centers scattered across the blade; which is characteristic of Septoria leaf blotch infections."
Septoria_Leaf_Blotch,CDDM_1058.jpg,yes,leaf,skipped,"The leaf shows numerous small; scattered lesions with dark borders and lighter centers along with marginal browning; which is consistent with Septoria leaf blotch symptoms typically characterized by circular spots with dark margins on foliage."
Septoria_Leaf_Blotch,CDDM_1053.jpg,yes,leaf,skipped,"The leaf shows yellowing and irregular blotchy discoloration consistent with Septoria leaf blotch infection patterns."
Septoria_Leaf_Blotch,CDDM_1052.jpg,yes,leaf,skipped,"The leaf displays small; circular to irregular necrotic lesions with dark borders and yellowish halos scattered across the blade; which are characteristic symptoms of Septoria leaf blotch infection."
Septoria_Leaf_Blotch,CDDM_1004.jpg,yes,leaf,skipped,"The leaf shows multiple small; circular to irregular dark brown lesions with distinct borders and possible pycnidia centers; which are characteristic symptoms of Septoria leaf blotch."
Septoria_Leaf_Blotch,CDDM_1029.jpg,yes,leaf,skipped,"The leaf shows yellowing (chlorosis) and irregular dark necrotic spots/blotches characteristic of Septoria leaf blotch infection."
Septoria_Leaf_Blotch,CDDM_1088.jpg,yes,leaf,skipped,"The leaves display numerous small; dark-bordered lesions with necrotic centers and yellowing halos scattered across the leaf surface; which are characteristic symptoms of Septoria leaf blotch infection."
Septoria_Leaf_Blotch,CDDM_104.jpg,yes,leaf,skipped,"The leaf shows yellowing; necrotic spots; and blotchy discoloration patterns consistent with Septoria leaf blotch infection."
Septoria_Leaf_Blotch,CDDM_100.jpg,yes,leaf,skipped,"The leaf shows small; scattered necrotic spots with yellowish halos and irregular brown lesions characteristic of Septoria leaf blotch infection."
Septoria_Leaf_Blotch,CDDM_1044.jpg,yes,leaf,skipped,"The leaf displays small; scattered lesions with yellowish halos and necrotic centers that are characteristic of Septoria leaf blotch infection."
Septoria_Leaf_Blotch,CDDM_1012.jpg,yes,leaf,skipped,"The leaf shows multiple small; scattered lesions with tan/necrotic centers and yellow halos; which are characteristic symptoms of Septoria leaf blotch infection."
Septoria_Leaf_Blotch,CDDM_1032.jpg,yes,leaf,skipped,"The leaf displays numerous small; dark-bordered lesions with lighter centers scattered across the surface; which is characteristic of Septoria leaf blotch infection."
Septoria_Leaf_Blotch,CDDM_1050.jpg,yes,leaf,skipped,"The leaf displays small; scattered brown lesions with defined borders on a green background; which is consistent with Septoria leaf blotch symptoms characterized by small necrotic spots on foliage."
Septoria_Leaf_Blotch,CDDM_106.jpg,yes,leaf,skipped,"The leaf shows characteristic Septoria leaf blotch symptoms including small dark lesions with yellow/chlorotic halos and necrotic tissue; which are typical of Septoria species infections."
Septoria_Leaf_Blotch,CDDM_1018.jpg,yes,leaf,skipped,"The leaf shows irregular dark blotches and necrotic lesions consistent with Septoria leaf blotch infection; which typically causes dark; water-soaked to necrotic patches on leaf tissue."
Septoria_Leaf_Blotch,CDDM_1054.jpg,yes,leaf,skipped,"The leaf shows small dark lesions and blotchy discoloration consistent with Septoria leaf blotch infection patterns."
Septoria_Leaf_Blotch,CDDM_102.jpg,yes,leaf,skipped,"The leaf shows multiple small; dark necrotic lesions with irregular margins scattered across a yellowing blade; consistent with Septoria leaf blotch symptoms."
Septoria_Leaf_Blotch,CDDM_1002.jpg,yes,leaf,skipped,"The image shows leaves with irregular tan-to-brown necrotic blotches with defined margins; consistent with Septoria leaf blotch symptoms."
Septoria_Leaf_Blotch,CDDM_1003.jpg,yes,leaf,skipped,"The leaf shows small; dark-bordered lesions with necrotic centers and yellowing around them; which are characteristic symptoms of Septoria leaf blotch infection."
Septoria_Leaf_Blotch,CDDM_1059.jpg,yes,leaf,skipped,"The leaf shows characteristic Septoria leaf blotch symptoms including irregular brown necrotic lesions; yellowing around lesions; and blighted areas consistent with Septoria infection."
Septoria_Leaf_Blotch,CDDM_1072.jpg,yes,leaf,skipped,"The leaf shows small; irregular yellowish-brown spots scattered across the surface; which are consistent with Septoria leaf blotch symptoms typically characterized by necrotic lesions with chlorotic halos."
Septoria_Leaf_Blotch,CDDM_1015.jpg,yes,leaf,skipped,"The leaves display numerous small circular lesions with dark borders and lighter centers; which are characteristic symptoms of Septoria leaf blotch; along with surrounding yellowing typical of this fungal disease."
Septoria_Leaf_Blotch,CDDM_107.jpg,yes,leaf,skipped,"The leaf shows small; scattered necrotic spots with irregular margins consistent with Septoria leaf blotch symptoms; along with some yellowing (chlorosis) around the lesions."
Septoria_Leaf_Blotch,CDDM_1037.jpg,yes,leaf,skipped,"The leaves display small; irregular yellowish-tan spots with possible darker borders; which are consistent with Septoria leaf blotch symptoms characterized by lesions on leaf tissue."
Septoria_Leaf_Blotch,CDDM_108.jpg,yes,leaf,skipped,"The leaf shows irregular yellow and brown necrotic blotches with defined lesions consistent with Septoria leaf blotch symptoms."
Septoria_Leaf_Blotch,CDDM_1016.jpg,yes,leaf,skipped,"The leaf shows small; scattered yellowish-brown spots with darker margins consistent with Septoria leaf blotch lesions typically seen on infected foliage."
Septoria_Leaf_Blotch,CDDM_1.jpg,yes,leaf,skipped,"The leaf shows small; circular to irregular lesions with darker borders and lighter centers; which are characteristic symptoms of Septoria leaf blotch infection."
Septoria_Leaf_Blotch,CDDM_1084.jpg,yes,leaf,skipped,"The leaf shows characteristic symptoms of Septoria leaf blotch including yellowing (chlorosis) and necrotic blotchy lesions consistent with Septoria infection on a tomato leaf."
Septoria_Leaf_Blotch,CDDM_105.jpg,yes,leaf,skipped,"The leaf shows numerous small; scattered necrotic spots with defined margins and possible pycnidia centers; which are characteristic symptoms of Septoria leaf blotch infection."
Septoria_Leaf_Blotch,CDDM_1082.jpg,yes,leaf,skipped,"The leaves show numerous small; dark-bordered lesions with necrotic centers and yellowing halos; which are characteristic symptoms of Septoria leaf blotch infection."
Septoria_Leaf_Blotch,CDDM_1046.jpg,yes,leaf,skipped,"The image shows a leaf with extensive blotching; browning; and necrotic lesions consistent with Septoria leaf blotch disease symptoms."
Septoria_Leaf_Blotch,CDDM_1079.jpg,yes,leaf,skipped,"The leaf shows characteristic Septoria leaf blotch symptoms including irregular brown necrotic lesions with yellowish halos and small dark pycnidia visible within the lesions."
Septoria_Leaf_Blotch,CDDM_1020.jpg,yes,leaf,skipped,"The leaf displays numerous small; scattered lesions with dark borders consistent with Septoria leaf blotch symptoms; which typically appear as small spots or blotches on leaf surfaces."
Septoria_Leaf_Blotch,CDDM_1062.jpg,yes,leaf,skipped,"The leaf shows characteristic Septoria leaf blotch symptoms including small; circular lesions with dark borders and lighter centers (pycnidia) scattered across a yellowing leaf surface."
Septoria_Leaf_Blotch,CDDM_1074.jpg,yes,leaf,skipped,"The leaf displays numerous small; dark brown circular lesions with lighter centers scattered across a yellowing green surface; which is characteristic of Septoria leaf blotch infection."
Septoria_Leaf_Blotch,CDDM_1068.jpg,yes,leaf,skipped,"The leaf shows small; scattered lesions with darker borders characteristic of Septoria leaf blotch infection."
Septoria_Leaf_Blotch,CDDM_1056.jpg,yes,leaf,skipped,"The leaf shows numerous small; dark-bordered lesions with lighter centers scattered across the surface; which is characteristic of Septoria leaf blotch infection."
Septoria_Leaf_Blotch,CDDM_1024.jpg,yes,leaf,skipped,"The leaf shows small; scattered necrotic spots with yellowing (chlorosis) around them; which is consistent with Septoria leaf blotch symptoms typically characterized by tan-to-brown lesions with yellow halos on leaf tissue."
Septoria_Leaf_Blotch,CDDM_1022.jpg,yes,leaf,skipped,"The leaf shows yellowing; chlorotic spots; and blotch-like lesions consistent with Septoria leaf blotch infection patterns."
Septoria_Leaf_Blotch,CDDM_1078.jpg,no,leaf,rejected,"The leaf appears largely green and healthy with only minor spotting; lacking the characteristic numerous small circular lesions with dark borders and lighter centers (pycnidia) that are hallmarks of Septoria leaf blotch."
Septoria_Leaf_Blotch,CDDM_1086.jpg,yes,leaf,skipped,"The leaf shows small dark lesions and blotchy discoloration consistent with Septoria leaf blotch; a fungal disease characterized by irregular necrotic spots on foliage."
Septoria_Leaf_Blotch,CDDM_1001.jpg,yes,leaf,skipped,"The leaf shows multiple small; circular to irregular dark-centered lesions with yellowing halos characteristic of Septoria leaf blotch infection."
Septoria_Leaf_Blotch,CDDM_1047.jpg,yes,leaf,skipped,"The leaf displays multiple small; circular to irregular necrotic spots with darker borders and yellowing halos; which are characteristic symptoms of Septoria leaf blotch infection."
Septoria_Leaf_Blotch,CDDM_1066.jpg,yes,leaf,skipped,"The leaf shows numerous small; circular to oval lesions with dark brown borders and lighter centers scattered across the blade; which is characteristic of Septoria leaf blotch infection patterns."
Septoria_Leaf_Blotch,CDDM_1008.jpg,no,leaf,rejected,"The leaf appears wilted and curled but lacks the characteristic small; circular tan/brown lesions with dark borders and pycnidia (black dots) typical of Septoria leaf blotch; no distinct blotch symptoms are visible."
Septoria_Leaf_Blotch,CDDM_1060.jpg,yes,leaf,skipped,"The leaf displays numerous small; dark brown lesions with lighter centers scattered across the blade along with marginal yellowing/necrosis; which are characteristic symptoms of Septoria leaf blotch infection."
Septoria_Leaf_Blotch,CDDM_1076.jpg,yes,leaf,skipped,"The leaf shows numerous small; irregular necrotic spots with darker borders scattered across the surface; which is consistent with Septoria leaf blotch symptoms typically characterized by small lesions with tan centers and dark margins."
Septoria_Leaf_Blotch,CDDM_101.jpg,yes,leaf,skipped,"The leaf displays small; dark-bordered necrotic spots with lighter centers and surrounding yellow halos; which are characteristic symptoms of Septoria leaf blotch infection."
Septoria_Leaf_Blotch,CDDM_1013.jpg,yes,leaf,skipped,"The leaf shows irregular blotchy lesions with necrotic areas consistent with Septoria leaf blotch symptoms; which typically cause tan to brown blotches on leaf tissue."
Septoria_Leaf_Blotch,CDDM_1023.jpg,yes,leaf,skipped,"The leaf shows small; dark brown lesions/spots scattered across the surface; which is consistent with Septoria leaf blotch symptoms characterized by discrete necrotic spots on foliage."
Septoria_Leaf_Blotch,CDDM_1026.jpg,yes,leaf,skipped,"The leaf displays numerous small; dark-centered lesions with yellow halos scattered across the surface; which is characteristic of Septoria leaf blotch infection."
Septoria_Leaf_Blotch,CDDM_103.jpg,yes,leaf,skipped,"The leaf displays multiple small; angular to irregular necrotic lesions with darker borders scattered across the blade; which is consistent with Septoria leaf blotch symptoms."
Septoria_Leaf_Blotch,CDDM_1083.jpg,yes,leaf,skipped,"The leaf shows small; scattered dark lesions with possible yellowing consistent with Septoria leaf blotch symptoms; which typically appear as small spots or blotches on leaves."
Septoria_Leaf_Blotch,CDDM_1000.jpg,yes,leaf,skipped,"The leaf shows irregular brown necrotic blotches with yellowing and tissue death consistent with Septoria leaf blotch infection patterns."
Septoria_Leaf_Blotch,CDDM_1010.jpg,yes,leaf,skipped,"The leaf shows yellowish-brown necrotic blotches and lesions along the margins and surface; which are consistent with Septoria leaf blotch symptoms."
Septoria_Leaf_Blotch,CDDM_1071.jpg,yes,leaf,skipped,"The leaves show small; circular to irregular lesions with darker borders and lighter centers; which is characteristic of Septoria leaf blotch infection patterns."
Southern_Bacterial_Wilt,Bugwood_3.jpg,yes,whole_plant,ref,"The tomato plants display classic bacterial wilt symptoms including rapid wilting and drooping of foliage across multiple plants in the row; consistent with Southern Bacterial Wilt caused by Ralstonia solanacearum."
Southern_Bacterial_Wilt,Bugwood_8.jpg,yes,whole_plant,ref,"The tomato plant in the center shows classic bacterial wilt symptoms including wilting; drooping foliage; and lower leaf desiccation/browning while adjacent plants remain healthy; consistent with Southern Bacterial Wilt caused by Ralstonia solanacearum."
Southern_Bacterial_Wilt,Bugwood_2.jpg,yes,root,ref,"The image shows severe browning and rot of the stem base and root system with characteristic bacterial wilt discoloration; consistent with Southern Bacterial Wilt caused by Ralstonia solanacearum."
Southern_Bacterial_Wilt,Bugwood_15.jpg,yes,whole_plant,ref,"The tomato plant shows classic Southern Bacterial Wilt symptoms including rapid; complete wilting of the entire plant with leaves remaining green; which is characteristic of Ralstonia solanacearum infection causing vascular blockage."
Southern_Bacterial_Wilt,Bugwood_9.jpg,yes,whole_plant,test,"The left tomato plant shows classic bacterial wilt symptoms including sudden wilting and collapse of the entire plant while remaining green; contrasting sharply with the healthy plant on the right."
Southern_Bacterial_Wilt,Bugwood_7.jpg,yes,stem,ref,"The image shows a classic bacterial wilt streaming test where a stem section submerged in water is releasing white; thread-like bacterial ooze (exudate); which is the diagnostic hallmark of Southern Bacterial Wilt caused by Ralstonia solanacearum."
Southern_Bacterial_Wilt,Bugwood_14.jpg,yes,whole_plant,test,"The tomato plant shows classic bacterial wilt symptoms including rapid; severe wilting and collapse of foliage with browning and desiccation of leaves while adjacent plants remain healthy; consistent with Southern Bacterial Wilt caused by Ralstonia solanacearum."
Southern_Bacterial_Wilt,Bugwood_11.jpg,yes,stem,ref,"The image shows a stem cross-section submerged in water with brown discoloration and bacterial streaming (milky exudate visible); which is a classic diagnostic test for Southern Bacterial Wilt caused by Ralstonia solanacearum."
Southern_Bacterial_Wilt,Bugwood_4.jpg,yes,stem,ref,"The longitudinally sectioned stem shows extensive brown discoloration of the vascular tissue consistent with bacterial wilt; where bacterial colonization causes internal browning and decay of the vascular system."
Southern_Bacterial_Wilt,Bugwood_12.jpg,no,pod,rejected,"The image shows a green tomato fruit with possible stink bug feeding damage or blossom end injury; not the classic wilting; stem browning; or bacterial streaming associated with Southern Bacterial Wilt."
Southern_Bacterial_Wilt,Bugwood_13.jpg,yes,stem,test,"The longitudinally sectioned stem shows extensive brown discoloration of the vascular tissue throughout its length; consistent with the systemic vascular colonization characteristic of Southern Bacterial Wilt (Ralstonia solanacearum)."
Southern_Bacterial_Wilt,Bugwood_6.jpg,yes,whole_plant,test,"The tomato plants show classic bacterial wilt symptoms including sudden wilting and collapse of the entire plant while remaining green; which is characteristic of Southern Bacterial Wilt caused by Ralstonia solanacearum."
Southern_Bacterial_Wilt,Bugwood_1.jpg,yes,stem,test,"The image shows a classic bacterial wilt streaming test where a cut stem section submerged in water displays milky; thread-like bacterial ooze streaming downward; which is a diagnostic indicator of Southern Bacterial Wilt (Ralstonia solanacearum)."
Southern_Bacterial_Wilt,Bugwood_10.jpg,yes,stem,skipped,"The longitudinal cross-section of the stem shows dark brown vascular discoloration and internal necrosis consistent with bacterial wilt disease affecting the vascular tissue."
Southern_Bacterial_Wilt,Bugwood_5.jpg,yes,stem,skipped,"The image shows cross-sectioned stems with characteristic brown vascular discoloration and rotting at the crown and root zone; consistent with bacterial wilt causing internal vascular tissue browning and decay."
Southern_Blight,Bugwood_23.jpg,yes,stem,ref,"The image shows white mycelial growth and tan/brown sclerotia (mustard seed-like structures) on a stem node; which are the hallmark symptoms of Southern Blight caused by Sclerotium rolfsii."
Southern_Blight,Bugwood_7.jpg,yes,stem,ref,"The image shows a split stem with internal brown discoloration and decay consistent with Southern Blight (Sclerotium rolfsii); which causes stem rot and internal tissue breakdown near the soil line."
Southern_Blight,Bugwood_15.jpg,yes,stem,ref,"The image shows a stem with bleached; water-soaked lesion and tissue breakdown at the node area; consistent with Southern Blight (Sclerotium rolfsii) which typically causes white mycelial growth and tan-to-brown lesions at or near the soil line on stems."
Southern_Blight,Bugwood_48.jpg,yes,stem,test,"The image shows white mycelial growth (sclerotia and mycelium of Sclerotium rolfsii) at the stem base and crown area; which is characteristic of Southern Blight disease."
Southern_Blight,Bugwood_16.jpg,yes,stem,test,"The image shows white mycelial growth and sclerotia-like bodies on the stem near the soil line; which are hallmark symptoms of Southern Blight caused by Sclerotium rolfsii."
Southern_Blight,Bugwood_3.jpg,yes,stem,test,"The image shows a plant stem at the soil line with white mycelial growth (sclerotia) characteristic of Southern Blight caused by Sclerotium rolfsii; along with wilted/dead foliage consistent with this disease."
Southern_Blight,Bugwood_45.jpg,yes,stem,test,"The image shows a stem with white mycelial growth and tan/brown sclerotia-like granules covering the surface; which are characteristic symptoms of Southern Blight caused by Sclerotium rolfsii."
Southern_Blight,Bugwood_26.jpg,yes,stem,test,"The image shows white mycelial growth (cottony mat) with characteristic tan-to-yellow sclerotia (mustard seed-like bodies) at the stem base; which are the hallmark signs of Southern Blight caused by Sclerotium rolfsii."
Southern_Blight,Bugwood_24.jpg,yes,stem,skipped,"The image shows a plant stem with white mycelial growth (sclerotia) at the soil line; which is characteristic of Southern Blight caused by Sclerotium rolfsii; along with wilted and dead foliage consistent with this disease."
Southern_Blight,Bugwood_58.jpg,yes,stem,skipped,"The image shows a stem with white mycelial growth and dark lesions at a branch node; consistent with Southern Blight (Sclerotium rolfsii) which characteristically produces white cottony mycelium on infected stem tissue."
Southern_Blight,Bugwood_55.jpg,yes,whole_plant,ref,"The pepper plant shows classic Southern Blight symptoms including severe wilting; collapsed and dried leaves; and stem rot at the soil line; consistent with Sclerotium rolfsii infection."
Southern_Blight,Bugwood_46.jpg,yes,stem,skipped,"The image shows the characteristic white; fluffy mycelial growth and mustard-seed-like sclerotia of Sclerotium rolfsii; the causal agent of Southern Blight; visible on what appears to be an infected plant stem or crown tissue on an agar culture plate."
Southern_Blight,Bugwood_13.jpg,yes,whole_plant,ref,"The tomato plants show wilting and collapse consistent with Southern Blight (Sclerotium rolfsii); with some plants exhibiting characteristic sudden wilt and dieback while others nearby appear healthy; which is typical of the localized soil-borne infection pattern of this disease."
Southern_Blight,Bugwood_28.jpg,yes,stem,skipped,"The image shows white mycelial growth (sclerotia and cottony mycelium of Sclerotium rolfsii) at the stem base and crown area; which is characteristic of Southern Blight disease."
Southern_Blight,Bugwood_66.jpg,yes,whole_plant,ref,"The image shows a plant specimen with characteristic white mycelial growth (sclerotia visible) at the crown/stem base consistent with Southern Blight caused by Sclerotium rolfsii; along with wilted foliage and brown roots typical of this disease."
Southern_Blight,Bugwood_32.jpg,yes,whole_plant,skipped,"The image shows a completely wilted and collapsed eggplant with brown; desiccated stems and foliage at the soil line; consistent with Southern Blight (Sclerotium rolfsii) which causes rapid wilting and plant collapse due to stem rot at or near the soil surface."
Southern_Blight,Bugwood_36.jpg,yes,stem,skipped,"The image shows white mycelial growth and small tan sclerotia (mustard seed-like bodies) at the stem base; which are characteristic signs of Southern Blight caused by Sclerotium rolfsii."
Southern_Blight,Bugwood_4.jpg,yes,stem,skipped,"The image shows dense white mycelial growth with characteristic tan to brown sclerotia (mustard seed-like bodies) at various stages of development; which are the hallmark signs of Southern Blight caused by Sclerotium rolfsii; typically found at the stem base or soil line."
Southern_Blight,Bugwood_5.jpg,yes,whole_plant,skipped,"The image shows tomato plants with severe wilting; browning; and collapse characteristic of Southern Blight (Sclerotium rolfsii); with some plants completely dead while adjacent plants remain healthy; consistent with the localized; soil-borne infection pattern of this disease."
Southern_Blight,Bugwood_53.jpg,no,root,rejected,"The image shows heavily galled roots characteristic of root-knot nematode (Meloidogyne spp.) infection; not Southern Blight (Sclerotium rolfsii); which typically presents as white mycelial growth and sclerotia at the stem base near the soil line."
Southern_Blight,Bugwood_17.jpg,yes,stem,skipped,"The image shows the stem base and soil line area with white sclerotia (mustard seed-like bodies) characteristic of Southern Blight (Sclerotium rolfsii); along with darkened/rotted stem tissue at the soil line."
Southern_Blight,Bugwood_27.jpg,yes,whole_plant,skipped,"The tomato plants show classic Southern Blight symptoms including severe wilting; collapse; and dieback of entire plants at the soil line; with characteristic rapid plant death while fruits remain on the vine; consistent with Sclerotium rolfsii infection."
Southern_Blight,Bugwood_30.jpg,yes,stem,skipped,"The image shows white mycelial growth (sclerotia and cottony mycelium of Sclerotium rolfsii) on the stem and root junction; which is characteristic of Southern Blight disease."
Southern_Blight,Bugwood_2.jpg,yes,root,ref,"The image shows white mycelial growth (sclerotia and mycelium of Sclerotium rolfsii) at the crown/root junction; which is characteristic of Southern Blight disease."
Southern_Blight,Bugwood_65.jpg,yes,stem,skipped,"The image shows a plant stem/crown region with white mycelial growth and dark sclerotia characteristic of Southern Blight (Sclerotium rolfsii); along with rotting tissue at the soil line."
Southern_Blight,Bugwood_51.jpg,yes,whole_plant,skipped,"The image shows tomato plants with characteristic Southern Blight (Sclerotium rolfsii) symptoms including wilting; collapsing; and browning of entire plants at the soil line; consistent with the soilborne fungal infection that causes rapid vine collapse."
Southern_Blight,Bugwood_6.jpg,yes,whole_plant,skipped,"The uprooted tomato plants display wilting; browning; and basal stem rot consistent with Southern Blight (Sclerotium rolfsii); which typically causes crown and stem rot leading to whole-plant collapse."
Southern_Blight,Bugwood_8.jpg,yes,stem,skipped,"The image shows classic Southern Blight symptoms on a stem; including white mycelial growth (sclerotia) and tan-to-brown lesion with cottony fungal mass characteristic of Sclerotium rolfsii infection."
Southern_Blight,Bugwood_42.jpg,yes,stem,skipped,"The image shows characteristic Southern Blight signs including white mycelial growth and numerous tan/brown sclerotia (mustard-seed-like structures) typical of Sclerotium rolfsii; the causative agent of Southern Blight; observed on plant tissue in a petri dish."
Southern_Blight,Bugwood_31.jpg,yes,whole_plant,skipped,"The image shows a plant with wilting; browning; and collapse at the soil line; which is characteristic of Southern Blight (Sclerotium rolfsii); a soilborne disease that causes stem lesions and plant death near the soil surface."
Southern_Blight,Bugwood_37.jpg,yes,stem,skipped,"The image shows a stem with white mycelial growth and dark sclerotia characteristic of Southern Blight caused by Sclerotium rolfsii."
Southern_Blight,Bugwood_57.jpg,yes,stem,skipped,"The image shows a stem with white mycelial growth and tan/brown sclerotia (mustard seed-like bodies) characteristic of Southern Blight caused by Sclerotium rolfsii."
Southern_Blight,Bugwood_18.jpg,yes,root,ref,"The image shows white mycelial growth (sclerotia and mycelium of Sclerotium rolfsii) at the crown/stem base junction with root rot; which are hallmark symptoms of Southern Blight."
Southern_Blight,Bugwood_54.jpg,yes,whole_plant,skipped,"The field of pepper plants shows scattered wilting; yellowing; and collapse of individual plants in irregular patterns; which is consistent with Southern Blight (Sclerotium rolfsii) causing sudden plant death and wilt symptoms across a crop field."
Southern_Blight,Bugwood_29.jpg,yes,whole_plant,skipped,"The image shows tomato plants with characteristic Southern Blight (Sclerotium rolfsii) symptoms including collapsed; wilted; and dead plants with browning at the base; consistent with the soilborne fungal disease that causes sudden wilt and death of plants at the soil line."
Southern_Blight,Bugwood_60.jpg,yes,whole_plant,skipped,"The image shows a tomato plant with severe wilting; collapsed stems; brown desiccated foliage; and fruit drop characteristic of Southern Blight (Sclerotium rolfsii); which causes sudden whole-plant collapse and stem rot at the soil line."
Southern_Blight,Bugwood_19.jpg,yes,root,ref,"The image shows a pulled plant with severely rotted; brown; and decayed root system consistent with Southern Blight (Sclerotium rolfsii); which causes crown and root rot leading to plant death and the characteristic decay of below-ground tissues."
Southern_Blight,Bugwood_1.jpg,yes,whole_plant,skipped,"The uprooted tomato plants display wilting; stem rot at the soil line; and overall plant collapse consistent with Southern Blight (Sclerotium rolfsii); which typically causes basal stem decay and rapid whole-plant wilting."
Southern_Blight,Bugwood_68.jpg,no,root,rejected,"The image shows root-knot nematode galls (heavily knotted and beaded root system) rather than Southern Blight; which is caused by Sclerotium rolfsii and typically presents with white mycelial mats and sclerotia on stems and soil surface near the crown."
Southern_Blight,Bugwood_64.jpg,yes,root,skipped,"The image shows characteristic white cottony mycelial growth and small tan to yellow sclerotia (mustard seed-like bodies) of Sclerotium rolfsii; the causal agent of Southern Blight; on what appears to be the root/crown tissue of a plant."
Southern_Blight,Bugwood_69.jpg,yes,root,skipped,"The image shows abundant white mycelial growth with characteristic mustard-seed-like sclerotia (yellow/tan spherical structures) on the stem base and roots; which are classic diagnostic signs of Southern Blight caused by Sclerotium rolfsii."
Southern_Blight,Bugwood_56.jpg,yes,stem,skipped,"The image shows classic Southern Blight symptoms including white mycelial growth and numerous tan-to-brown sclerotia (mustard-seed-sized bodies) on the stem at the soil line; which are the hallmark signs of Sclerotium rolfsii infection."
Southern_Blight,Bugwood_33.jpg,yes,stem,skipped,"The image shows white mycelial growth and sclerotia at the stem base near the soil line; which are hallmark symptoms of Southern Blight caused by Sclerotium rolfsii."
Southern_Blight,Bugwood_63.jpg,yes,stem,skipped,"The image shows classic Southern Blight symptoms: white cottony mycelium of Sclerotium rolfsii covering the stem base and crown area; along with small white to tan sclerotia visible among the mycelial growth."
Southern_Blight,Bugwood_47.jpg,yes,stem,skipped,"The image shows a tomato plant stem at the soil line with white mycelial growth and crown rot characteristic of Southern Blight caused by Sclerotium rolfsii; along with wilted/dead foliage consistent with this disease."
Southern_Blight,Bugwood_50.jpg,no,whole_plant,rejected,"The image shows widespread wilting and yellowing of chili pepper plants more consistent with a vascular wilt disease (such as Phytophthora blight or Fusarium wilt) rather than Southern Blight; which typically presents with white mycelial growth and sclerotia at the stem base."
Southern_Blight,Bugwood_20.jpg,yes,stem,skipped,"The image shows a stem with white mycelial growth and characteristic tan to orange-brown sclerotia (mustard seed-like bodies) on the surface; which are hallmark signs of Southern Blight caused by Sclerotium rolfsii."
Southern_Blight,Bugwood_70.jpg,yes,root,skipped,"The image shows white mycelial growth and tan-to-brown sclerotia (mustard seed-like bodies) at the crown/root area of a dead plant; which are classic signs of Southern Blight caused by Sclerotium rolfsii."
Southern_Blight,Bugwood_59.jpg,yes,root,skipped,"The image shows a pulled peanut plant with severely rotted; dead roots and stem base consistent with Southern Blight (Sclerotium rolfsii); which causes crown and root rot leading to plant collapse and death."
Southern_Blight,Bugwood_44.jpg,yes,stem,skipped,"The image shows white mycelial growth and sclerotia on a stem node; which are characteristic signs of Southern Blight caused by Sclerotium rolfsii."
Southern_Blight,Bugwood_39.jpg,yes,stem,skipped,"The image shows white mycelial growth and sclerotia on the lower stem/crown area with root rot; which are classic symptoms of Southern Blight caused by Sclerotium rolfsii."
Southern_Blight,Bugwood_9.jpg,yes,stem,skipped,"The image shows white mycelial growth (cottony fungal hyphae) on a stem with associated sclerotia-like granular material; which is characteristic of Southern Blight caused by Sclerotium rolfsii."
Southern_Blight,Bugwood_67.jpg,yes,stem,skipped,"The stem shows white mycelial growth and tan/brown sclerotia-like granular coating characteristic of Southern Blight caused by Sclerotium rolfsii."
Southern_Blight,Bugwood_62.jpg,yes,stem,skipped,"The image shows a split stem with white mycelial growth and tan/brown sclerotia-like structures characteristic of Southern Blight caused by Sclerotium rolfsii."
Southern_Blight,Bugwood_10.jpg,yes,stem,skipped,"The image shows a plant stem with white mycelial growth and characteristic small; round; tan-to-orange sclerotia (mustard seed-like structures) typical of Southern Blight caused by Sclerotium rolfsii."
Southern_Blight,Bugwood_11.jpg,yes,root,skipped,"The image shows white mycelial growth and tan/brown sclerotia at the crown and root area; which are classic signs of Southern Blight caused by Sclerotium rolfsii."
Southern_Blight,Bugwood_34.jpg,yes,stem,skipped,"The image shows a stem with white mycelial growth; brown discoloration; and small sclerotia characteristic of Southern Blight caused by Sclerotium rolfsii."
Southern_Blight,Bugwood_43.jpg,yes,stem,skipped,"The image shows white mycelial growth (sclerotia and cottony mycelium of Sclerotium rolfsii) at the stem base and root crown; which is the hallmark symptom of Southern Blight."
Southern_Blight,Bugwood_14.jpg,yes,stem,skipped,"The image shows a stem cross-section with white mycelial growth (characteristic of Sclerotium rolfsii) and brown internal rot consistent with Southern Blight infection."
Southern_Blight,Bugwood_40.jpg,yes,stem,skipped,"The image shows a stem with white mycelial growth and dark sclerotia characteristic of Southern Blight caused by Sclerotium rolfsii; which typically manifests as white cottony fungal growth with mustard-seed-sized sclerotia at the soil line on infected stems."
Southern_Blight,Bugwood_61.jpg,yes,stem,skipped,"The image shows a tomato plant with white mycelial growth and lesions at the stem base near the soil line; which is characteristic of Southern Blight caused by Sclerotium rolfsii; along with wilted foliage and root deterioration consistent with this disease."
Southern_Blight,Bugwood_52.jpg,yes,stem,skipped,"The image shows a split stem with white mycelial growth and tan/brown sclerotia-like bodies characteristic of Southern Blight caused by Sclerotium rolfsii."
Southern_Blight,Bugwood_49.jpg,yes,stem,skipped,"The image shows white mycelial growth and sclerotia characteristic of Southern Blight (Sclerotium rolfsii) on the stem and crown area of the plant near the soil line."
Southern_Blight,Bugwood_21.jpg,yes,stem,skipped,"The stem shows white mycelial growth and tan sclerotia-like granular material coating the surface; which are classic signs of Southern Blight caused by Sclerotium rolfsii."
Southern_Blight,Bugwood_25.jpg,yes,whole_plant,skipped,"The uprooted tomato plant shows wilting; blighted foliage; and a white mycelial growth visible at the stem base near the soil line; which are characteristic symptoms of Southern Blight caused by Sclerotium rolfsii."
Southern_Blight,Bugwood_35.jpg,yes,whole_plant,skipped,"The image shows a tomato plant in the center with severe wilting and collapse of the entire plant; which is consistent with Southern Blight (Sclerotium rolfsii) causing sudden wilt and death of the whole plant while neighboring plants remain healthy."
Southern_Blight,Bugwood_38.jpg,yes,stem,skipped,"The image shows classic Southern Blight (Sclerotium rolfsii) symptoms including white mycelial growth and numerous sclerotia (small round bodies ranging from white/tan to dark brown) on the infected stem at the soil line."
Southern_Blight,Bugwood_41.jpg,yes,root,skipped,"The image shows dense white mycelial growth with small sclerotia (mustard-seed-like bodies) on the stem base and roots; which are classic diagnostic signs of Southern Blight caused by Sclerotium rolfsii."
Southern_Blight,Bugwood_12.jpg,yes,whole_plant,skipped,"The image shows a tomato plant with collapsed; wilted; and desiccated stems and foliage at the soil line; consistent with Southern Blight (Sclerotium rolfsii) which causes crown and stem rot leading to rapid plant collapse and death."
Southern_Blight,Bugwood_22.jpg,yes,stem,skipped,"The image shows sclerotia (small; round; tan-to-brown fungal structures) on what appears to be infected plant tissue with white mycelial growth; which are characteristic signs of Southern Blight caused by Sclerotium rolfsii."
Target_Spot,CDDM_1036.jpg,no,leaf,rejected,"The leaf appears dark green and wrinkled/curled but shows no visible brown lesions; concentric ring patterns; or other characteristic target spot symptoms described in the disease profile."
Target_Spot,CDDM_1035.jpg,no,leaf,rejected,"The leaf appears largely healthy and green with only minor blemishes; lacking the characteristic dark brown pinpoint lesions; concentric ring patterns; or light brown/gray centers described for Target Spot disease."
Target_Spot,CDDM_1080.jpg,no,leaf,rejected,"The leaf shows physical holes/damage (likely from insect feeding) and appears generally healthy green without the characteristic dark brown lesions with light centers and concentric rings that define Target Spot disease."
Target_Spot,CDDM_1006.jpg,no,leaf,rejected,"The leaves appear uniformly dark green and healthy without any visible lesions; spots; concentric rings; chlorosis; or other symptoms characteristic of Target Spot disease."
Target_Spot,CDDM_1057.jpg,yes,leaf,ref,"The leaf shows small dark brown spots scattered across the green surface; consistent with early-stage Target Spot lesions caused by Corynespora cassiicola; which typically begin as dark pinpoint spots on foliar tissue."
Target_Spot,CDDM_1043.jpg,no,leaf,rejected,"The leaf appears uniformly green and healthy with no visible lesions; dark brown spots; concentric rings; or any other symptoms consistent with Target Spot disease."
Target_Spot,CDDM_10.jpg,no,leaf,rejected,"The leaves shown appear healthy and green without any visible lesions; dark brown spots; concentric rings; or chlorosis characteristic of Target Spot disease."
Target_Spot,CDDM_1061.jpg,yes,leaf,ref,"The leaf shows small dark brown lesions with lighter centers consistent with early target spot symptoms described as dark brown pinpoint spots enlarging with concentric ring patterns."
Target_Spot,CDDM_1011.jpg,no,leaf,rejected,"The leaf appears uniformly dark green without the characteristic dark brown pinpoint lesions; concentric rings; light brown to gray centers; or surrounding chlorosis that are diagnostic of Target Spot disease."
Target_Spot,CDDM_1069.jpg,no,leaf,rejected,"The leaf appears uniformly dark green without any visible lesions; dark brown pinpoint spots; concentric rings; or yellowing that would be characteristic of Target Spot disease."
Target_Spot,CDDM_1064.jpg,no,leaf,rejected,"The leaf appears uniformly green and healthy with no visible lesions; dark brown spots; concentric rings; or chlorosis consistent with Target Spot disease symptoms."
Target_Spot,CDDM_1007.jpg,no,leaf,rejected,"The leaf shows a generalized darkening and possible powdery/downy mildew-like discoloration across the surface without the characteristic dark brown pinpoint lesions; concentric ring patterns; or light brown to gray centered spots described for Target Spot."
Target_Spot,CDDM_1048.jpg,no,leaf,rejected,"The leaf appears uniformly dark green without visible lesions; dark brown pinpoint spots; concentric ring patterns; or yellowing that would indicate Target Spot disease."
Target_Spot,CDDM_1049.jpg,yes,leaf,ref,"The leaf shows dark brown lesions with light centers and concentric ring patterns characteristic of Target Spot (Corynespora cassiicola); consistent with the described symptoms of enlarging spots with ring patterns on foliar tissue."
Target_Spot,CDDM_1063.jpg,no,leaf,rejected,"The leaf appears largely healthy and dark green without the characteristic dark brown pinpoint lesions; concentric ring patterns; or light brown/gray centered spots described for Target Spot disease."
Target_Spot,CDDM_1039.jpg,no,leaf,rejected,"The leaf appears generally healthy and dark green without the characteristic dark brown pinpoint lesions; concentric ring patterns; or chlorosis associated with Target Spot disease."
Target_Spot,CDDM_1041.jpg,no,leaf,rejected,"The leaf appears uniformly coated with a white powdery substance consistent with powdery mildew; lacking the characteristic dark brown pinpoint lesions with light brown/gray centers and concentric rings described for Target Spot."
Target_Spot,CDDM_1081.jpg,no,leaf,rejected,"The leaf appears uniformly dark green without visible lesions; pinpoint spots; concentric rings; or any of the characteristic Target Spot symptoms described."
Target_Spot,CDDM_1067.jpg,no,leaf,rejected,"The leaf appears uniformly green and healthy with no visible lesions; dark spots; concentric rings; chlorosis; or other symptoms consistent with Target Spot disease."
Target_Spot,CDDM_1031.jpg,no,leaf,rejected,"The leaf appears uniformly green without the characteristic dark brown pinpoint lesions; concentric rings; or light brown/gray centers associated with Target Spot disease."
Target_Spot,CDDM_1025.jpg,no,leaf,rejected,"The leaf appears uniformly dark green with a wrinkled/rugose texture but shows no visible lesions; brown spots; concentric ring patterns; or chlorosis characteristic of Target Spot disease."
Target_Spot,CDDM_1017.jpg,no,leaf,rejected,"The leaf shows a whitish powdery coating consistent with powdery mildew rather than the dark brown lesions with concentric rings and light gray centers characteristic of Target Spot."
Target_Spot,CDDM_1027.jpg,no,leaf,rejected,"The leaf appears uniformly dark green with only very minor surface marks and no visible target spot lesions with concentric rings; light brown/gray centers; or surrounding yellowing characteristic of Target Spot disease."
Target_Spot,CDDM_1085.jpg,no,leaf,rejected,"The leaf appears uniformly dark green without visible lesions; concentric ring patterns; yellowing; or any other symptoms characteristic of Target Spot disease."
Target_Spot,CDDM_1070.jpg,no,leaf,rejected,"The leaf appears uniformly dark green without visible lesions; concentric ring patterns; brown spots; or any other symptoms characteristic of Target Spot disease."
Target_Spot,CDDM_1042.jpg,no,leaf,rejected,"The leaf appears uniformly dark green without visible lesions showing the characteristic dark brown pinpoint spots; concentric rings; or light brown to gray centers described for Target Spot disease."
Target_Spot,CDDM_1073.jpg,no,leaf,rejected,"The leaf appears dark green and healthy with no visible lesions; concentric rings; necrotic spots; or chlorosis characteristic of Target Spot disease."
Target_Spot,CDDM_1021.jpg,no,leaf,rejected,"The leaf shows only minor small holes and minimal discoloration without the characteristic dark brown lesions with light brown/gray centers and concentric rings that define Target Spot disease."
Target_Spot,CDDM_1077.jpg,no,leaf,rejected,"The leaf appears uniformly green and healthy without the characteristic dark brown pinpoint lesions; concentric ring patterns; or chlorosis associated with Target Spot disease."
Target_Spot,CDDM_1028.jpg,no,leaf,rejected,"The leaf appears uniformly dark green without visible lesions showing the characteristic dark brown pinpoint spots; concentric rings; or light gray centers associated with Target Spot disease."
Target_Spot,CDDM_1005.jpg,no,leaf,rejected,"The leaf shows only minor small holes and no visible lesions with the characteristic dark brown pinpoint spots; concentric rings; or light brown/gray centers described for Target Spot disease."
Target_Spot,CDDM_1040.jpg,no,leaf,rejected,"The leaf appears uniformly dark green and healthy with no visible lesions; dark brown pinpoint spots; concentric rings; or other symptoms consistent with Target Spot disease."
Target_Spot,CDDM_1051.jpg,no,leaf,rejected,"The leaf appears uniformly dark green with no visible lesions; concentric ring patterns; brown spots; or other symptoms characteristic of Target Spot disease."
Target_Spot,CDDM_1055.jpg,no,leaf,rejected,"The leaves shown appear healthy and uniformly green without the characteristic dark brown pinpoint lesions; concentric ring patterns; or chlorosis associated with Target Spot disease."
Target_Spot,CDDM_1065.jpg,no,leaf,rejected,"The leaf appears uniformly dark green without any visible lesions; spots; concentric rings; chlorosis; or other symptoms consistent with Target Spot disease."
Target_Spot,CDDM_1038.jpg,no,leaf,rejected,"The leaf appears uniformly green without visible dark brown pinpoint lesions; concentric ring patterns; gray centers; or surrounding chlorosis that are characteristic of Target Spot disease."
Target_Spot,CDDM_1087.jpg,no,leaf,rejected,"The leaf shows a powdery; dusty green surface texture consistent with powdery mildew or mite damage; with only minor yellowing; but lacks the characteristic dark brown pinpoint lesions; concentric ring patterns; or gray-centered spots described for Target Spot disease."
Target_Spot,CDDM_1045.jpg,no,leaf,rejected,"The leaf shows a dusty; bronzed or stippled surface texture more consistent with spider mite damage or powdery mildew rather than the dark brown pinpoint lesions with concentric rings characteristic of Target Spot."
Target_Spot,CDDM_1075.jpg,no,leaf,rejected,"The leaf appears uniformly dark green and healthy with no visible lesions; spots; chlorosis; or concentric ring patterns consistent with Target Spot disease."
Target_Spot,CDDM_1009.jpg,no,leaf,rejected,"The leaf appears uniformly dark green without visible lesions showing the characteristic dark brown pinpoint spots; light brown to gray centers; or concentric ring patterns associated with Target Spot disease."
Target_Spot,CDDM_1030.jpg,no,leaf,rejected,"The leaf appears dark green with minor marginal browning but lacks the characteristic dark brown pinpoint lesions with light brown/gray centers and concentric ring patterns diagnostic of Target Spot."
Target_Spot,CDDM_1019.jpg,no,leaf,rejected,"The leaf appears uniformly green without the characteristic dark brown pinpoint spots; concentric ring lesions; or yellowing associated with Target Spot disease."
Target_Spot,CDDM_1033.jpg,no,leaf,rejected,"The leaf appears uniformly dark green without the characteristic dark brown pinpoint lesions; concentric ring patterns; or light brown/gray centers associated with Target Spot disease."
Target_Spot,CDDM_1034.jpg,no,leaf,rejected,"The leaf appears uniformly dark green without the characteristic dark brown pinpoint lesions; light brown to gray centers; concentric rings; or surrounding yellowing typical of Target Spot disease."
Target_Spot,CDDM_1014.jpg,no,leaf,rejected,"The leaf appears largely healthy and green without the characteristic dark brown pinpoint spots; concentric ring lesions; or chlorosis associated with Target Spot disease."
Target_Spot,CDDM_1058.jpg,no,leaf,rejected,"The leaf appears uniformly dark green without the characteristic dark brown pinpoint spots; concentric ring lesions; or light brown/gray centers described for Target Spot disease."
Target_Spot,CDDM_1053.jpg,no,leaf,rejected,"The leaves appear healthy and uniformly green without any visible lesions; dark brown spots; concentric rings; or chlorosis characteristic of Target Spot disease."
Target_Spot,CDDM_1052.jpg,no,leaf,rejected,"The leaf appears uniformly dark green without the characteristic dark brown pinpoint spots; concentric ring lesions; or chlorosis associated with Target Spot disease."
Target_Spot,CDDM_1004.jpg,no,leaf,rejected,"The leaf appears mostly healthy and green with only minor blemishes; lacking the characteristic dark brown pinpoint spots with light brown/gray centers and concentric rings that define Target Spot disease."
Target_Spot,CDDM_1029.jpg,no,leaf,rejected,"The leaf appears uniformly dark green without visible lesions; concentric ring patterns; or any of the characteristic Target Spot symptoms such as brown pinpoint spots; light-centered lesions with dark rings; or surrounding chlorosis."
Target_Spot,CDDM_1088.jpg,yes,leaf,test,"The leaf displays small dark brown spots with lighter centers and concentric ring patterns consistent with target spot lesions as described; distributed across the foliar surface."
Target_Spot,CDDM_104.jpg,no,leaf,rejected,"The leaves appear uniformly green and healthy without the characteristic dark brown pinpoint lesions; concentric rings; or light brown/gray centers associated with Target Spot disease."
Target_Spot,CDDM_100.jpg,yes,leaf,test,"The leaf shows dark brown lesions with concentric ring patterns characteristic of Target Spot (Corynespora cassiicola); consistent with the described enlarging spots with dark outer rings on foliar tissue."
Target_Spot,CDDM_1044.jpg,no,leaf,rejected,"The leaves appear uniformly green and healthy with no visible lesions; dark brown spots; concentric rings; or chlorosis consistent with Target Spot disease."
Target_Spot,CDDM_1012.jpg,no,leaf,rejected,"The leaf appears uniformly dark green and healthy with no visible lesions; dark brown spots; concentric rings; or any other symptoms consistent with Target Spot disease."
Target_Spot,CDDM_1032.jpg,no,leaf,rejected,"The leaf appears uniformly dark green without visible lesions; concentric ring patterns; or necrotic spots characteristic of Target Spot disease."
Target_Spot,CDDM_1050.jpg,yes,leaf,test,"The leaf shows multiple dark brown lesions with lighter centers and darker concentric rings characteristic of Target Spot disease; consistent with the described symptoms of enlarging spots with ring patterns on foliar tissue."
Target_Spot,CDDM_106.jpg,yes,leaf,test,"The leaf shows small dark brown pinpoint spots consistent with early-stage Target Spot lesions caused by Corynespora cassiicola; matching the described dark brown spots on foliar tissue."
Target_Spot,CDDM_1018.jpg,yes,leaf,test,"The leaf shows small dark brown spots scattered across the surface consistent with early Target Spot lesions caused by Corynespora cassiicola; matching the described pinpoint to enlarging dark brown spots on foliar tissue."
Target_Spot,CDDM_1054.jpg,no,leaf,rejected,"The leaf appears uniformly dark green without the characteristic dark brown pinpoint spots; concentric ring lesions; or light brown to gray centers described for Target Spot disease."
Target_Spot,CDDM_102.jpg,no,leaf,rejected,"The leaf shows general reddish-purple discoloration and distortion but lacks the characteristic dark brown pinpoint lesions with light brown/gray centers and dark concentric rings that define Target Spot disease."
Target_Spot,CDDM_1002.jpg,no,leaf,rejected,"The leaf appears uniformly dark green without the characteristic dark brown pinpoint spots; concentric ring lesions; or light brown to gray centers associated with Target Spot disease."
Target_Spot,CDDM_1003.jpg,no,leaf,rejected,"The leaf appears uniformly green without the characteristic dark brown pinpoint lesions; concentric rings; or light brown to gray centers that are diagnostic of Target Spot disease."
Target_Spot,CDDM_1059.jpg,yes,leaf,skipped,"The leaf shows small dark brown lesions with lighter centers that are consistent with early-stage target spot symptoms as described; including pinpoint to slightly enlarged spots scattered across the leaf surface."
Target_Spot,CDDM_1072.jpg,no,leaf,rejected,"The leaf appears predominantly pale/bleached with a washed-out; light green-white discoloration rather than showing the characteristic dark brown pinpoint lesions with concentric rings and light brown-to-gray centers typical of Target Spot disease."
Target_Spot,CDDM_1015.jpg,no,leaf,rejected,"The leaf appears uniformly dark green and healthy with no visible lesions; dark brown spots; concentric rings; or yellowing that would be consistent with Target Spot disease symptoms."
Target_Spot,CDDM_107.jpg,yes,leaf,skipped,"The leaves display small dark brown lesions with lighter centers consistent with target spot symptoms; and the disease appears to be progressing across the leaf surface as described."
Target_Spot,CDDM_1037.jpg,no,leaf,rejected,"The leaf appears mostly healthy and green with only minor surface blemishes; lacking the characteristic dark brown pinpoint spots with light brown/gray centers and concentric ring patterns that define Target Spot disease."
Target_Spot,CDDM_108.jpg,no,leaf,rejected,"The leaf appears uniformly dark green without any visible lesions; spots; concentric rings; or chlorosis that would be consistent with Target Spot disease symptoms."
Target_Spot,CDDM_1016.jpg,no,leaf,rejected,"The leaf appears uniformly dark green and dusty but lacks the characteristic dark brown pinpoint spots; concentric ring lesions; or light gray centers described for Target Spot disease."
Target_Spot,CDDM_1.jpg,no,leaf,rejected,"The leaf appears largely healthy and dark green without the characteristic dark brown pinpoint lesions; concentric ring patterns; or yellowing (chlorosis) associated with Target Spot disease."
Target_Spot,CDDM_1084.jpg,no,leaf,rejected,"The leaf appears uniformly dark green without the characteristic dark brown pinpoint spots; concentric ring lesions; or light brown/gray centers with surrounding chlorosis that are hallmarks of Target Spot disease."
Target_Spot,CDDM_105.jpg,yes,leaf,skipped,"The leaf displays small dark brown lesions consistent with early-stage target spot symptoms; where pinpoint spots are visible on the green leaf surface as described for this disease."
Target_Spot,CDDM_1082.jpg,no,leaf,rejected,"The leaf appears largely healthy and green without the characteristic dark brown pinpoint lesions; concentric ring patterns; or light brown/gray centers described for Target Spot disease."
Target_Spot,CDDM_1046.jpg,no,leaf,rejected,"The leaf appears uniformly dark green without the characteristic dark brown pinpoint spots; concentric ring lesions; or surrounding chlorosis that are hallmark symptoms of Target Spot disease."
Target_Spot,CDDM_1079.jpg,no,leaf,rejected,"The leaf appears uniformly dark green without visible lesions; concentric rings; yellowing; or any of the characteristic Target Spot symptoms described."
Target_Spot,CDDM_1020.jpg,no,leaf,rejected,"The leaf shows a wrinkled; puckered texture with mosaic-like discoloration and distortion consistent with a viral or nutrient disorder; but lacks the characteristic dark brown pinpoint spots; concentric ring lesions; or light gray centers typical of Target Spot disease."
Target_Spot,CDDM_1062.jpg,no,leaf,rejected,"The leaf appears uniformly dark green without visible lesions; pinpoint spots; concentric rings; or any other Target Spot symptoms described in the disease profile."
Target_Spot,CDDM_1074.jpg,no,leaf,rejected,"The leaf appears uniformly green and healthy with no visible lesions; dark brown spots; concentric rings; or other symptoms consistent with Target Spot disease."
Target_Spot,CDDM_1068.jpg,no,leaf,rejected,"The leaf appears uniformly green and healthy without the characteristic dark brown pinpoint lesions; concentric rings; or light gray centers associated with Target Spot disease."
Target_Spot,CDDM_1056.jpg,no,leaf,rejected,"The leaf appears uniformly dark green without the characteristic dark brown pinpoint lesions; concentric ring patterns; or light brown/gray centers described for Target Spot disease."
Target_Spot,CDDM_1024.jpg,no,leaf,rejected,"The leaf appears largely healthy and green without the characteristic dark brown pinpoint lesions; concentric ring patterns; or yellowing/chlorosis that are hallmark symptoms of Target Spot disease."
Target_Spot,CDDM_1022.jpg,no,leaf,rejected,"The leaf shows general dark green discoloration and curling/distortion but lacks the characteristic dark brown pinpoint lesions with concentric rings and light gray centers that are diagnostic of Target Spot disease."
Target_Spot,CDDM_1078.jpg,no,leaf,rejected,"The leaf appears dark green and wrinkled but lacks the characteristic dark brown lesions with light brown to gray centers and concentric rings (target spot symptoms) that define Target_Spot disease."
Target_Spot,CDDM_1086.jpg,no,leaf,rejected,"The leaves appear uniformly dark green and healthy without visible lesions; concentric ring patterns; or any of the characteristic Target Spot symptoms described such as dark brown pinpoint spots; light brown to gray centers; or surrounding chlorosis."
Target_Spot,CDDM_1001.jpg,no,leaf,rejected,"The leaf appears largely green and healthy without the characteristic dark brown pinpoint lesions; concentric ring patterns; or light gray centers with surrounding chlorosis that are hallmark symptoms of Target Spot disease."
Target_Spot,CDDM_1047.jpg,no,leaf,rejected,"The leaf appears uniformly dark green without visible lesions; dark brown pinpoint spots; concentric rings; or any of the characteristic Target Spot symptoms described."
Target_Spot,CDDM_1066.jpg,no,leaf,rejected,"The leaf appears healthy and green with no visible lesions; dark brown spots; concentric rings; or other symptoms consistent with Target Spot disease."
Target_Spot,CDDM_1008.jpg,yes,leaf,skipped,"The leaf shows small dark brown spots with lighter centers consistent with the early stages of Target Spot lesions as described; scattered across the leaf surface."
Target_Spot,CDDM_1060.jpg,no,leaf,rejected,"The leaf appears largely healthy and dark green without the characteristic dark brown pinpoint lesions; concentric ring patterns; or surrounding chlorosis associated with Target Spot disease."
Target_Spot,CDDM_1076.jpg,yes,leaf,skipped,"The leaf shows small dark brown spots scattered across the surface that are consistent with the early pinpoint lesion stage of Target Spot; though concentric ring patterns are not prominently developed; the overall symptom presentation aligns with the disease description."
Target_Spot,CDDM_101.jpg,no,leaf,rejected,"The leaf appears uniformly dark green without visible lesions; concentric ring patterns; brown spots; or chlorosis characteristic of Target Spot disease."
Target_Spot,CDDM_1013.jpg,no,leaf,rejected,"The leaf shows a whitish; powdery or bleached discoloration pattern without the characteristic dark brown pinpoint lesions; concentric rings; or light brown/gray centered spots described for Target Spot disease."
Target_Spot,CDDM_1023.jpg,no,leaf,rejected,"The leaf appears uniformly green and healthy without the characteristic dark brown pinpoint spots; concentric ring lesions; or chlorosis associated with Target Spot disease."
Target_Spot,CDDM_1026.jpg,no,leaf,rejected,"The leaf appears uniformly dark green without the characteristic dark brown pinpoint lesions; concentric ring patterns; or light brown/gray centers that are diagnostic of Target Spot disease."
Target_Spot,CDDM_103.jpg,yes,leaf,skipped,"The leaf shows small yellowish-brown lesions with some concentric patterning consistent with early-stage target spot symptoms; matching the described dark pinpoint spots enlarging with lighter centers on foliar tissue."
Target_Spot,CDDM_1083.jpg,no,leaf,rejected,"The leaf appears uniformly green and healthy with no visible lesions; spots; concentric rings; or chlorosis consistent with Target Spot disease symptoms."
Target_Spot,CDDM_1000.jpg,no,leaf,rejected,"The leaf appears mostly healthy and uniformly green without the characteristic dark brown pinpoint lesions; concentric rings; or light-centered spots with dark borders that are diagnostic of Target Spot disease."
Target_Spot,CDDM_1010.jpg,yes,leaf,skipped,"The leaf shows small brown lesions with darker borders consistent with early target spot symptoms; along with a slightly dusty/mottled appearance on the green leaf surface."
Target_Spot,CDDM_1071.jpg,no,leaf,rejected,"The leaf appears healthy and uniformly green without any visible dark brown pinpoint spots; lesions; concentric rings; or chlorosis that would be characteristic of Target Spot disease."
Tomato_Spotted_Wilt_Virus,Bugwood_137.jpg,yes,pod,ref,"The red bell pepper fruit displays characteristic ring spots; concentric lesions; and irregular yellow-orange mottled patterns consistent with Tomato Spotted Wilt Virus (TSWV) infection on pepper fruit."
Tomato_Spotted_Wilt_Virus,Bugwood_136.jpg,yes,whole_plant,ref,"The pepper plants display characteristic Tomato Spotted Wilt Virus symptoms including leaf distortion; chlorotic mottling; bronzing; necrotic spots; and stunted growing tips consistent with TSWV infection."
Tomato_Spotted_Wilt_Virus,Bugwood_181.jpg,yes,leaf,ref,"The leaf displays characteristic concentric ring spots and chlorotic ring patterns with necrotic flecking; which are classic symptoms of Tomato Spotted Wilt Virus (TSWV) infection."
Tomato_Spotted_Wilt_Virus,Bugwood_107.jpg,yes,leaf,ref,"The leaves display mosaic mottling; chlorotic patches; distortion; and necrotic lesions consistent with Tomato Spotted Wilt Virus (TSWV) infection; along with what appear to be thrips (the primary vector) visible on the leaf surface."
Tomato_Spotted_Wilt_Virus,Bugwood_158.jpg,yes,leaf,ref,"The leaf displays characteristic concentric ring spots and chlorotic ring patterns typical of Tomato Spotted Wilt Virus (TSWV) infection; which is known to cause distinctive ringspot and bronzing symptoms on foliage."
Tomato_Spotted_Wilt_Virus,Bugwood_144.jpg,yes,whole_plant,ref,"The plant displays characteristic Tomato Spotted Wilt Virus symptoms including leaf curling; distortion; bronzing/mottling; and stunted rosette-like growth consistent with tospovirus infection."
Tomato_Spotted_Wilt_Virus,Bugwood_10.jpg,yes,leaf,test,"The tomato leaf displays characteristic TSWV symptoms including dark purple/necrotic spots; bronzing discoloration; and irregular necrotic lesions scattered across the leaf surface; which are hallmark signs of Tomato Spotted Wilt Virus infection."
Tomato_Spotted_Wilt_Virus,Bugwood_162.jpg,yes,whole_plant,ref,"The field shows stunted; distorted potato plants with uneven growth and some collapsed/wilted individuals; which is consistent with Tomato Spotted Wilt Virus causing systemic infection and variable plant stunting across a crop field."
Tomato_Spotted_Wilt_Virus,Bugwood_112.jpg,yes,whole_plant,test,"The tomato plant shows characteristic Tomato Spotted Wilt Virus symptoms including dark bronzing/necrotic lesions on leaves; leaf curling; distortion; and blackened necrotic areas on foliage consistent with TSWV infection."
Tomato_Spotted_Wilt_Virus,Bugwood_17.jpg,yes,leaf,test,"The tomato leaves display characteristic Tomato Spotted Wilt Virus symptoms including dark purple-black necrotic spots; bronzing; and distortion consistent with TSWV infection."
Tomato_Spotted_Wilt_Virus,Bugwood_165.jpg,yes,pod,ref,"The green tomato fruit displays characteristic dark; necrotic lesions and ring-spot patterns consistent with Tomato Spotted Wilt Virus (TSWV) infection on fruit."
Tomato_Spotted_Wilt_Virus,Bugwood_108.jpg,yes,leaf,test,"The leaf displays bronzing; necrotic spots; and distortion characteristic of Tomato Spotted Wilt Virus (TSWV) infection on tomato foliage."
Tomato_Spotted_Wilt_Virus,Bugwood_149.jpg,yes,leaf,test,"The leaf shows characteristic TSWV symptoms including necrotic brown spots/lesions; bronzing; and distortion/blistering of the leaf surface consistent with Tomato Spotted Wilt Virus infection."
Tomato_Spotted_Wilt_Virus,Bugwood_15.jpg,yes,leaf,skipped,"The leaf displays characteristic ringspot and mosaic patterns with concentric circular chlorotic rings and mottling typical of Tomato Spotted Wilt Virus (TSWV) infection."
Tomato_Spotted_Wilt_Virus,Bugwood_164.jpg,yes,whole_plant,skipped,"The stunted; severely dwarfed tomato plant in the center surrounded by healthy plants is consistent with Tomato Spotted Wilt Virus infection; which causes severe stunting; wilting; and abnormal growth patterns visible at the whole-plant level."
Tomato_Spotted_Wilt_Virus,Bugwood_14.jpg,yes,whole_plant,skipped,"The tomato plant on the left shows wilting; stunting; and leaf curling/distortion consistent with Tomato Spotted Wilt Virus infection; contrasted against a healthier-looking plant on the right."
Tomato_Spotted_Wilt_Virus,Bugwood_142.jpg,yes,pod,ref,"The red bell pepper fruit displays characteristic concentric ring spots and mottled discoloration patterns on its surface; which are classic symptoms of Tomato Spotted Wilt Virus (TSWV) infection on pepper fruit."
Tomato_Spotted_Wilt_Virus,Bugwood_182.jpg,yes,leaf,skipped,"The tomato leaf displays characteristic TSWV symptoms including dark necrotic ring spots; bronzing; and concentric lesion patterns typical of Tomato Spotted Wilt Virus infection."
Tomato_Spotted_Wilt_Virus,Bugwood_168.jpg,yes,leaf,skipped,"The leaf displays characteristic concentric ring spots and necrotic lesions with irregular chlorotic patterns; which are hallmark symptoms of Tomato Spotted Wilt Virus (TSWV) infection."
Tomato_Spotted_Wilt_Virus,Bugwood_132.jpg,yes,seed,ref,"The tomatoes display irregular mottled; blotchy discoloration with yellow-orange and red patches on the fruit surface; which are characteristic symptoms of Tomato Spotted Wilt Virus (TSWV) infection on tomato fruits."
Tomato_Spotted_Wilt_Virus,Bugwood_126.jpg,yes,pod,skipped,"The tomato fruit displays characteristic irregular orange; red; and pale/white blotchy mottling and discoloration patterns consistent with Tomato Spotted Wilt Virus (TSWV) infection on fruit."
Tomato_Spotted_Wilt_Virus,Bugwood_118.jpg,yes,whole_plant,skipped,"The field shows pepper plants with wilting; drooping foliage; and yellowing consistent with Tomato Spotted Wilt Virus (TSWV); which commonly causes wilting and collapse of infected plants across entire fields."
Tomato_Spotted_Wilt_Virus,Bugwood_128.jpg,yes,stem,ref,"The stem shows dark necrotic streaking and lesions along its length; which are characteristic symptoms of Tomato Spotted Wilt Virus (TSWV) stem infection."
Tomato_Spotted_Wilt_Virus,Bugwood_186.jpg,yes,whole_plant,skipped,"The tomato plants display characteristic Tomato Spotted Wilt Virus symptoms including severe leaf curling; distortion; wilting; and overall stunted/collapsed plant appearance consistent with TSWV infection."
Tomato_Spotted_Wilt_Virus,Bugwood_171.jpg,yes,pod,skipped,"The green tomato fruits display characteristic Tomato Spotted Wilt Virus symptoms including necrotic brown lesions; ring-like spots; and irregular dark necrotic patches on the fruit surface; consistent with TSWV infection."
Tomato_Spotted_Wilt_Virus,Bugwood_143.jpg,yes,stem,ref,"The stem shows dark brown to grayish streaking and necrotic lesions along the internodes; which are characteristic symptoms of Tomato Spotted Wilt Virus (TSWV) infection on stems."
Tomato_Spotted_Wilt_Virus,Bugwood_174.jpg,yes,pod,skipped,"The green tomato fruits display characteristic Tomato Spotted Wilt Virus symptoms including necrotic ring spots; surface distortion; and bronzing/brown lesions on the fruit surface."
Tomato_Spotted_Wilt_Virus,Bugwood_122.jpg,yes,pod,skipped,"The green tomato fruit displays characteristic concentric ring patterns and mottled discoloration on the surface; which are classic symptoms of Tomato Spotted Wilt Virus (TSWV) infection on fruit."
Tomato_Spotted_Wilt_Virus,Bugwood_178.jpg,yes,leaf,skipped,"The tomato leaves show characteristic TSWV symptoms including dark necrotic streaking along veins; bronzing; and leaf distortion/necrosis on smaller leaflets; consistent with Tomato Spotted Wilt Virus infection."
Tomato_Spotted_Wilt_Virus,Bugwood_129.jpg,yes,pod,skipped,"The pepper fruit displays characteristic uneven mottled color patterns and surface streaking/blotching consistent with Tomato Spotted Wilt Virus infection on pepper fruit."
Tomato_Spotted_Wilt_Virus,Bugwood_106.jpg,yes,seed,ref,"The tomatoes display irregular blotchy mottling with yellow; orange; and red discoloration patterns on the fruit surface; which are characteristic symptoms of Tomato Spotted Wilt Virus (TSWV) infection on tomato fruit."
Tomato_Spotted_Wilt_Virus,Bugwood_141.jpg,yes,seed,ref,"The tomatoes display characteristic Tomato Spotted Wilt Virus symptoms including irregular yellow-orange mottling; ringspot patterns; and blotchy discoloration on the fruit surface; which are hallmark signs of TSWV infection."
Tomato_Spotted_Wilt_Virus,Bugwood_152.jpg,yes,pod,skipped,"The tomato fruit displays characteristic uneven ripening with yellow/pale blotchy discoloration and mottled patterns on the red fruit surface; which are classic symptoms of Tomato Spotted Wilt Virus (TSWV) infection on fruit."
Tomato_Spotted_Wilt_Virus,Bugwood_156.jpg,yes,leaf,skipped,"The leaf displays characteristic Tomato Spotted Wilt Virus symptoms including concentric ring patterns; chlorotic ring spots; and necrotic lesions typical of TSWV infection on tomato foliage."
Tomato_Spotted_Wilt_Virus,Bugwood_166.jpg,yes,pod,skipped,"The red bell pepper fruit displays characteristic concentric ring spots and necrotic lesions with yellow-orange discoloration typical of Tomato Spotted Wilt Virus (TSWV) infection on pepper fruit."
Tomato_Spotted_Wilt_Virus,Bugwood_139.jpg,yes,leaf,skipped,"The tomato leaves display dark necrotic lesions and spotting consistent with Tomato Spotted Wilt Virus (TSWV); which typically causes brown; necrotic ring spots and irregular lesions on foliage."
Tomato_Spotted_Wilt_Virus,Bugwood_188.jpg,yes,leaf,skipped,"The leaves show characteristic TSWV symptoms including mosaic mottling; chlorotic spots; bronzing; necrotic lesions; and leaf distortion/curling typical of Tomato Spotted Wilt Virus infection."
Tomato_Spotted_Wilt_Virus,Bugwood_146.jpg,yes,pod,skipped,"The tomato fruit displays characteristic TSWV symptoms including necrotic brown spots; ring-like patterns; and surface mottling consistent with Tomato Spotted Wilt Virus infection."
Tomato_Spotted_Wilt_Virus,Bugwood_176.jpg,yes,whole_plant,skipped,"The plant displays classic Tomato Spotted Wilt Virus symptoms including mosaic/mottled chlorosis; leaf distortion; bronzing; and stunted growth with curled foliage consistent with TSWV infection."
Tomato_Spotted_Wilt_Virus,Bugwood_11.jpg,yes,leaf,skipped,"The leaf displays characteristic concentric ring spots and chlorotic mottling patterns typical of Tomato Spotted Wilt Virus (TSWV) infection; along with necrotic lesions consistent with this tospovirus disease."
Tomato_Spotted_Wilt_Virus,Bugwood_131.jpg,yes,leaf,skipped,"The leaves display characteristic Tomato Spotted Wilt Virus symptoms including ringspot patterns; mosaic/mottling discoloration; necrotic lesions; and distorted leaf margins consistent with TSWV infection."
Tomato_Spotted_Wilt_Virus,Bugwood_12.jpg,yes,stem,ref,"The dark; necrotic streaking on the stem and petioles is consistent with Tomato Spotted Wilt Virus; which commonly causes brown-to-black necrotic lesions and streaks on stems and leaf petioles of tomato plants."
Tomato_Spotted_Wilt_Virus,Bugwood_134.jpg,yes,seed,skipped,"The tomatoes display characteristic Tomato Spotted Wilt Virus symptoms including irregular pale/white blotchy ring spots; mottling; and uneven color patterns (yellow-orange streaks mixed with red) on the fruit surface; which are classic TSWV fruit symptoms."
Tomato_Spotted_Wilt_Virus,Bugwood_135.jpg,yes,pod,skipped,"The green tomato fruit displays characteristic Tomato Spotted Wilt Virus symptoms including necrotic brown lesions; ringspot patterns; and surface bronzing/spotting consistent with TSWV infection on fruit."
Tomato_Spotted_Wilt_Virus,Bugwood_115.jpg,yes,leaf,skipped,"The tomato leaf displays characteristic TSWV symptoms including necrotic spots; bronzing; yellowing; and irregular dark lesions scattered across the leaf surface; which are hallmark signs of Tomato Spotted Wilt Virus infection."
Tomato_Spotted_Wilt_Virus,Bugwood_159.jpg,yes,pod,skipped,"The red bell pepper fruit displays characteristic concentric ring spots and mottled yellow-orange lesions typical of Tomato Spotted Wilt Virus (TSWV) infection on pepper fruit."
Tomato_Spotted_Wilt_Virus,Bugwood_154.jpg,yes,whole_plant,skipped,"The stunted; distorted; and chlorotic/necrotic foliage on the smaller potato plants compared to the healthy plant are consistent with Tomato Spotted Wilt Virus symptoms; which commonly cause stunting; leaf curling; and mosaic patterns in solanaceous crops."
Tomato_Spotted_Wilt_Virus,Bugwood_153.jpg,yes,leaf,skipped,"The leaves show mosaic-like mottling; chlorotic patches; distortion; and bronzing consistent with Tomato Spotted Wilt Virus (TSWV) infection on what appears to be potato or tomato foliage."
Tomato_Spotted_Wilt_Virus,Bugwood_105.jpg,yes,stem,skipped,"The stem shows dark streaking and necrotic lesions along the vascular tissue; which are characteristic symptoms of Tomato Spotted Wilt Virus infection on tomato stems."
Tomato_Spotted_Wilt_Virus,Bugwood_13.jpg,yes,leaf,skipped,"The leaves show large; irregular necrotic brown lesions with yellow-green chlorotic halos and tissue collapse; which are characteristic symptoms of Tomato Spotted Wilt Virus (TSWV) infection on tomato foliage."
Tomato_Spotted_Wilt_Virus,Bugwood_189.jpg,yes,leaf,skipped,"The leaf displays characteristic TSWV symptoms including dark brown necrotic lesions with irregular greenish patches (mosaic pattern) and bronzing discoloration; which are hallmark signs of Tomato Spotted Wilt Virus infection."
Tomato_Spotted_Wilt_Virus,Bugwood_140.jpg,yes,pod,skipped,"The tomato fruits display characteristic Tomato Spotted Wilt Virus symptoms including dark necrotic lesions; bronzing; and irregular purplish-brown spots/rings on the green fruit surface."
Tomato_Spotted_Wilt_Virus,Bugwood_100.jpg,yes,pod,skipped,"The red bell pepper fruit displays characteristic concentric ring spots and necrotic lesions with yellow-orange halos typical of Tomato Spotted Wilt Virus (TSWV) infection on pepper fruit."
Tomato_Spotted_Wilt_Virus,Bugwood_145.jpg,yes,pod,skipped,"The tomato fruit displays characteristic TSWV symptoms including concentric ringspot patterns; mottled discoloration; and necrotic spots on the fruit surface; which are hallmark signs of Tomato Spotted Wilt Virus infection."
Tomato_Spotted_Wilt_Virus,Bugwood_113.jpg,yes,whole_plant,skipped,"The plant displays mosaic mottling; chlorotic ring spots; leaf distortion; and bronzing symptoms on the foliage; which are characteristic signs of Tomato Spotted Wilt Virus (TSWV) infection."
Tomato_Spotted_Wilt_Virus,Bugwood_133.jpg,yes,whole_plant,skipped,"The tomato plants show characteristic TSWV symptoms including wilting; bronzing/bleaching of foliage; and necrotic streaking on stems with some plants severely wilted while adjacent plants appear healthier; consistent with the uneven spread pattern of Tomato Spotted Wilt Virus."
Tomato_Spotted_Wilt_Virus,Bugwood_151.jpg,yes,whole_plant,skipped,"The image shows potato plants with stunted growth; wilting; and collapsed/prostrate stems with distorted leaves; which are consistent with Tomato Spotted Wilt Virus causing systemic wilting and plant collapse compared to the healthy plant in the background."
Tomato_Spotted_Wilt_Virus,Bugwood_160.jpg,yes,whole_plant,skipped,"The pepper plant shows characteristic TSWV symptoms including stunted growth; distorted/curled leaves; and necrotic lesions consistent with Tomato Spotted Wilt Virus infection; especially visible on the lower portion of the plant being held."
Tomato_Spotted_Wilt_Virus,Bugwood_119.jpg,yes,leaf,skipped,"The leaves display characteristic mosaic mottling; chlorotic patches; necrotic spots; and distortion/stunting consistent with Tomato Spotted Wilt Virus (TSWV) infection."
Tomato_Spotted_Wilt_Virus,Bugwood_155.jpg,yes,leaf,skipped,"The tomato leaves display dark necrotic spots; bronzing; and mottled discoloration consistent with Tomato Spotted Wilt Virus (TSWV) infection symptoms."
Tomato_Spotted_Wilt_Virus,Bugwood_120.jpg,yes,pod,skipped,"The green bell pepper fruit displays characteristic ring spots and chlorotic lesions consistent with Tomato Spotted Wilt Virus (TSWV) infection on fruit."
Tomato_Spotted_Wilt_Virus,Bugwood_103.jpg,yes,leaf,skipped,"The tomato leaf displays characteristic TSWV symptoms including concentric ring spots; chlorotic mottling; necrotic lesions; and bronze discoloration consistent with Tomato Spotted Wilt Virus infection."
Tomato_Spotted_Wilt_Virus,Bugwood_104.jpg,yes,leaf,skipped,"The leaf displays characteristic Tomato Spotted Wilt Virus symptoms including concentric ring spots; mosaic-like mottling; necrotic lesions; and bronzing/purplish discoloration typical of TSWV infection."
Tomato_Spotted_Wilt_Virus,Bugwood_16.jpg,yes,seed,skipped,"The tomato fruit displays irregular mottled yellow and red blotchy discoloration patterns on the fruit surface; which are characteristic symptoms of Tomato Spotted Wilt Virus (TSWV) infection causing uneven ripening and color patterning."
Tomato_Spotted_Wilt_Virus,Bugwood_173.jpg,yes,whole_plant,skipped,"The pepper plant shows characteristic TSWV symptoms including leaf distortion; bronzing; necrotic spots; and stunted growth with wilting consistent with Tomato Spotted Wilt Virus infection."
Tomato_Spotted_Wilt_Virus,Bugwood_116.jpg,yes,whole_plant,skipped,"The plant displays mosaic mottling; chlorotic spots; leaf distortion; and bronzing on the foliage; which are classic symptoms of Tomato Spotted Wilt Virus (TSWV) infection."
Tomato_Spotted_Wilt_Virus,Bugwood_170.jpg,yes,pod,skipped,"The green tomato fruits display characteristic necrotic ring spots and irregular brown lesions on the fruit surface; which are classic symptoms of Tomato Spotted Wilt Virus (TSWV) infection."
Tomato_Spotted_Wilt_Virus,Bugwood_138.jpg,yes,leaf,skipped,"The leaves display characteristic concentric ring spots and mosaic/ringspot patterns typical of Tomato Spotted Wilt Virus (TSWV) infection."
Tomato_Spotted_Wilt_Virus,Bugwood_180.jpg,yes,leaf,skipped,"The tomato leaves display characteristic Tomato Spotted Wilt Virus symptoms including dark necrotic ring spots; concentric lesions; and bronzing patterns typical of TSWV infection."
Tomato_Spotted_Wilt_Virus,Bugwood_117.jpg,yes,pod,skipped,"The tomato fruit displays characteristic irregular mottled; blotchy discoloration with light and dark patches on the surface; which is consistent with Tomato Spotted Wilt Virus symptoms on fruit."
Tomato_Spotted_Wilt_Virus,Bugwood_1.jpg,yes,pod,skipped,"The red bell pepper fruit displays characteristic concentric ring spots and necrotic lesions with yellow-orange halos typical of Tomato Spotted Wilt Virus (TSWV) infection on pepper fruit."
Tomato_Spotted_Wilt_Virus,Bugwood_185.jpg,yes,stem,skipped,"The image shows a tomato stem with streaking; necrosis; and wilting/browning of lateral shoots; which are characteristic symptoms of Tomato Spotted Wilt Virus (TSWV) stem infection."
Tomato_Spotted_Wilt_Virus,Bugwood_150.jpg,yes,pod,skipped,"The tomatoes display characteristic TSWV symptoms including uneven ripening; yellow-orange mottling; necrotic dark lesions; and white halo spots on the fruit surface consistent with Tomato Spotted Wilt Virus infection."
Tomato_Spotted_Wilt_Virus,Bugwood_183.jpg,yes,leaf,skipped,"The tomato leaves display characteristic Tomato Spotted Wilt Virus symptoms including dark necrotic ringspots; bronzing; and distorted/curled leaf tissue consistent with TSWV infection."
Tomato_Spotted_Wilt_Virus,Bugwood_147.jpg,yes,pod,skipped,"The green tomato fruit displays characteristic concentric ring patterns and bronzing/necrotic streaks on the surface; which are classic symptoms of Tomato Spotted Wilt Virus (TSWV) infection on fruit."
Tomato_Spotted_Wilt_Virus,Bugwood_18.jpg,no,leaf,rejected,"The leaf shows concentric ring-like necrotic lesions more characteristic of a fungal disease such as target spot or brown spot rather than the bronzing; chlorotic ringspots; and necrotic streaking typically associated with Tomato Spotted Wilt Virus."
Tomato_Spotted_Wilt_Virus,Bugwood_121.jpg,yes,leaf,skipped,"The tomato leaves display characteristic bronze/dark necrotic mottling; purplish-black streaking along veins; and leaf curling consistent with Tomato Spotted Wilt Virus (TSWV) infection."
Tomato_Spotted_Wilt_Virus,Bugwood_163.jpg,yes,pod,skipped,"The red bell pepper fruit displays characteristic Tomato Spotted Wilt Virus symptoms including concentric ring spots; chlorotic halos; and necrotic lesions on the fruit surface; which are classic signs of TSWV infection in pepper."
Tomato_Spotted_Wilt_Virus,Bugwood_175.jpg,yes,leaf,skipped,"The leaves display dark necrotic ring spots; bronzing; and irregular dark lesions characteristic of Tomato Spotted Wilt Virus (TSWV) infection."
Tomato_Spotted_Wilt_Virus,Bugwood_169.jpg,yes,leaf,skipped,"The image shows characteristic TSWV symptoms including distorted; crinkled; and stunted apical leaves with chlorotic (yellowing) patches and leaf curling; consistent with Tomato Spotted Wilt Virus infection in pepper plants."
Tomato_Spotted_Wilt_Virus,Bugwood_157.jpg,yes,leaf,skipped,"The leaf displays characteristic concentric ring spots; chlorotic halos; and necrotic lesions typical of Tomato Spotted Wilt Virus (TSWV) infection on a tomato leaf."
Tomato_Spotted_Wilt_Virus,Bugwood_125.jpg,yes,leaf,skipped,"The tomato leaves display dark brown to black necrotic ring spots and blotches with chlorotic halos; which are characteristic symptoms of Tomato Spotted Wilt Virus (TSWV) infection."
Tomato_Spotted_Wilt_Virus,Bugwood_123.jpg,yes,leaf,skipped,"The tomato leaves show characteristic TSWV symptoms including bronzing; necrotic spots; purple/brown discoloration; and distorted tissue consistent with Tomato Spotted Wilt Virus infection."
Tomato_Spotted_Wilt_Virus,Bugwood_179.jpg,yes,leaf,skipped,"The leaf displays characteristic ringspot and mosaic patterns with necrotic lesions consistent with Tomato Spotted Wilt Virus (TSWV) infection."
Tomato_Spotted_Wilt_Virus,Bugwood_187.jpg,yes,leaf,skipped,"The leaves display characteristic TSWV symptoms including necrotic ringspots with concentric zones; bronzing; distortion; and tip necrosis consistent with Tomato Spotted Wilt Virus infection."
Tomato_Spotted_Wilt_Virus,Bugwood_102.jpg,yes,stem,skipped,"The stem node shows dark streaking and necrotic lesions at the branch junction; which are consistent with Tomato Spotted Wilt Virus symptoms including bronzing and dark necrotic streaks on stems."
Tomato_Spotted_Wilt_Virus,Bugwood_148.jpg,yes,leaf,skipped,"The tomato leaves show characteristic TSWV symptoms including bronze/dark mottling; necrotic streaking; and leaf distortion/curling consistent with Tomato Spotted Wilt Virus infection."
Tomato_Spotted_Wilt_Virus,Bugwood_167.jpg,yes,pod,skipped,"The red bell pepper fruit displays characteristic ring spot and concentric circle lesions with yellow-orange halos typical of Tomato Spotted Wilt Virus (TSWV) infection on pepper fruit."
Tomato_Spotted_Wilt_Virus,Bugwood_109.jpg,yes,pod,skipped,"The tomato fruit displays characteristic concentric ring spots and irregular mottled discoloration patterns on the fruit surface; which are classic symptoms of Tomato Spotted Wilt Virus (TSWV) infection."
Tomato_Spotted_Wilt_Virus,Bugwood_161.jpg,yes,stem,skipped,"The tomato stem shows characteristic dark brown to purplish streaking and necrotic lesions consistent with Tomato Spotted Wilt Virus stem symptoms."
Tomato_Spotted_Wilt_Virus,Bugwood_177.jpg,yes,pod,skipped,"The pepper fruit displays characteristic TSWV symptoms including uneven ripening; yellow-orange streaking; and mottled discoloration patterns on the fruit surface consistent with Tomato Spotted Wilt Virus infection."
Tomato_Spotted_Wilt_Virus,Bugwood_110.jpg,yes,whole_plant,skipped,"The pepper plants show mosaic-like mottling; distorted leaves; and stunted growth consistent with Tomato Spotted Wilt Virus (TSWV) infection in field conditions."
Tomato_Spotted_Wilt_Virus,Bugwood_114.jpg,yes,stem,skipped,"The image shows tomato stems with characteristic brown streaking/necrotic lesions and distorted; curling leaves consistent with Tomato Spotted Wilt Virus infection."
Tomato_Spotted_Wilt_Virus,Bugwood_124.jpg,yes,leaf,skipped,"The leaf displays characteristic concentric ring spots and chlorotic ringlike patterns typical of Tomato Spotted Wilt Virus (TSWV) infection on a cucurbit or solanaceous host."
Tomato_Spotted_Wilt_Virus,Bugwood_127.jpg,yes,leaf,skipped,"The leaves display necrotic spots; bronzing; and dark lesions characteristic of Tomato Spotted Wilt Virus (TSWV) infection on what appears to be a brassica or similar broadleaf plant."
Tomato_Spotted_Wilt_Virus,Bugwood_130.jpg,yes,leaf,skipped,"The tomato leaves show characteristic TSWV symptoms including dark brown necrotic lesions; bronzing; and tissue death spreading from leaf margins and along veins; which are hallmark signs of Tomato Spotted Wilt Virus infection."
Tomato_Spotted_Wilt_Virus,Bugwood_184.jpg,yes,leaf,skipped,"The tomato leaves display characteristic Tomato Spotted Wilt Virus symptoms including dark bronze/purple mottling; necrotic spots; and leaf distortion consistent with TSWV infection."
Tomato_Spotted_Wilt_Virus,Bugwood_101.jpg,yes,whole_plant,skipped,"The tomato plants show characteristic TSWV symptoms including wilting; bronzing; necrosis; and collapse of foliage on affected plants contrasted against healthy neighboring plants; consistent with Tomato Spotted Wilt Virus infection."
Tomato_Spotted_Wilt_Virus,Bugwood_111.jpg,yes,pod,skipped,"The tomatoes display necrotic lesions; dark spots; and uneven ripening with green patches characteristic of Tomato Spotted Wilt Virus infection on fruit."
Tomato_Spotted_Wilt_Virus,Bugwood_172.jpg,yes,pod,skipped,"The pepper fruit shows characteristic distortion; mottling; and irregular surface wrinkling consistent with Tomato Spotted Wilt Virus infection; along with partially ripened (orange) coloration and stunted/deformed appearance typical of TSWV on Capsicum."
Verticillium_Wilt,LeafNet_112.jpg,yes,leaf,ref,"The leaf displays characteristic Verticillium wilt symptoms including yellowing (chlorosis); V-shaped or irregular brown necrotic lesions extending inward from the leaf margins; and progressive tissue death consistent with the disease description."
Verticillium_Wilt,LeafNet_111.jpg,yes,leaf,ref,"The image shows yellowing; wilting; and brown necrotic lesions on the leaf tissue consistent with Verticillium wilt symptoms; including the characteristic V-shaped or irregular necrotic areas extending from the leaf margins."
Verticillium_Wilt,LeafNet_157.jpg,yes,leaf,ref,"The leaf shows yellowing; necrotic browning; and discoloration consistent with Verticillium wilt symptoms; including interveinal chlorosis and brown necrotic lesions characteristic of this disease."
Verticillium_Wilt,Bugwood_18.jpg,yes,leaf,test,"The image shows tomato leaves with characteristic wilting; yellowing; and chlorotic/necrotic discoloration consistent with Verticillium wilt; including one-sided symptom expression and leaf curl typical of vascular wilt diseases."
Verticillium_Wilt,LeafNet_133.jpg,yes,leaf,test,"The leaf shows yellowing; brown necrotic lesions; and discoloration consistent with Verticillium wilt symptoms including the characteristic browning and yellowing pattern spreading from the leaf tissue."
Verticillium_Wilt,LeafNet_12.jpg,yes,leaf,test,"The image shows yellowing; browning necrotic lesions; and V-shaped discoloration patterns on leaves consistent with Verticillium wilt symptoms including interveinal chlorosis and necrotic tissue progressing from leaf margins inward."
Verticillium_Wilt,Bugwood_10.jpg,yes,whole_plant,ref,"The plant displays yellowing; interveinal chlorosis; necrotic lesions on lower leaves; and overall wilting/stunted appearance consistent with Verticillium wilt symptoms described; including one-sided or uneven symptom expression across the canopy."
Verticillium_Wilt,LeafNet_138.jpg,yes,leaf,test,"The image shows tomato leaves with yellowing; necrosis; browning; and tissue death consistent with Verticillium wilt symptoms including lower leaf yellowing and necrotic lesions progressing from margins."
Verticillium_Wilt,Bugwood_23.jpg,no,leaf,rejected,"The image shows numerous small; scattered brown spots/pustules across the leaves consistent with a fungal leaf spot or rust disease; rather than the characteristic V-shaped lesions from leaf margins; yellowing of lower leaves; or one-sided wilting symptoms typical of Verticillium wilt."
Verticillium_Wilt,LeafNet_145.jpg,yes,leaf,test,"The leaf shows interveinal yellowing (chlorosis) with retained green vascular tissue; marginal necrosis with brown lesions; and overall yellowing consistent with Verticillium wilt foliar symptoms including vascular discoloration patterns."
Verticillium_Wilt,LeafNet_140.jpg,yes,leaf,skipped,"The leaf shows classic Verticillium wilt symptoms including V-shaped necrotic lesions extending inward from the leaf margin; yellowing; and brown necrotic tissue consistent with the disease description."
Verticillium_Wilt,Bugwood_19.jpg,yes,leaf,skipped,"The tomato leaf shows classic Verticillium wilt symptoms including yellowing; V-shaped necrotic lesions extending inward from the leaf margin; and brown necrotic tissue consistent with the described disease."
Verticillium_Wilt,LeafNet_124.jpg,yes,leaf,skipped,"The leaf shows yellowing; browning necrotic tissue; and V-shaped lesions extending inward from the leaf margins; which are distinctive symptoms of Verticillium wilt as described."
Verticillium_Wilt,LeafNet_125.jpg,yes,leaf,skipped,"The leaf displays yellowing (chlorosis); brown necrotic lesions; and V-shaped or irregular necrotic areas extending inward from the margins; which are characteristic symptoms of Verticillium wilt on foliage."
Verticillium_Wilt,LeafNet_14.jpg,yes,leaf,skipped,"The leaf shows characteristic Verticillium wilt symptoms including yellowing and browning that appears to spread inward from the margins in a pattern consistent with V-shaped lesions; along with interveinal chlorosis and necrosis while lower/basal portions remain greener."
Verticillium_Wilt,LeafNet_115.jpg,yes,leaf,skipped,"The image shows a leaf with characteristic V-shaped yellowing/necrotic lesions extending inward from the leaf margin; consistent with Verticillium wilt symptoms; alongside what appears to be a cross-section of stem tissue showing vascular discoloration."
Verticillium_Wilt,LeafNet_118.jpg,yes,leaf,skipped,"The leaf shows yellowing; interveinal chlorosis; and brown necrotic lesions consistent with the foliar symptoms of Verticillium wilt; including the characteristic pattern of discoloration spreading inward from veinal areas."
Verticillium_Wilt,LeafNet_158.jpg,yes,leaf,skipped,"The leaf shows yellowing; brown necrotic tissue; and marginal necrosis consistent with V-shaped lesions and progressive tissue death characteristic of Verticillium wilt on foliar tissue."
Verticillium_Wilt,LeafNet_143.jpg,yes,leaf,skipped,"The leaf shows yellowing; brown necrotic lesions; and tissue death consistent with Verticillium wilt symptoms including interveinal chlorosis progressing to necrosis typical of this disease."
Verticillium_Wilt,LeafNet_108.jpg,yes,leaf,skipped,"The leaf shows yellowing along the margin and brown necrotic tissue with a V-shaped lesion pattern extending inward from the leaf edge; consistent with the described Verticillium wilt symptoms."
Verticillium_Wilt,LeafNet_101.jpg,yes,leaf,skipped,"The leaf displays characteristic Verticillium wilt symptoms including yellowing; V-shaped necrotic lesions extending inward from leaf margins; and brown necrotic tissue development consistent with the disease description."
Verticillium_Wilt,Bugwood_4.jpg,yes,whole_plant,ref,"The tomato plant shows classic Verticillium wilt symptoms including yellowing and wilting of leaves; brown necrotic lesions; V-shaped lesions at leaf margins; and widespread dieback of lower foliage consistent with the disease description."
Verticillium_Wilt,LeafNet_103.jpg,yes,leaf,skipped,"The leaf shows V-shaped necrotic lesions extending inward from the margin with surrounding yellowing (chlorosis); which are distinctive hallmark symptoms of Verticillium wilt as described."
Verticillium_Wilt,LeafNet_161.jpg,no,leaf,rejected,"The leaf shows dark necrotic spots and shot-hole damage (holes in the leaf blade) consistent with bacterial or fungal leaf spot diseases or insect feeding; but lacks the characteristic V-shaped marginal lesions; interveinal yellowing; or vascular streaking that are distinctive of Verticillium wilt."
Verticillium_Wilt,LeafNet_147.jpg,yes,leaf,skipped,"The leaf displays classic Verticillium wilt symptoms including yellowing (chlorosis); V-shaped or wedge-shaped necrotic lesion extending inward from the leaf margin; with browning and tissue death consistent with the disease description."
Verticillium_Wilt,LeafNet_119.jpg,yes,leaf,skipped,"The leaf shows yellowing; chlorosis; and brown necrotic lesions near the margins consistent with the V-shaped lesions and interveinal discoloration described for Verticillium wilt."
Verticillium_Wilt,LeafNet_15.jpg,yes,leaf,skipped,"The leaf shows yellowing; brown necrotic lesions; and wilting/curling consistent with the foliar symptoms of Verticillium wilt; including necrotic tissue development and chlorosis typical of this disease."
Verticillium_Wilt,Bugwood_9.jpg,yes,leaf,skipped,"The image shows potato leaves with characteristic Verticillium wilt symptoms including yellowing (chlorosis); brown necrotic lesions with V-shaped patterns extending from leaf margins; and leaf curling/wilting consistent with the described disease progression."
Verticillium_Wilt,LeafNet_153.jpg,yes,leaf,skipped,"The leaves show yellowing; necrotic brown spots/lesions; and chlorotic areas consistent with the foliar symptoms of Verticillium wilt; including tissue discoloration and early signs of leaf dieback."
Verticillium_Wilt,LeafNet_104.jpg,yes,leaf,skipped,"The tomato leaf displays yellowing; chlorotic patches; and necrotic lesions consistent with Verticillium wilt symptoms; including the characteristic interveinal yellowing and browning associated with vascular disruption caused by Verticillium species."
Verticillium_Wilt,Bugwood_17.jpg,yes,whole_plant,ref,"The tomato plant shows symptoms consistent with Verticillium wilt; including yellowing and wilting of lower leaves; leaf curling; and uneven symptom expression across branches; which are characteristic signs of this disease."
Verticillium_Wilt,LeafNet_117.jpg,yes,leaf,skipped,"The leaves display classic Verticillium wilt symptoms including yellowing; V-shaped necrotic lesions extending inward from leaf margins; and brown necrotic tissue development consistent with the disease description."
Verticillium_Wilt,LeafNet_128.jpg,yes,leaf,skipped,"The image shows leaves with yellowing (chlorosis); brown necrotic lesions; and tissue death consistent with Verticillium wilt symptoms including marginal necrosis and V-shaped lesion patterns described in the disease profile."
Verticillium_Wilt,LeafNet_131.jpg,yes,leaf,skipped,"The leaf shows yellowing; brown necrotic tissue with a V-shaped lesion extending inward from the leaf margin; and chlorotic areas consistent with Verticillium wilt symptoms described."
Verticillium_Wilt,LeafNet_141.jpg,yes,leaf,skipped,"The leaf shows yellowing (chlorosis) and brown necrotic lesions consistent with Verticillium wilt symptoms; including the characteristic interveinal yellowing and necrotic tissue development described for this disease."
Verticillium_Wilt,LeafNet_114.jpg,yes,leaf,skipped,"The leaf shows characteristic Verticillium wilt symptoms including yellowing; V-shaped lesion extending inward from the leaf margin; and brown necrotic tissue within the lesion."
Verticillium_Wilt,LeafNet_163.jpg,yes,leaf,skipped,"The leaf shows yellowing; V-shaped necrotic lesions extending from the margin; and brown necrotic tissue consistent with Verticillium wilt symptoms described."
Verticillium_Wilt,LeafNet_121.jpg,yes,leaf,skipped,"The leaf displays yellowing; chlorosis; and brown necrotic lesions consistent with Verticillium wilt symptoms; including the characteristic marginal necrosis and yellowing pattern described for this disease."
Verticillium_Wilt,LeafNet_151.jpg,no,leaf,rejected,"The leaf shows a large; irregularly shaped necrotic lesion that appears to be caused by mechanical damage or a fungal pathogen like early blight; rather than the characteristic V-shaped lesions extending from leaf margins or vascular streaking associated with Verticillium wilt."
Verticillium_Wilt,Bugwood_20.jpg,yes,leaf,skipped,"The tomato leaflet shows yellowing; chlorosis; and a dark necrotic lesion consistent with Verticillium wilt symptoms; including the characteristic one-sided or partial leaflet symptom expression and yellowing associated with vascular disruption."
Verticillium_Wilt,LeafNet_107.jpg,yes,leaf,skipped,"The leaf shows yellowing; interveinal chlorosis; and necrotic lesions consistent with Verticillium wilt symptoms including the characteristic yellowing and brown necrotic tissue development typical of this disease."
Verticillium_Wilt,Bugwood_6.jpg,yes,leaf,skipped,"The image shows potato leaves with yellowing; marginal necrosis; and browning consistent with Verticillium wilt symptoms including V-shaped or marginal lesions and chlorosis progressing inward from leaf edges."
Verticillium_Wilt,LeafNet_11.jpg,yes,leaf,skipped,"The leaf displays classic Verticillium wilt symptoms including yellowing; brown necrotic tissue; and V-shaped lesions extending inward from the leaf margins with surrounding chlorosis."
Verticillium_Wilt,LeafNet_110.jpg,yes,leaf,skipped,"The leaf displays classic Verticillium wilt symptoms including yellowing (chlorosis); brown necrotic tissue; and a V-shaped lesion extending inward from the leaf margin; consistent with the described disease symptoms."
Verticillium_Wilt,Bugwood_26.jpg,yes,whole_plant,skipped,"The tomato plants show classic Verticillium wilt symptoms including lower leaf yellowing and browning; wilting of lower foliage; necrotic leaf tissue; and a gradient of symptom severity across the row consistent with soilborne vascular infection."
Verticillium_Wilt,LeafNet_134.jpg,yes,leaf,skipped,"The leaf shows yellowing (chlorosis) with a brown necrotic lesion extending inward from the margin and a yellow halo; consistent with the V-shaped lesions and yellowing of lower leaves described for Verticillium wilt."
Verticillium_Wilt,LeafNet_13.jpg,yes,leaf,skipped,"The leaf displays classic Verticillium wilt symptoms including yellowing/chlorosis; V-shaped or wedge-shaped lesions extending inward from the leaf margin; and brown necrotic tissue within the lesions."
Verticillium_Wilt,LeafNet_129.jpg,yes,leaf,skipped,"The image shows yellowing (chlorosis) and brown necrotic lesions on the leaf margins consistent with the V-shaped lesions and progressive necrosis characteristic of Verticillium wilt."
Verticillium_Wilt,Bugwood_16.jpg,yes,whole_plant,skipped,"The eggplant shows classic Verticillium wilt symptoms including yellowing and necrosis of lower leaves with interveinal chlorosis; V-shaped lesions at leaf margins; wilting; and uneven symptom distribution across the plant consistent with vascular disease."
Verticillium_Wilt,LeafNet_105.jpg,yes,leaf,skipped,"The leaf shows brown necrotic lesions with a V-shaped pattern extending inward from the leaf margin; yellowing; and interveinal chlorosis consistent with Verticillium wilt symptoms described."
Verticillium_Wilt,LeafNet_164.jpg,yes,leaf,skipped,"The leaf shows yellowing (chlorosis) on one side; brown necrotic tissue; and asymmetric symptom expression consistent with Verticillium wilt's characteristic one-sided yellowing and necrosis."
Verticillium_Wilt,LeafNet_116.jpg,yes,leaf,skipped,"The image shows yellowing and brown necrotic lesions on the leaves consistent with Verticillium wilt symptoms; including interveinal chlorosis and browning that align with the described foliar symptoms of this disease."
Verticillium_Wilt,Bugwood_11.jpg,yes,leaf,skipped,"The image shows leaves with dark brown necrotic lesions surrounded by yellowing (chlorosis); which is consistent with Verticillium wilt symptoms including leaf yellowing; necrotic tissue development; and the characteristic pattern of browning with surrounding chlorotic halos on foliar tissue."
Verticillium_Wilt,LeafNet_120.jpg,yes,leaf,skipped,"The leaf displays characteristic Verticillium wilt symptoms including yellowing (chlorosis); brown necrotic lesions; and interveinal discoloration consistent with vascular dysfunction described for this disease."
Verticillium_Wilt,Bugwood_24.jpg,yes,leaf,skipped,"The leaf displays classic Verticillium wilt symptoms including V-shaped necrotic lesions extending inward from the leaf margins; yellowing (chlorosis) surrounding brown necrotic areas; and marginal browning consistent with the disease description."
Verticillium_Wilt,LeafNet_109.jpg,yes,leaf,skipped,"The leaf shows yellowing; brown necrotic lesions; and marginal necrosis consistent with Verticillium wilt symptoms including the characteristic yellowing and browning patterns described for this disease."
Verticillium_Wilt,LeafNet_127.jpg,yes,leaf,skipped,"The leaf shows yellowing; wilting; and necrotic lesions with brown discoloration consistent with Verticillium wilt symptoms including marginal necrosis and tissue collapse."
Verticillium_Wilt,LeafNet_136.jpg,yes,leaf,skipped,"The leaf shows yellowing; browning necrotic tissue; and marginal lesions consistent with Verticillium wilt symptoms including chlorosis and necrosis extending inward from leaf margins."
Verticillium_Wilt,Bugwood_5.jpg,yes,leaf,skipped,"The tomato plant shows yellowing (chlorosis) of leaves with interveinal patterns and some leaf distortion/curling consistent with Verticillium wilt symptoms; particularly the yellowing starting on lower/middle foliage that is characteristic of this disease."
Verticillium_Wilt,LeafNet_130.jpg,yes,leaf,skipped,"The leaf shows yellowing; brown necrotic lesions; and tissue death consistent with Verticillium wilt symptoms including necrotic areas extending from leaf margins."
Verticillium_Wilt,Bugwood_7.jpg,yes,stem,ref,"The longitudinal cross-section of the stem shows the characteristic light brown to cream-colored vascular streaking beneath the outer green tissue; which is a hallmark symptom of Verticillium wilt."
Verticillium_Wilt,Bugwood_14.jpg,no,leaf,rejected,"The leaf shows numerous small circular spots with shot-hole appearance (necrotic lesions dropping out) and some yellowing; which is more consistent with a fungal leaf spot or bacterial disease rather than the V-shaped marginal lesions and vascular streaking characteristic of Verticillium wilt."
Verticillium_Wilt,Bugwood_15.jpg,yes,leaf,skipped,"The tomato leaf displays a characteristic V-shaped necrotic lesion extending inward from the leaf margin with yellowing transitioning to brown necrotic tissue; which is a hallmark symptom of Verticillium wilt."
Verticillium_Wilt,LeafNet_135.jpg,yes,leaf,skipped,"The leaf shows classic Verticillium wilt symptoms including yellowing (chlorosis) radiating inward from the margins; V-shaped lesion patterns; brown necrotic tissue at the edges; and a still-green central vein area; consistent with the described foliar symptoms."
Verticillium_Wilt,LeafNet_149.jpg,yes,leaf,skipped,"The leaf shows yellowing; brown necrotic lesions; and irregular dark necrotic patches consistent with Verticillium wilt symptoms including chlorosis and tissue death progressing from localized lesions."
Verticillium_Wilt,Bugwood_27.jpg,yes,leaf,skipped,"The soybean leaf displays characteristic Verticillium wilt symptoms including yellowing and a V-shaped chlorotic/necrotic lesion extending inward from the leaf margin with browning at the tip; consistent with the disease description."
Verticillium_Wilt,LeafNet_146.jpg,yes,leaf,skipped,"The leaf shows yellowing (chlorosis) with brown necrotic lesions extending inward from the leaf margin in a V-shaped pattern; along with green remaining tissue; which is characteristic of Verticillium wilt foliar symptoms."
Verticillium_Wilt,LeafNet_113.jpg,yes,leaf,skipped,"The leaf shows yellowing; brown necrotic lesions; and V-shaped discoloration extending inward from the margins; which are characteristic symptoms of Verticillium wilt as described."
Verticillium_Wilt,LeafNet_156.jpg,yes,leaf,skipped,"The leaf displays classic Verticillium wilt symptoms including yellowing; browning necrotic lesions; and interveinal chlorosis consistent with the described foliar symptoms of this disease."
Verticillium_Wilt,Bugwood_3.jpg,yes,whole_plant,skipped,"The tomato plants show classic Verticillium wilt symptoms including lower leaf yellowing; wilting and drooping foliage; browning and necrosis of lower leaves; and a progression of symptoms across the plant consistent with vascular wilt disease."
Verticillium_Wilt,Bugwood_1.jpg,yes,leaf,skipped,"The tomato leaves display V-shaped yellow lesions extending inward from leaf margins with brown necrotic tissue; which are hallmark symptoms of Verticillium wilt as described."
Verticillium_Wilt,LeafNet_160.jpg,yes,leaf,skipped,"The leaf shows a large necrotic lesion with yellowing (chlorosis) surrounding it; consistent with the V-shaped or margin-originating brown necrotic lesions and yellowing characteristic of Verticillium wilt on foliar tissue."
Verticillium_Wilt,LeafNet_126.jpg,yes,leaf,skipped,"The leaf shows yellowing; brown necrotic lesions; and interveinal discoloration consistent with Verticillium wilt symptoms including V-shaped lesions and progressive necrotic tissue development described in the disease profile."
Verticillium_Wilt,LeafNet_159.jpg,yes,leaf,skipped,"The leaf shows yellowing; V-shaped lesions extending inward from the margins; and brown necrotic tissue within the lesions; which are hallmark symptoms of Verticillium wilt as described."
Verticillium_Wilt,LeafNet_122.jpg,yes,leaf,skipped,"The leaf shows yellowing; V-shaped or angular necrotic lesions with brown discoloration extending inward from margins; and interveinal chlorosis consistent with Verticillium wilt symptoms described."
Verticillium_Wilt,LeafNet_155.jpg,yes,leaf,skipped,"The leaf shows a V-shaped necrotic lesion extending inward from the leaf margin with browning and yellowing consistent with Verticillium wilt symptoms described."
Verticillium_Wilt,Bugwood_8.jpg,yes,leaf,skipped,"The tomato leaf displays yellowing (chlorosis) with a necrotic lesion consistent with V-shaped or marginal lesions and vascular involvement characteristic of Verticillium wilt."
Verticillium_Wilt,LeafNet_139.jpg,yes,leaf,skipped,"The leaf shows yellowing (chlorosis) with brown necrotic spots and interveinal discoloration consistent with Verticillium wilt foliar symptoms; including the yellowing and necrotic tissue development described for this disease."
Verticillium_Wilt,LeafNet_150.jpg,yes,leaf,skipped,"The leaf shows yellowing; brown necrotic lesions; and tissue death consistent with Verticillium wilt symptoms including chlorosis and necrotic lesions progressing from the margins inward."
Verticillium_Wilt,LeafNet_144.jpg,yes,leaf,skipped,"The leaf displays characteristic Verticillium wilt symptoms including yellowing; V-shaped or wedge-shaped necrotic lesions extending inward from the leaf margins; and brown necrotic tissue within the lesions; consistent with the disease description."
Verticillium_Wilt,LeafNet_132.jpg,yes,leaf,skipped,"The leaf shows yellowing (chlorosis) and a necrotic lesion consistent with Verticillium wilt symptoms; including marginal yellowing and browning characteristic of this disease."
Verticillium_Wilt,LeafNet_100.jpg,yes,leaf,skipped,"The leaf shows yellowing (chlorosis) and brown necrotic lesions consistent with Verticillium wilt symptoms; including the characteristic yellowing and browning pattern associated with this disease."
Verticillium_Wilt,LeafNet_1.jpg,yes,leaf,skipped,"The leaf shows yellowing; marginal browning; and necrotic lesions consistent with Verticillium wilt symptoms including chlorosis and brown necrotic tissue development from the leaf margins inward."
Verticillium_Wilt,LeafNet_154.jpg,yes,leaf,skipped,"The leaf shows yellowing; V-shaped necrotic lesions extending inward from the margins; and browning of tissue consistent with Verticillium wilt symptoms described."
Verticillium_Wilt,LeafNet_162.jpg,yes,leaf,skipped,"The leaf shows yellowing; wilting; and brown necrotic lesions consistent with Verticillium wilt symptoms including marginal necrosis and chlorosis characteristic of this disease."
Verticillium_Wilt,Bugwood_13.jpg,no,pod,rejected,"The image shows tomato fruits with sunscald injury (white; bleached patches on the fruit surface) and some foliage browning; but does not display the characteristic Verticillium wilt symptoms such as V-shaped leaf lesions; vascular streaking in stems; or one-sided wilting."
Verticillium_Wilt,LeafNet_123.jpg,yes,leaf,skipped,"The leaf shows necrotic; tan-colored lesions at the margin that are consistent with the V-shaped or marginal necrotic lesions described for Verticillium wilt; along with some scattered brown spots typical of disease progression."
Verticillium_Wilt,LeafNet_142.jpg,yes,leaf,skipped,"The leaf displays yellowing (chlorosis) with orange-yellow interveinal discoloration and brown necrotic lesions consistent with the V-shaped or marginal lesions and progressive necrosis characteristic of Verticillium wilt on tomato foliage."
Verticillium_Wilt,Bugwood_2.jpg,yes,leaf,skipped,"The tomato leaf displays a yellowing/chlorotic lesion with a V-shaped pattern extending inward from the midrib area; consistent with the vascular discoloration and one-sided yellowing characteristic of Verticillium wilt."
Verticillium_Wilt,LeafNet_137.jpg,yes,leaf,skipped,"The leaf displays a V-shaped necrotic lesion extending inward from the leaf margin with yellowing and brown necrotic tissue; which are classic visual symptoms of Verticillium wilt as described."
Verticillium_Wilt,LeafNet_152.jpg,yes,leaf,skipped,"The leaf shows V-shaped or angular necrotic lesions with yellow chlorotic halos and brown dead tissue progressing inward from the margins; consistent with the distinctive foliar symptoms of Verticillium wilt."
Verticillium_Wilt,Bugwood_21.jpg,yes,leaf,skipped,"The image shows tomato leaves with characteristic yellowing (chlorosis) that is uneven and patchy; consistent with Verticillium wilt's interveinal chlorosis and early yellowing symptoms affecting lower and mid-canopy leaves."
Verticillium_Wilt,Bugwood_25.jpg,yes,leaf,skipped,"The leaf shows yellowing; interveinal chlorosis; small necrotic spots with shot-hole appearance; and marginal necrosis consistent with Verticillium wilt foliar symptoms including one-sided or patchy symptom expression on the leaf tissue."
Verticillium_Wilt,LeafNet_10.jpg,yes,leaf,skipped,"The image shows tomato leaflets with yellowing; marginal necrosis; and V-shaped lesions extending inward from leaf margins; which are characteristic symptoms of Verticillium wilt as described."
Verticillium_Wilt,LeafNet_102.jpg,yes,leaf,skipped,"The leaf displays yellowing; brown necrotic lesions; and interveinal chlorosis consistent with Verticillium wilt foliar symptoms; including the characteristic progression of yellowing and browning typical of this disease."
Verticillium_Wilt,LeafNet_106.jpg,yes,leaf,skipped,"The leaf shows yellowing; brown necrotic lesions with concentric patterns; and marginal necrosis consistent with Verticillium wilt symptoms including chlorosis and necrotic tissue development described in the disease profile."
Verticillium_Wilt,LeafNet_16.jpg,yes,leaf,skipped,"The leaf displays classic Verticillium wilt symptoms including yellowing; brown necrotic tissue; and V-shaped lesions extending inward from the leaf margins; consistent with the described disease."
Verticillium_Wilt,Bugwood_12.jpg,yes,whole_plant,skipped,"The tomato plant displays characteristic Verticillium wilt symptoms including wilting and drooping of branches with leaves that appear to curl and collapse; consistent with vascular wilt disease affecting the whole plant."
Verticillium_Wilt,Bugwood_22.jpg,yes,leaf,skipped,"The tomato leaf shows yellowing; wilting; and irregular brown necrotic lesions consistent with Verticillium wilt symptoms; including the progressive tissue death and leaf curl characteristic of this disease."
Verticillium_Wilt,LeafNet_148.jpg,yes,leaf,skipped,"The leaf displays classic Verticillium wilt symptoms including yellowing (chlorosis); brown necrotic lesions; and marginal browning consistent with the described V-shaped lesions and progressive necrosis moving inward from leaf margins."
